[
    {
        "client_msg_id": "ccc135f3-d562-42ab-83b9-ede567ad4f06",
        "type": "message",
        "text": "<@UTP4932RW> do you want to work with Rafael on making the updates to the cash file (formatting to group LL &amp; Dunhill, Add Qwinzy and Certificates as inflows)?",
        "user": "UTRAESNUW",
        "ts": "1590687617.001300",
        "team": "TTP4V3YS1",
        "user_team": "TTP4V3YS1",
        "source_team": "TTP4V3YS1",
        "user_profile": {
            "avatar_hash": "g8d095fb8b4a",
            "image_72": "https:\/\/secure.gravatar.com\/avatar\/8d095fb8b4ad808e7f2252ed0c896b65.jpg?s=72&d=https%3A%2F%2Fa.slack-edge.com%2Fdf10d%2Fimg%2Favatars%2Fava_0025-72.png",
            "first_name": "Jeff",
            "real_name": "Jeff",
            "display_name": "",
            "team": "TTP4V3YS1",
            "name": "jeff",
            "is_restricted": false,
            "is_ultra_restricted": false
        },
        "blocks": [
            {
                "type": "rich_text",
                "block_id": "QftSP",
                "elements": [
                    {
                        "type": "rich_text_section",
                        "elements": [
                            {
                                "type": "user",
                                "user_id": "UTP4932RW"
                            },
                            {
                                "type": "text",
                                "text": " do you want to work with Rafael on making the updates to the cash file (formatting to group LL & Dunhill, Add Qwinzy and Certificates as inflows)?"
                            }
                        ]
                    }
                ]
            }
        ]
    },
    {
        "client_msg_id": "5dcdb5da-e2ff-4548-bf29-5de6947bc00a",
        "type": "message",
        "text": "Will do. I was already planning on doing some rebuilding by next week so this is actually great timing.",
        "user": "UTP4932RW",
        "ts": "1590687676.002200",
        "team": "TTP4V3YS1",
        "user_team": "TTP4V3YS1",
        "source_team": "TTP4V3YS1",
        "user_profile": {
            "avatar_hash": "74e069427e2a",
            "image_72": "https:\/\/avatars.slack-edge.com\/2020-05-19\/1127425449142_74e069427e2aaa40f188_72.jpg",
            "first_name": "Anthony",
            "real_name": "Anthony R. Illobre",
            "display_name": "ARI",
            "team": "TTP4V3YS1",
            "name": "anthony",
            "is_restricted": false,
            "is_ultra_restricted": false
        },
        "blocks": [
            {
                "type": "rich_text",
                "block_id": "tQc",
                "elements": [
                    {
                        "type": "rich_text_section",
                        "elements": [
                            {
                                "type": "text",
                                "text": "Will do. I was already planning on doing some rebuilding by next week so this is actually great timing."
                            }
                        ]
                    }
                ]
            }
        ]
    },
    {
        "client_msg_id": "b60ce60e-6f55-4e6b-a854-8b850c5e0d51",
        "type": "message",
        "text": "perfect. Thanks!",
        "user": "UTRAESNUW",
        "ts": "1590688727.002400",
        "team": "TTP4V3YS1",
        "user_team": "TTP4V3YS1",
        "source_team": "TTP4V3YS1",
        "user_profile": {
            "avatar_hash": "g8d095fb8b4a",
            "image_72": "https:\/\/secure.gravatar.com\/avatar\/8d095fb8b4ad808e7f2252ed0c896b65.jpg?s=72&d=https%3A%2F%2Fa.slack-edge.com%2Fdf10d%2Fimg%2Favatars%2Fava_0025-72.png",
            "first_name": "Jeff",
            "real_name": "Jeff",
            "display_name": "",
            "team": "TTP4V3YS1",
            "name": "jeff",
            "is_restricted": false,
            "is_ultra_restricted": false
        },
        "blocks": [
            {
                "type": "rich_text",
                "block_id": "ZuUM",
                "elements": [
                    {
                        "type": "rich_text_section",
                        "elements": [
                            {
                                "type": "text",
                                "text": "perfect. Thanks!"
                            }
                        ]
                    }
                ]
            }
        ]
    }
]