[
    {
        "client_msg_id": "60be727b-0768-477e-8097-d54bcae30abd",
        "type": "message",
        "text": "<@UTRAESNUW> V15 of the AH model is saved in dropbox. To switch between the (non)compounding churn membership models, you just have to paste-replace 'Membership Model Compound Churn'! for 'Membership Model No Churn Compo'! on the model tab",
        "user": "UTP4932RW",
        "ts": "1583449548.002200",
        "team": "TTP4V3YS1",
        "user_team": "TTP4V3YS1",
        "source_team": "TTP4V3YS1",
        "user_profile": {
            "avatar_hash": "74e069427e2a",
            "image_72": "https:\/\/avatars.slack-edge.com\/2020-05-19\/1127425449142_74e069427e2aaa40f188_72.jpg",
            "first_name": "Anthony",
            "real_name": "Anthony R. Illobre",
            "display_name": "ARI",
            "team": "TTP4V3YS1",
            "name": "anthony",
            "is_restricted": false,
            "is_ultra_restricted": false
        },
        "blocks": [
            {
                "type": "rich_text",
                "block_id": "eLRL+",
                "elements": [
                    {
                        "type": "rich_text_section",
                        "elements": [
                            {
                                "type": "user",
                                "user_id": "UTRAESNUW"
                            },
                            {
                                "type": "text",
                                "text": " V15 of the AH model is saved in dropbox. To switch between the (non)compounding churn membership models, you just have to paste-replace 'Membership Model Compound Churn'! for 'Membership Model No Churn Compo'! on the model tab"
                            }
                        ]
                    }
                ]
            }
        ]
    }
]