[
    {
        "type": "message",
        "subtype": "channel_join",
        "ts": "1582836671.000200",
        "user": "UTP4932RW",
        "text": "<@UTP4932RW> has joined the channel"
    },
    {
        "type": "message",
        "subtype": "channel_purpose",
        "ts": "1582836671.000300",
        "user": "UTP4932RW",
        "text": "<@UTP4932RW> set the channel purpose: Online Vacation Center Holdings",
        "purpose": "Online Vacation Center Holdings"
    },
    {
        "type": "message",
        "subtype": "channel_join",
        "ts": "1582836675.000500",
        "user": "UTRAESNUW",
        "text": "<@UTRAESNUW> has joined the channel",
        "inviter": "UTP4932RW"
    },
    {
        "client_msg_id": "22644493-3186-49ff-b0cb-842f7e0c195f",
        "type": "message",
        "text": "The Model tab in the harper model is set for printing.\nv11b\nI'll work on the other ones.",
        "user": "UTP4932RW",
        "ts": "1582836752.001400",
        "team": "TTP4V3YS1",
        "user_team": "TTP4V3YS1",
        "source_team": "TTP4V3YS1",
        "user_profile": {
            "avatar_hash": "74e069427e2a",
            "image_72": "https:\/\/avatars.slack-edge.com\/2020-05-19\/1127425449142_74e069427e2aaa40f188_72.jpg",
            "first_name": "Anthony",
            "real_name": "Anthony R. Illobre",
            "display_name": "ARI",
            "team": "TTP4V3YS1",
            "name": "anthony",
            "is_restricted": false,
            "is_ultra_restricted": false
        },
        "blocks": [
            {
                "type": "rich_text",
                "block_id": "ndIPL",
                "elements": [
                    {
                        "type": "rich_text_section",
                        "elements": [
                            {
                                "type": "text",
                                "text": "The Model tab in the harper model is set for printing.\nv11b\nI'll work on the other ones."
                            }
                        ]
                    }
                ]
            }
        ]
    },
    {
        "client_msg_id": "e9277636-f410-4e76-8a49-51ec6337076e",
        "type": "message",
        "text": "Thanks! What other ones?",
        "user": "UTRAESNUW",
        "ts": "1582836822.001600",
        "team": "TTP4V3YS1",
        "user_team": "TTP4V3YS1",
        "source_team": "TTP4V3YS1",
        "user_profile": {
            "avatar_hash": "g8d095fb8b4a",
            "image_72": "https:\/\/secure.gravatar.com\/avatar\/8d095fb8b4ad808e7f2252ed0c896b65.jpg?s=72&d=https%3A%2F%2Fa.slack-edge.com%2Fdf10d%2Fimg%2Favatars%2Fava_0025-72.png",
            "first_name": "Jeff",
            "real_name": "Jeff",
            "display_name": "",
            "team": "TTP4V3YS1",
            "name": "jeff",
            "is_restricted": false,
            "is_ultra_restricted": false
        },
        "blocks": [
            {
                "type": "rich_text",
                "block_id": "SGUL",
                "elements": [
                    {
                        "type": "rich_text_section",
                        "elements": [
                            {
                                "type": "text",
                                "text": "Thanks! What other ones?"
                            }
                        ]
                    }
                ]
            }
        ]
    },
    {
        "client_msg_id": "55ee727d-b20b-4717-ae48-e7f5f62de7fc",
        "type": "message",
        "text": "Just need summary I think",
        "user": "UTRAESNUW",
        "ts": "1582836830.002000",
        "team": "TTP4V3YS1",
        "user_team": "TTP4V3YS1",
        "source_team": "TTP4V3YS1",
        "user_profile": {
            "avatar_hash": "g8d095fb8b4a",
            "image_72": "https:\/\/secure.gravatar.com\/avatar\/8d095fb8b4ad808e7f2252ed0c896b65.jpg?s=72&d=https%3A%2F%2Fa.slack-edge.com%2Fdf10d%2Fimg%2Favatars%2Fava_0025-72.png",
            "first_name": "Jeff",
            "real_name": "Jeff",
            "display_name": "",
            "team": "TTP4V3YS1",
            "name": "jeff",
            "is_restricted": false,
            "is_ultra_restricted": false
        },
        "blocks": [
            {
                "type": "rich_text",
                "block_id": "oO2",
                "elements": [
                    {
                        "type": "rich_text_section",
                        "elements": [
                            {
                                "type": "text",
                                "text": "Just need summary I think"
                            }
                        ]
                    }
                ]
            }
        ]
    },
    {
        "client_msg_id": "026a04b2-5517-4b04-8870-1842a84cf66d",
        "type": "message",
        "text": "Ok Summary is done",
        "user": "UTP4932RW",
        "ts": "1582836939.002300",
        "team": "TTP4V3YS1",
        "user_team": "TTP4V3YS1",
        "source_team": "TTP4V3YS1",
        "user_profile": {
            "avatar_hash": "74e069427e2a",
            "image_72": "https:\/\/avatars.slack-edge.com\/2020-05-19\/1127425449142_74e069427e2aaa40f188_72.jpg",
            "first_name": "Anthony",
            "real_name": "Anthony R. Illobre",
            "display_name": "ARI",
            "team": "TTP4V3YS1",
            "name": "anthony",
            "is_restricted": false,
            "is_ultra_restricted": false
        },
        "blocks": [
            {
                "type": "rich_text",
                "block_id": "4+XM",
                "elements": [
                    {
                        "type": "rich_text_section",
                        "elements": [
                            {
                                "type": "text",
                                "text": "Ok Summary is done"
                            }
                        ]
                    }
                ]
            }
        ]
    },
    {
        "client_msg_id": "2d350b5b-0661-4c79-b96b-9080075ae611",
        "type": "message",
        "text": "<@UTP4932RW> Hey. Anyway to get revenues on one page and expenses on another? Trying to print and not sure it's usable the way we have it formatted",
        "user": "UTRAESNUW",
        "ts": "1582838337.003100",
        "team": "TTP4V3YS1",
        "user_team": "TTP4V3YS1",
        "source_team": "TTP4V3YS1",
        "user_profile": {
            "avatar_hash": "g8d095fb8b4a",
            "image_72": "https:\/\/secure.gravatar.com\/avatar\/8d095fb8b4ad808e7f2252ed0c896b65.jpg?s=72&d=https%3A%2F%2Fa.slack-edge.com%2Fdf10d%2Fimg%2Favatars%2Fava_0025-72.png",
            "first_name": "Jeff",
            "real_name": "Jeff",
            "display_name": "",
            "team": "TTP4V3YS1",
            "name": "jeff",
            "is_restricted": false,
            "is_ultra_restricted": false
        },
        "blocks": [
            {
                "type": "rich_text",
                "block_id": "qVNDq",
                "elements": [
                    {
                        "type": "rich_text_section",
                        "elements": [
                            {
                                "type": "user",
                                "user_id": "UTP4932RW"
                            },
                            {
                                "type": "text",
                                "text": " Hey. Anyway to get revenues on one page and expenses on another? Trying to print and not sure it's usable the way we have it formatted"
                            }
                        ]
                    }
                ]
            }
        ]
    },
    {
        "client_msg_id": "85471cf1-e025-4f37-8431-51a2dfaf4c80",
        "type": "message",
        "text": "I can't get all the exps on 1 page, but I can separate rev from cogs (v11c). There're way too many exp lines to get them on 1 page without making everything really small. That's why I tried to separate the exp sections onto separate pages.",
        "user": "UTP4932RW",
        "ts": "1582839425.005100",
        "team": "TTP4V3YS1",
        "user_team": "TTP4V3YS1",
        "source_team": "TTP4V3YS1",
        "user_profile": {
            "avatar_hash": "74e069427e2a",
            "image_72": "https:\/\/avatars.slack-edge.com\/2020-05-19\/1127425449142_74e069427e2aaa40f188_72.jpg",
            "first_name": "Anthony",
            "real_name": "Anthony R. Illobre",
            "display_name": "ARI",
            "team": "TTP4V3YS1",
            "name": "anthony",
            "is_restricted": false,
            "is_ultra_restricted": false
        },
        "blocks": [
            {
                "type": "rich_text",
                "block_id": "hG5qD",
                "elements": [
                    {
                        "type": "rich_text_section",
                        "elements": [
                            {
                                "type": "text",
                                "text": "I can't get all the exps on 1 page, but I can separate rev from cogs (v11c). There're way too many exp lines to get them on 1 page without making everything really small. That's why I tried to separate the exp sections onto separate pages."
                            }
                        ]
                    }
                ]
            }
        ]
    },
    {
        "client_msg_id": "845ace40-52f5-46b4-9d76-ed34905e419f",
        "type": "message",
        "text": "OK thanks!",
        "user": "UTRAESNUW",
        "ts": "1582841887.000200",
        "team": "TTP4V3YS1",
        "user_team": "TTP4V3YS1",
        "source_team": "TTP4V3YS1",
        "user_profile": {
            "avatar_hash": "g8d095fb8b4a",
            "image_72": "https:\/\/secure.gravatar.com\/avatar\/8d095fb8b4ad808e7f2252ed0c896b65.jpg?s=72&d=https%3A%2F%2Fa.slack-edge.com%2Fdf10d%2Fimg%2Favatars%2Fava_0025-72.png",
            "first_name": "Jeff",
            "real_name": "Jeff",
            "display_name": "",
            "team": "TTP4V3YS1",
            "name": "jeff",
            "is_restricted": false,
            "is_ultra_restricted": false
        },
        "blocks": [
            {
                "type": "rich_text",
                "block_id": "dgh0Y",
                "elements": [
                    {
                        "type": "rich_text_section",
                        "elements": [
                            {
                                "type": "text",
                                "text": "OK thanks!"
                            }
                        ]
                    }
                ]
            }
        ]
    },
    {
        "client_msg_id": "bd735036-99fc-4df5-b15f-59e9cb819429",
        "type": "message",
        "text": "I think we are just going to use the Summarized Expense lines. We can discuss tomorrow. Thanks again!",
        "user": "UTRAESNUW",
        "ts": "1582842273.000700",
        "team": "TTP4V3YS1",
        "user_team": "TTP4V3YS1",
        "source_team": "TTP4V3YS1",
        "user_profile": {
            "avatar_hash": "g8d095fb8b4a",
            "image_72": "https:\/\/secure.gravatar.com\/avatar\/8d095fb8b4ad808e7f2252ed0c896b65.jpg?s=72&d=https%3A%2F%2Fa.slack-edge.com%2Fdf10d%2Fimg%2Favatars%2Fava_0025-72.png",
            "first_name": "Jeff",
            "real_name": "Jeff",
            "display_name": "",
            "team": "TTP4V3YS1",
            "name": "jeff",
            "is_restricted": false,
            "is_ultra_restricted": false
        },
        "blocks": [
            {
                "type": "rich_text",
                "block_id": "=dK=a",
                "elements": [
                    {
                        "type": "rich_text_section",
                        "elements": [
                            {
                                "type": "text",
                                "text": "I think we are just going to use the Summarized Expense lines. We can discuss tomorrow. Thanks again!"
                            }
                        ]
                    }
                ]
            }
        ]
    }
]