[
    {
        "client_msg_id": "13c82a4c-e590-463c-aecd-09f0882a7e91",
        "type": "message",
        "text": "<@UTP4932RW> Is this the file? ClientPayables_20200502_v2.xlsm",
        "user": "UTRAESNUW",
        "ts": "1588944865.011200",
        "team": "TTP4V3YS1",
        "user_team": "TTP4V3YS1",
        "source_team": "TTP4V3YS1",
        "user_profile": {
            "avatar_hash": "g8d095fb8b4a",
            "image_72": "https:\/\/secure.gravatar.com\/avatar\/8d095fb8b4ad808e7f2252ed0c896b65.jpg?s=72&d=https%3A%2F%2Fa.slack-edge.com%2Fdf10d%2Fimg%2Favatars%2Fava_0025-72.png",
            "first_name": "Jeff",
            "real_name": "Jeff",
            "display_name": "",
            "team": "TTP4V3YS1",
            "name": "jeff",
            "is_restricted": false,
            "is_ultra_restricted": false
        },
        "blocks": [
            {
                "type": "rich_text",
                "block_id": "sNV",
                "elements": [
                    {
                        "type": "rich_text_section",
                        "elements": [
                            {
                                "type": "user",
                                "user_id": "UTP4932RW"
                            },
                            {
                                "type": "text",
                                "text": " Is this the file? ClientPayables_20200502_v2.xlsm"
                            }
                        ]
                    }
                ]
            }
        ]
    },
    {
        "client_msg_id": "bef95b14-a6e5-4b59-8f7d-e13d8606ec7e",
        "type": "message",
        "text": "Yep",
        "user": "UTP4932RW",
        "ts": "1588944909.011400",
        "team": "TTP4V3YS1",
        "user_team": "TTP4V3YS1",
        "source_team": "TTP4V3YS1",
        "user_profile": {
            "avatar_hash": "74e069427e2a",
            "image_72": "https:\/\/avatars.slack-edge.com\/2020-05-19\/1127425449142_74e069427e2aaa40f188_72.jpg",
            "first_name": "Anthony",
            "real_name": "Anthony R. Illobre",
            "display_name": "ARI",
            "team": "TTP4V3YS1",
            "name": "anthony",
            "is_restricted": false,
            "is_ultra_restricted": false
        },
        "blocks": [
            {
                "type": "rich_text",
                "block_id": "LX79",
                "elements": [
                    {
                        "type": "rich_text_section",
                        "elements": [
                            {
                                "type": "text",
                                "text": "Yep"
                            }
                        ]
                    }
                ]
            }
        ]
    },
    {
        "client_msg_id": "7087fabe-71ee-4510-ad7c-2a48b297605a",
        "type": "message",
        "text": "Thanks!",
        "user": "UTRAESNUW",
        "ts": "1588944959.011600",
        "team": "TTP4V3YS1",
        "user_team": "TTP4V3YS1",
        "source_team": "TTP4V3YS1",
        "user_profile": {
            "avatar_hash": "g8d095fb8b4a",
            "image_72": "https:\/\/secure.gravatar.com\/avatar\/8d095fb8b4ad808e7f2252ed0c896b65.jpg?s=72&d=https%3A%2F%2Fa.slack-edge.com%2Fdf10d%2Fimg%2Favatars%2Fava_0025-72.png",
            "first_name": "Jeff",
            "real_name": "Jeff",
            "display_name": "",
            "team": "TTP4V3YS1",
            "name": "jeff",
            "is_restricted": false,
            "is_ultra_restricted": false
        },
        "blocks": [
            {
                "type": "rich_text",
                "block_id": "ZKcc",
                "elements": [
                    {
                        "type": "rich_text_section",
                        "elements": [
                            {
                                "type": "text",
                                "text": "Thanks!"
                            }
                        ]
                    }
                ]
            }
        ]
    },
    {
        "client_msg_id": "a9e89086-f899-4bd3-827d-dfdb16a1b5da",
        "type": "message",
        "text": "<@UTP4932RW> Which tab should I be looking at for the updates you made for the full year?",
        "user": "UTRAESNUW",
        "ts": "1588946996.012100",
        "team": "TTP4V3YS1",
        "user_team": "TTP4V3YS1",
        "source_team": "TTP4V3YS1",
        "user_profile": {
            "avatar_hash": "g8d095fb8b4a",
            "image_72": "https:\/\/secure.gravatar.com\/avatar\/8d095fb8b4ad808e7f2252ed0c896b65.jpg?s=72&d=https%3A%2F%2Fa.slack-edge.com%2Fdf10d%2Fimg%2Favatars%2Fava_0025-72.png",
            "first_name": "Jeff",
            "real_name": "Jeff",
            "display_name": "",
            "team": "TTP4V3YS1",
            "name": "jeff",
            "is_restricted": false,
            "is_ultra_restricted": false
        },
        "blocks": [
            {
                "type": "rich_text",
                "block_id": "plxho",
                "elements": [
                    {
                        "type": "rich_text_section",
                        "elements": [
                            {
                                "type": "user",
                                "user_id": "UTP4932RW"
                            },
                            {
                                "type": "text",
                                "text": " Which tab should I be looking at for the updates you made for the full year?"
                            }
                        ]
                    }
                ]
            }
        ]
    },
    {
        "client_msg_id": "70feae81-6c80-4ebb-892c-3b80dbe5e41f",
        "type": "message",
        "text": "Summary is the only place for FY. The CP projections stop 11 weeks out",
        "user": "UTP4932RW",
        "ts": "1588947058.013100",
        "team": "TTP4V3YS1",
        "user_team": "TTP4V3YS1",
        "source_team": "TTP4V3YS1",
        "user_profile": {
            "avatar_hash": "74e069427e2a",
            "image_72": "https:\/\/avatars.slack-edge.com\/2020-05-19\/1127425449142_74e069427e2aaa40f188_72.jpg",
            "first_name": "Anthony",
            "real_name": "Anthony R. Illobre",
            "display_name": "ARI",
            "team": "TTP4V3YS1",
            "name": "anthony",
            "is_restricted": false,
            "is_ultra_restricted": false
        },
        "blocks": [
            {
                "type": "rich_text",
                "block_id": "j0gNo",
                "elements": [
                    {
                        "type": "rich_text_section",
                        "elements": [
                            {
                                "type": "text",
                                "text": "Summary is the only place for FY. The CP projections stop 11 weeks out"
                            }
                        ]
                    }
                ]
            }
        ]
    },
    {
        "client_msg_id": "3710744f-5c79-4d4a-8995-82f59972eda6",
        "type": "message",
        "text": "But the CP Report Trend has the functionality, just waiting on Rafael's new data?",
        "user": "UTRAESNUW",
        "ts": "1588947105.013600",
        "team": "TTP4V3YS1",
        "user_team": "TTP4V3YS1",
        "source_team": "TTP4V3YS1",
        "user_profile": {
            "avatar_hash": "g8d095fb8b4a",
            "image_72": "https:\/\/secure.gravatar.com\/avatar\/8d095fb8b4ad808e7f2252ed0c896b65.jpg?s=72&d=https%3A%2F%2Fa.slack-edge.com%2Fdf10d%2Fimg%2Favatars%2Fava_0025-72.png",
            "first_name": "Jeff",
            "real_name": "Jeff",
            "display_name": "",
            "team": "TTP4V3YS1",
            "name": "jeff",
            "is_restricted": false,
            "is_ultra_restricted": false
        },
        "blocks": [
            {
                "type": "rich_text",
                "block_id": "aFtd",
                "elements": [
                    {
                        "type": "rich_text_section",
                        "elements": [
                            {
                                "type": "text",
                                "text": "But the CP Report Trend has the functionality, just waiting on Rafael's new data?"
                            }
                        ]
                    }
                ]
            }
        ]
    },
    {
        "client_msg_id": "36eb8447-d4aa-43b0-8689-3c650ffe0b40",
        "type": "message",
        "text": "No.\nThe output of your assumptions are more aggregated than CP.\nCP can flow into the Summary, but the summary cannot flow into CP.",
        "user": "UTP4932RW",
        "ts": "1588947437.016400",
        "team": "TTP4V3YS1",
        "user_team": "TTP4V3YS1",
        "source_team": "TTP4V3YS1",
        "user_profile": {
            "avatar_hash": "74e069427e2a",
            "image_72": "https:\/\/avatars.slack-edge.com\/2020-05-19\/1127425449142_74e069427e2aaa40f188_72.jpg",
            "first_name": "Anthony",
            "real_name": "Anthony R. Illobre",
            "display_name": "ARI",
            "team": "TTP4V3YS1",
            "name": "anthony",
            "is_restricted": false,
            "is_ultra_restricted": false
        },
        "blocks": [
            {
                "type": "rich_text",
                "block_id": "Ccg",
                "elements": [
                    {
                        "type": "rich_text_section",
                        "elements": [
                            {
                                "type": "text",
                                "text": "No.\nThe output of your assumptions are more aggregated than CP.\nCP can flow into the Summary, but the summary cannot flow into CP."
                            }
                        ]
                    }
                ]
            }
        ]
    },
    {
        "client_msg_id": "2a1629fe-f05b-44f5-8b5c-bed2f8e5d344",
        "type": "message",
        "text": "So is Summary the new output page?",
        "user": "UTRAESNUW",
        "ts": "1588947586.019000",
        "team": "TTP4V3YS1",
        "user_team": "TTP4V3YS1",
        "source_team": "TTP4V3YS1",
        "user_profile": {
            "avatar_hash": "g8d095fb8b4a",
            "image_72": "https:\/\/secure.gravatar.com\/avatar\/8d095fb8b4ad808e7f2252ed0c896b65.jpg?s=72&d=https%3A%2F%2Fa.slack-edge.com%2Fdf10d%2Fimg%2Favatars%2Fava_0025-72.png",
            "first_name": "Jeff",
            "real_name": "Jeff",
            "display_name": "",
            "team": "TTP4V3YS1",
            "name": "jeff",
            "is_restricted": false,
            "is_ultra_restricted": false
        },
        "blocks": [
            {
                "type": "rich_text",
                "block_id": "pViaM",
                "elements": [
                    {
                        "type": "rich_text_section",
                        "elements": [
                            {
                                "type": "text",
                                "text": "So is Summary the new output page?"
                            }
                        ]
                    }
                ]
            }
        ]
    },
    {
        "client_msg_id": "c9b9c6d5-429e-4aad-a3e1-a488dee65eff",
        "type": "message",
        "text": "That's why I keep saying this is a waste of time.\nWe've been slowly walking CP's format to match the summary tab which already can do both logics.",
        "user": "UTP4932RW",
        "ts": "1588947586.019100",
        "team": "TTP4V3YS1",
        "user_team": "TTP4V3YS1",
        "source_team": "TTP4V3YS1",
        "user_profile": {
            "avatar_hash": "74e069427e2a",
            "image_72": "https:\/\/avatars.slack-edge.com\/2020-05-19\/1127425449142_74e069427e2aaa40f188_72.jpg",
            "first_name": "Anthony",
            "real_name": "Anthony R. Illobre",
            "display_name": "ARI",
            "team": "TTP4V3YS1",
            "name": "anthony",
            "is_restricted": false,
            "is_ultra_restricted": false
        },
        "blocks": [
            {
                "type": "rich_text",
                "block_id": "GCo",
                "elements": [
                    {
                        "type": "rich_text_section",
                        "elements": [
                            {
                                "type": "text",
                                "text": "That's why I keep saying this is a waste of time.\nWe've been slowly walking CP's format to match the summary tab which already can do both logics."
                            }
                        ]
                    }
                ]
            }
        ]
    },
    {
        "client_msg_id": "75d87af0-4099-4547-a7d5-7eb56f57204c",
        "type": "message",
        "text": "Right, I get that",
        "user": "UTRAESNUW",
        "ts": "1588947710.021100",
        "team": "TTP4V3YS1",
        "user_team": "TTP4V3YS1",
        "source_team": "TTP4V3YS1",
        "user_profile": {
            "avatar_hash": "g8d095fb8b4a",
            "image_72": "https:\/\/secure.gravatar.com\/avatar\/8d095fb8b4ad808e7f2252ed0c896b65.jpg?s=72&d=https%3A%2F%2Fa.slack-edge.com%2Fdf10d%2Fimg%2Favatars%2Fava_0025-72.png",
            "first_name": "Jeff",
            "real_name": "Jeff",
            "display_name": "",
            "team": "TTP4V3YS1",
            "name": "jeff",
            "is_restricted": false,
            "is_ultra_restricted": false
        },
        "blocks": [
            {
                "type": "rich_text",
                "block_id": "JskSC",
                "elements": [
                    {
                        "type": "rich_text_section",
                        "elements": [
                            {
                                "type": "text",
                                "text": "Right, I get that"
                            }
                        ]
                    }
                ]
            }
        ]
    },
    {
        "client_msg_id": "860fcdba-8846-4857-adb7-0a7c47ab58cc",
        "type": "message",
        "text": "and the data sources",
        "user": "UTRAESNUW",
        "ts": "1588947713.021300",
        "team": "TTP4V3YS1",
        "user_team": "TTP4V3YS1",
        "source_team": "TTP4V3YS1",
        "user_profile": {
            "avatar_hash": "g8d095fb8b4a",
            "image_72": "https:\/\/secure.gravatar.com\/avatar\/8d095fb8b4ad808e7f2252ed0c896b65.jpg?s=72&d=https%3A%2F%2Fa.slack-edge.com%2Fdf10d%2Fimg%2Favatars%2Fava_0025-72.png",
            "first_name": "Jeff",
            "real_name": "Jeff",
            "display_name": "",
            "team": "TTP4V3YS1",
            "name": "jeff",
            "is_restricted": false,
            "is_ultra_restricted": false
        },
        "blocks": [
            {
                "type": "rich_text",
                "block_id": "xtBSK",
                "elements": [
                    {
                        "type": "rich_text_section",
                        "elements": [
                            {
                                "type": "text",
                                "text": "and the data sources"
                            }
                        ]
                    }
                ]
            }
        ]
    },
    {
        "client_msg_id": "99694b0b-de38-454e-8913-57cd4e1d88a0",
        "type": "message",
        "text": "The summary has always been our intended output, but they keep using the old one; so, any updates to CP's formatting has to flow through all of CP's sub-reports into the report &amp; report trend tabs.",
        "user": "UTP4932RW",
        "ts": "1588947724.021500",
        "team": "TTP4V3YS1",
        "user_team": "TTP4V3YS1",
        "source_team": "TTP4V3YS1",
        "user_profile": {
            "avatar_hash": "74e069427e2a",
            "image_72": "https:\/\/avatars.slack-edge.com\/2020-05-19\/1127425449142_74e069427e2aaa40f188_72.jpg",
            "first_name": "Anthony",
            "real_name": "Anthony R. Illobre",
            "display_name": "ARI",
            "team": "TTP4V3YS1",
            "name": "anthony",
            "is_restricted": false,
            "is_ultra_restricted": false
        },
        "blocks": [
            {
                "type": "rich_text",
                "block_id": "L64",
                "elements": [
                    {
                        "type": "rich_text_section",
                        "elements": [
                            {
                                "type": "text",
                                "text": "The summary has always been our intended output, but they keep using the old one; so, any updates to CP's formatting has to flow through all of CP's sub-reports into the report & report trend tabs."
                            }
                        ]
                    }
                ]
            }
        ]
    },
    {
        "client_msg_id": "95182102-e4f4-45a0-8866-44f387f82620",
        "type": "message",
        "text": "OK, sorry I'm a little confused now. What updates did you make yesterday?",
        "user": "UTRAESNUW",
        "ts": "1588947789.022300",
        "team": "TTP4V3YS1",
        "user_team": "TTP4V3YS1",
        "source_team": "TTP4V3YS1",
        "user_profile": {
            "avatar_hash": "g8d095fb8b4a",
            "image_72": "https:\/\/secure.gravatar.com\/avatar\/8d095fb8b4ad808e7f2252ed0c896b65.jpg?s=72&d=https%3A%2F%2Fa.slack-edge.com%2Fdf10d%2Fimg%2Favatars%2Fava_0025-72.png",
            "first_name": "Jeff",
            "real_name": "Jeff",
            "display_name": "",
            "team": "TTP4V3YS1",
            "name": "jeff",
            "is_restricted": false,
            "is_ultra_restricted": false
        },
        "blocks": [
            {
                "type": "rich_text",
                "block_id": "EE55K",
                "elements": [
                    {
                        "type": "rich_text_section",
                        "elements": [
                            {
                                "type": "text",
                                "text": "OK, sorry I'm a little confused now. What updates did you make yesterday?"
                            }
                        ]
                    }
                ]
            }
        ]
    },
    {
        "client_msg_id": "47514dde-8f39-48f4-9382-afb94db339f6",
        "type": "message",
        "text": "Sorry I mean, were the updates you made yesterday reflected only on the summary tab?",
        "user": "UTRAESNUW",
        "ts": "1588947823.022500",
        "team": "TTP4V3YS1",
        "user_team": "TTP4V3YS1",
        "source_team": "TTP4V3YS1",
        "user_profile": {
            "avatar_hash": "g8d095fb8b4a",
            "image_72": "https:\/\/secure.gravatar.com\/avatar\/8d095fb8b4ad808e7f2252ed0c896b65.jpg?s=72&d=https%3A%2F%2Fa.slack-edge.com%2Fdf10d%2Fimg%2Favatars%2Fava_0025-72.png",
            "first_name": "Jeff",
            "real_name": "Jeff",
            "display_name": "",
            "team": "TTP4V3YS1",
            "name": "jeff",
            "is_restricted": false,
            "is_ultra_restricted": false
        },
        "edited": {
            "user": "UTRAESNUW",
            "ts": "1588947880.000000"
        },
        "blocks": [
            {
                "type": "rich_text",
                "block_id": "GBlK",
                "elements": [
                    {
                        "type": "rich_text_section",
                        "elements": [
                            {
                                "type": "text",
                                "text": "Sorry I mean, were the updates you made yesterday reflected only on the summary tab?"
                            }
                        ]
                    }
                ]
            }
        ]
    },
    {
        "client_msg_id": "1a35f8fb-dc90-45f2-821e-06f49e78f1d6",
        "type": "message",
        "text": "Just not yet reflecting the PPP activity",
        "user": "UTRAESNUW",
        "ts": "1588947895.023300",
        "team": "TTP4V3YS1",
        "user_team": "TTP4V3YS1",
        "source_team": "TTP4V3YS1",
        "user_profile": {
            "avatar_hash": "g8d095fb8b4a",
            "image_72": "https:\/\/secure.gravatar.com\/avatar\/8d095fb8b4ad808e7f2252ed0c896b65.jpg?s=72&d=https%3A%2F%2Fa.slack-edge.com%2Fdf10d%2Fimg%2Favatars%2Fava_0025-72.png",
            "first_name": "Jeff",
            "real_name": "Jeff",
            "display_name": "",
            "team": "TTP4V3YS1",
            "name": "jeff",
            "is_restricted": false,
            "is_ultra_restricted": false
        },
        "blocks": [
            {
                "type": "rich_text",
                "block_id": "PSdg",
                "elements": [
                    {
                        "type": "rich_text_section",
                        "elements": [
                            {
                                "type": "text",
                                "text": "Just not yet reflecting the PPP activity"
                            }
                        ]
                    }
                ]
            }
        ]
    },
    {
        "client_msg_id": "6c825bcf-4eb6-41bd-a025-6222be369c78",
        "type": "message",
        "text": "I don't want to distract you anymore",
        "user": "UTRAESNUW",
        "ts": "1588947939.023900",
        "team": "TTP4V3YS1",
        "user_team": "TTP4V3YS1",
        "source_team": "TTP4V3YS1",
        "user_profile": {
            "avatar_hash": "g8d095fb8b4a",
            "image_72": "https:\/\/secure.gravatar.com\/avatar\/8d095fb8b4ad808e7f2252ed0c896b65.jpg?s=72&d=https%3A%2F%2Fa.slack-edge.com%2Fdf10d%2Fimg%2Favatars%2Fava_0025-72.png",
            "first_name": "Jeff",
            "real_name": "Jeff",
            "display_name": "",
            "team": "TTP4V3YS1",
            "name": "jeff",
            "is_restricted": false,
            "is_ultra_restricted": false
        },
        "blocks": [
            {
                "type": "rich_text",
                "block_id": "tJd",
                "elements": [
                    {
                        "type": "rich_text_section",
                        "elements": [
                            {
                                "type": "text",
                                "text": "I don't want to distract you anymore"
                            }
                        ]
                    }
                ]
            }
        ]
    },
    {
        "client_msg_id": "c7daed57-67b3-47b1-b058-3d90082c5a23",
        "type": "message",
        "text": "Let's catch up when you are at a stopping point and we can review together",
        "user": "UTRAESNUW",
        "ts": "1588947948.024300",
        "team": "TTP4V3YS1",
        "user_team": "TTP4V3YS1",
        "source_team": "TTP4V3YS1",
        "user_profile": {
            "avatar_hash": "g8d095fb8b4a",
            "image_72": "https:\/\/secure.gravatar.com\/avatar\/8d095fb8b4ad808e7f2252ed0c896b65.jpg?s=72&d=https%3A%2F%2Fa.slack-edge.com%2Fdf10d%2Fimg%2Favatars%2Fava_0025-72.png",
            "first_name": "Jeff",
            "real_name": "Jeff",
            "display_name": "",
            "team": "TTP4V3YS1",
            "name": "jeff",
            "is_restricted": false,
            "is_ultra_restricted": false
        },
        "blocks": [
            {
                "type": "rich_text",
                "block_id": "nDemt",
                "elements": [
                    {
                        "type": "rich_text_section",
                        "elements": [
                            {
                                "type": "text",
                                "text": "Let's catch up when you are at a stopping point and we can review together"
                            }
                        ]
                    }
                ]
            }
        ]
    },
    {
        "client_msg_id": "ce0b4f56-eaab-4ecc-8149-3818da8cd1fb",
        "type": "message",
        "text": "I didn't make any changes last night.\nThe night before I updated the summary tab for yesterday's meeting but we didn't use it.\nThe formatting to-dos from yesterday meeting is to group the lines on the report tab &amp; improve the shading.\nThe biggest requested addition is the PPP balances which have to go through several tabs.\nThe only calc change that I believe will be added to this file directly is the 40% reduction to comms which can be added to the (CP) Comms tab in 2min &amp; it will flow through to all the other dependent reports.\nI started updating the formulas for the other calc changes in the CP sub reports during yesterdays meeting, but afterwards Rafael said he wanted to do it in the source files and cut\/paste the results into this file.",
        "user": "UTP4932RW",
        "ts": "1588948489.032000",
        "team": "TTP4V3YS1",
        "user_team": "TTP4V3YS1",
        "source_team": "TTP4V3YS1",
        "user_profile": {
            "avatar_hash": "74e069427e2a",
            "image_72": "https:\/\/avatars.slack-edge.com\/2020-05-19\/1127425449142_74e069427e2aaa40f188_72.jpg",
            "first_name": "Anthony",
            "real_name": "Anthony R. Illobre",
            "display_name": "ARI",
            "team": "TTP4V3YS1",
            "name": "anthony",
            "is_restricted": false,
            "is_ultra_restricted": false
        },
        "edited": {
            "user": "UTP4932RW",
            "ts": "1588948557.000000"
        },
        "blocks": [
            {
                "type": "rich_text",
                "block_id": "tuSE",
                "elements": [
                    {
                        "type": "rich_text_section",
                        "elements": [
                            {
                                "type": "text",
                                "text": "I didn't make any changes last night.\nThe night before I updated the summary tab for yesterday's meeting but we didn't use it.\nThe formatting to-dos from yesterday meeting is to group the lines on the report tab & improve the shading.\nThe biggest requested addition is the PPP balances which have to go through several tabs.\nThe only calc change that I believe will be added to this file directly is the 40% reduction to comms which can be added to the (CP) Comms tab in 2min & it will flow through to all the other dependent reports.\nI started updating the formulas for the other calc changes in the CP sub reports during yesterdays meeting, but afterwards Rafael said he wanted to do it in the source files and cut\/paste the results into this file."
                            }
                        ]
                    }
                ]
            }
        ]
    },
    {
        "client_msg_id": "5a782e1d-e370-4933-a969-3637fc63f212",
        "type": "message",
        "text": "OK got it. Sorry I didn't get that from our convo earlier. That makes sense. I'm not sure what the best course of action is for the short term. Obviously we want this built correctly and scalable",
        "user": "UTRAESNUW",
        "ts": "1588948594.033100",
        "team": "TTP4V3YS1",
        "user_team": "TTP4V3YS1",
        "source_team": "TTP4V3YS1",
        "user_profile": {
            "avatar_hash": "g8d095fb8b4a",
            "image_72": "https:\/\/secure.gravatar.com\/avatar\/8d095fb8b4ad808e7f2252ed0c896b65.jpg?s=72&d=https%3A%2F%2Fa.slack-edge.com%2Fdf10d%2Fimg%2Favatars%2Fava_0025-72.png",
            "first_name": "Jeff",
            "real_name": "Jeff",
            "display_name": "",
            "team": "TTP4V3YS1",
            "name": "jeff",
            "is_restricted": false,
            "is_ultra_restricted": false
        },
        "blocks": [
            {
                "type": "rich_text",
                "block_id": "lVtU",
                "elements": [
                    {
                        "type": "rich_text_section",
                        "elements": [
                            {
                                "type": "text",
                                "text": "OK got it. Sorry I didn't get that from our convo earlier. That makes sense. I'm not sure what the best course of action is for the short term. Obviously we want this built correctly and scalable"
                            }
                        ]
                    }
                ]
            }
        ]
    },
    {
        "client_msg_id": "08c0420f-8cf4-40a1-b81d-981dd5d6b323",
        "type": "message",
        "text": "On a long term basis. But have some shorter term needs that have to continue to be met which is the cause for the bridge",
        "user": "UTRAESNUW",
        "ts": "1588948622.033800",
        "team": "TTP4V3YS1",
        "user_team": "TTP4V3YS1",
        "source_team": "TTP4V3YS1",
        "user_profile": {
            "avatar_hash": "g8d095fb8b4a",
            "image_72": "https:\/\/secure.gravatar.com\/avatar\/8d095fb8b4ad808e7f2252ed0c896b65.jpg?s=72&d=https%3A%2F%2Fa.slack-edge.com%2Fdf10d%2Fimg%2Favatars%2Fava_0025-72.png",
            "first_name": "Jeff",
            "real_name": "Jeff",
            "display_name": "",
            "team": "TTP4V3YS1",
            "name": "jeff",
            "is_restricted": false,
            "is_ultra_restricted": false
        },
        "blocks": [
            {
                "type": "rich_text",
                "block_id": "MclX2",
                "elements": [
                    {
                        "type": "rich_text_section",
                        "elements": [
                            {
                                "type": "text",
                                "text": "On a long term basis. But have some shorter term needs that have to continue to be met which is the cause for the bridge"
                            }
                        ]
                    }
                ]
            }
        ]
    }
]