[
    {
        "client_msg_id": "9ff68b39-2ea2-47b1-873b-bbb01ba3be2b",
        "type": "message",
        "text": "<@UTP4932RW> Hey, when you get a few minutes, let's catch up on how we should sensitize the OVC projections",
        "user": "UTRAESNUW",
        "ts": "1588358903.000500",
        "team": "TTP4V3YS1",
        "user_team": "TTP4V3YS1",
        "source_team": "TTP4V3YS1",
        "user_profile": {
            "avatar_hash": "g8d095fb8b4a",
            "image_72": "https:\/\/secure.gravatar.com\/avatar\/8d095fb8b4ad808e7f2252ed0c896b65.jpg?s=72&d=https%3A%2F%2Fa.slack-edge.com%2Fdf10d%2Fimg%2Favatars%2Fava_0025-72.png",
            "first_name": "Jeff",
            "real_name": "Jeff",
            "display_name": "",
            "team": "TTP4V3YS1",
            "name": "jeff",
            "is_restricted": false,
            "is_ultra_restricted": false
        },
        "blocks": [
            {
                "type": "rich_text",
                "block_id": "fQi",
                "elements": [
                    {
                        "type": "rich_text_section",
                        "elements": [
                            {
                                "type": "user",
                                "user_id": "UTP4932RW"
                            },
                            {
                                "type": "text",
                                "text": " Hey, when you get a few minutes, let's catch up on how we should sensitize the OVC projections"
                            }
                        ]
                    }
                ]
            }
        ]
    },
    {
        "client_msg_id": "4b242856-16d6-4e6e-b33c-d16347ee4d02",
        "type": "message",
        "text": "Hey Jeff, I'm free at 3:30 or anytime after.",
        "user": "UTP4932RW",
        "ts": "1588360346.001200",
        "team": "TTP4V3YS1",
        "user_team": "TTP4V3YS1",
        "source_team": "TTP4V3YS1",
        "user_profile": {
            "avatar_hash": "74e069427e2a",
            "image_72": "https:\/\/avatars.slack-edge.com\/2020-05-19\/1127425449142_74e069427e2aaa40f188_72.jpg",
            "first_name": "Anthony",
            "real_name": "Anthony R. Illobre",
            "display_name": "ARI",
            "team": "TTP4V3YS1",
            "name": "anthony",
            "is_restricted": false,
            "is_ultra_restricted": false
        },
        "blocks": [
            {
                "type": "rich_text",
                "block_id": "xbst3",
                "elements": [
                    {
                        "type": "rich_text_section",
                        "elements": [
                            {
                                "type": "text",
                                "text": "Hey Jeff, I'm free at 3:30 or anytime after."
                            }
                        ]
                    }
                ]
            }
        ]
    },
    {
        "client_msg_id": "7a71c80b-2a75-47f1-92ae-4a7925eeabad",
        "type": "message",
        "text": "Great. I'll call you then. Thanks!",
        "user": "UTRAESNUW",
        "ts": "1588360382.001500",
        "team": "TTP4V3YS1",
        "user_team": "TTP4V3YS1",
        "source_team": "TTP4V3YS1",
        "user_profile": {
            "avatar_hash": "g8d095fb8b4a",
            "image_72": "https:\/\/secure.gravatar.com\/avatar\/8d095fb8b4ad808e7f2252ed0c896b65.jpg?s=72&d=https%3A%2F%2Fa.slack-edge.com%2Fdf10d%2Fimg%2Favatars%2Fava_0025-72.png",
            "first_name": "Jeff",
            "real_name": "Jeff",
            "display_name": "",
            "team": "TTP4V3YS1",
            "name": "jeff",
            "is_restricted": false,
            "is_ultra_restricted": false
        },
        "blocks": [
            {
                "type": "rich_text",
                "block_id": "XGj6",
                "elements": [
                    {
                        "type": "rich_text_section",
                        "elements": [
                            {
                                "type": "text",
                                "text": "Great. I'll call you then. Thanks!"
                            }
                        ]
                    }
                ]
            }
        ]
    }
]