[
    {
        "client_msg_id": "661c0a93-1cc3-4d3d-b856-1c60817c8319",
        "type": "message",
        "text": "<@UTP4932RW> just spoke to Steve Rudner. He'd like to do a reconciliation of OVC's quarterly and weekly cash files to help them better project cash inflows and outflows. The quarterly file is the one that I developed and is good on a quarter projection basis. The weekly file is one developed and maintained internally by the accounting team and is a better projector of week by week cash. Steve would like to reconcile the two so we can have better near term cash flow projections that also support quarterly forecasts. Let's catch up when you have some time to discuss and I'll walk you through everything.",
        "user": "UTRAESNUW",
        "ts": "1584473875.002100",
        "team": "TTP4V3YS1",
        "user_team": "TTP4V3YS1",
        "source_team": "TTP4V3YS1",
        "user_profile": {
            "avatar_hash": "g8d095fb8b4a",
            "image_72": "https:\/\/secure.gravatar.com\/avatar\/8d095fb8b4ad808e7f2252ed0c896b65.jpg?s=72&d=https%3A%2F%2Fa.slack-edge.com%2Fdf10d%2Fimg%2Favatars%2Fava_0025-72.png",
            "first_name": "Jeff",
            "real_name": "Jeff",
            "display_name": "",
            "team": "TTP4V3YS1",
            "name": "jeff",
            "is_restricted": false,
            "is_ultra_restricted": false
        },
        "blocks": [
            {
                "type": "rich_text",
                "block_id": "f++R",
                "elements": [
                    {
                        "type": "rich_text_section",
                        "elements": [
                            {
                                "type": "user",
                                "user_id": "UTP4932RW"
                            },
                            {
                                "type": "text",
                                "text": " just spoke to Steve Rudner. He'd like to do a reconciliation of OVC's quarterly and weekly cash files to help them better project cash inflows and outflows. The quarterly file is the one that I developed and is good on a quarter projection basis. The weekly file is one developed and maintained internally by the accounting team and is a better projector of week by week cash. Steve would like to reconcile the two so we can have better near term cash flow projections that also support quarterly forecasts. Let's catch up when you have some time to discuss and I'll walk you through everything."
                            }
                        ]
                    }
                ]
            }
        ]
    },
    {
        "client_msg_id": "5808bd19-b970-4c7d-a995-68331e27b115",
        "type": "message",
        "text": "Ok sounds good",
        "user": "UTP4932RW",
        "ts": "1584473917.002300",
        "team": "TTP4V3YS1",
        "user_team": "TTP4V3YS1",
        "source_team": "TTP4V3YS1",
        "user_profile": {
            "avatar_hash": "74e069427e2a",
            "image_72": "https:\/\/avatars.slack-edge.com\/2020-05-19\/1127425449142_74e069427e2aaa40f188_72.jpg",
            "first_name": "Anthony",
            "real_name": "Anthony R. Illobre",
            "display_name": "ARI",
            "team": "TTP4V3YS1",
            "name": "anthony",
            "is_restricted": false,
            "is_ultra_restricted": false
        },
        "blocks": [
            {
                "type": "rich_text",
                "block_id": "2krYU",
                "elements": [
                    {
                        "type": "rich_text_section",
                        "elements": [
                            {
                                "type": "text",
                                "text": "Ok sounds good"
                            }
                        ]
                    }
                ]
            }
        ]
    }
]