[
    {
        "type": "message",
        "text": "<@UTP4932RW> Morning! Two files attached for OVC. Client Payables is the company produced file that projects the inflows and outflows on a weekly basis. The ONVC Holdings Cash Projection File is our file that was used to project on a quarterly basis. They would like us to figure out the differences between the two and figure out how to build a model that can project short and longer term cash position with variable inputs. Give me a call when you are up and running this morning.",
        "files": [
            {
                "id": "FV9PYFU4S",
                "created": 1584535847,
                "timestamp": 1584535847,
                "name": "ClientPayables 113019.xlsm",
                "title": "ClientPayables 113019.xlsm",
                "mimetype": "application\/vnd.ms-excel.sheet.macroenabled.12",
                "filetype": "xlsm",
                "pretty_type": "Excel Spreadsheet (Macro Enabled)",
                "user": "UTRAESNUW",
                "editable": false,
                "size": 2622958,
                "mode": "hosted",
                "is_external": false,
                "external_type": "",
                "is_public": true,
                "public_url_shared": false,
                "display_as_bot": false,
                "username": "",
                "url_private": "https:\/\/files.slack.com\/files-pri\/TTP4V3YS1-FV9PYFU4S\/clientpayables_113019.xlsm?t=xoxe-941165134885-1162655895171-1161068338021-407a1cef78b9833e75f3a32df341ed60",
                "url_private_download": "https:\/\/files.slack.com\/files-pri\/TTP4V3YS1-FV9PYFU4S\/download\/clientpayables_113019.xlsm?t=xoxe-941165134885-1162655895171-1161068338021-407a1cef78b9833e75f3a32df341ed60",
                "permalink": "https:\/\/qwinzy.slack.com\/files\/UTRAESNUW\/FV9PYFU4S\/clientpayables_113019.xlsm",
                "permalink_public": "https:\/\/slack-files.com\/TTP4V3YS1-FV9PYFU4S-9d9c507790",
                "is_starred": false,
                "has_rich_preview": false
            },
            {
                "id": "F010849CS8L",
                "created": 1584535847,
                "timestamp": 1584535847,
                "name": "ONVC Holdings 2020 Cash Projection v5.xlsx",
                "title": "ONVC Holdings 2020 Cash Projection v5.xlsx",
                "mimetype": "application\/vnd.openxmlformats-officedocument.spreadsheetml.sheet",
                "filetype": "xlsx",
                "pretty_type": "Excel Spreadsheet",
                "user": "UTRAESNUW",
                "editable": false,
                "size": 312585,
                "mode": "hosted",
                "is_external": false,
                "external_type": "",
                "is_public": true,
                "public_url_shared": false,
                "display_as_bot": false,
                "username": "",
                "url_private": "https:\/\/files.slack.com\/files-pri\/TTP4V3YS1-F010849CS8L\/onvc_holdings_2020_cash_projection_v5.xlsx?t=xoxe-941165134885-1162655895171-1161068338021-407a1cef78b9833e75f3a32df341ed60",
                "url_private_download": "https:\/\/files.slack.com\/files-pri\/TTP4V3YS1-F010849CS8L\/download\/onvc_holdings_2020_cash_projection_v5.xlsx?t=xoxe-941165134885-1162655895171-1161068338021-407a1cef78b9833e75f3a32df341ed60",
                "converted_pdf": "https:\/\/files.slack.com\/files-tmb\/TTP4V3YS1-F010849CS8L-2292daed86\/onvc_holdings_2020_cash_projection_v5_converted.pdf?t=xoxe-941165134885-1162655895171-1161068338021-407a1cef78b9833e75f3a32df341ed60",
                "thumb_pdf": "https:\/\/files.slack.com\/files-tmb\/TTP4V3YS1-F010849CS8L-2292daed86\/onvc_holdings_2020_cash_projection_v5_thumb_pdf.png?t=xoxe-941165134885-1162655895171-1161068338021-407a1cef78b9833e75f3a32df341ed60",
                "thumb_pdf_w": 935,
                "thumb_pdf_h": 1210,
                "permalink": "https:\/\/qwinzy.slack.com\/files\/UTRAESNUW\/F010849CS8L\/onvc_holdings_2020_cash_projection_v5.xlsx",
                "permalink_public": "https:\/\/slack-files.com\/TTP4V3YS1-F010849CS8L-b02ea246d5",
                "is_starred": false,
                "has_rich_preview": false
            }
        ],
        "upload": true,
        "blocks": [
            {
                "type": "rich_text",
                "block_id": "933X",
                "elements": [
                    {
                        "type": "rich_text_section",
                        "elements": [
                            {
                                "type": "user",
                                "user_id": "UTP4932RW"
                            },
                            {
                                "type": "text",
                                "text": " Morning! Two files attached for OVC. Client Payables is the company produced file that projects the inflows and outflows on a weekly basis. The ONVC Holdings Cash Projection File is our file that was used to project on a quarterly basis. They would like us to figure out the differences between the two and figure out how to build a model that can project short and longer term cash position with variable inputs. Give me a call when you are up and running this morning."
                            }
                        ]
                    }
                ]
            }
        ],
        "user": "UTRAESNUW",
        "ts": "1584535882.000200",
        "client_msg_id": "4ab81535-e6db-4045-8e84-ab03841bf8e8"
    }
]