[
    {
        "client_msg_id": "18e66a6e-d839-46b2-bb57-d48163ce7afa",
        "type": "message",
        "text": "GM Jeff,\nCombining the rules in the cash file ended up needing a little more work than I expected but it's done.\nHowever, I want to circle back with you on the subject of adding interco lines (and possibly others) to the new report.\nEd specifically asked about the interco lines a couple times &amp; I can see that Rafael added interco balances to the old report, so I'm thinking Ed is definitely going to want them in the new report.\nAlso, I'm wondering if there are other lines from the old report that I should add to the new report to make the transition as smooth as possible.\nWould you like to review it again this morning so I have time to make any add'l changes before our 4pm meeting?",
        "user": "UTP4932RW",
        "ts": "1588681369.005100",
        "team": "TTP4V3YS1",
        "user_team": "TTP4V3YS1",
        "source_team": "TTP4V3YS1",
        "user_profile": {
            "avatar_hash": "74e069427e2a",
            "image_72": "https:\/\/avatars.slack-edge.com\/2020-05-19\/1127425449142_74e069427e2aaa40f188_72.jpg",
            "first_name": "Anthony",
            "real_name": "Anthony R. Illobre",
            "display_name": "ARI",
            "team": "TTP4V3YS1",
            "name": "anthony",
            "is_restricted": false,
            "is_ultra_restricted": false
        },
        "blocks": [
            {
                "type": "rich_text",
                "block_id": "FjluS",
                "elements": [
                    {
                        "type": "rich_text_section",
                        "elements": [
                            {
                                "type": "text",
                                "text": "GM Jeff,\nCombining the rules in the cash file ended up needing a little more work than I expected but it's done.\nHowever, I want to circle back with you on the subject of adding interco lines (and possibly others) to the new report.\nEd specifically asked about the interco lines a couple times & I can see that Rafael added interco balances to the old report, so I'm thinking Ed is definitely going to want them in the new report.\nAlso, I'm wondering if there are other lines from the old report that I should add to the new report to make the transition as smooth as possible.\nWould you like to review it again this morning so I have time to make any add'l changes before our 4pm meeting?"
                            }
                        ]
                    }
                ]
            }
        ]
    },
    {
        "client_msg_id": "38247997-bb5d-49c2-8b08-63514920bd87",
        "type": "message",
        "text": "Thanks <@UTP4932RW>! Absolutely. I'm on with Guillermo until 10. Catch up after that?",
        "user": "UTRAESNUW",
        "ts": "1588685547.005700",
        "team": "TTP4V3YS1",
        "user_team": "TTP4V3YS1",
        "source_team": "TTP4V3YS1",
        "user_profile": {
            "avatar_hash": "g8d095fb8b4a",
            "image_72": "https:\/\/secure.gravatar.com\/avatar\/8d095fb8b4ad808e7f2252ed0c896b65.jpg?s=72&d=https%3A%2F%2Fa.slack-edge.com%2Fdf10d%2Fimg%2Favatars%2Fava_0025-72.png",
            "first_name": "Jeff",
            "real_name": "Jeff",
            "display_name": "",
            "team": "TTP4V3YS1",
            "name": "jeff",
            "is_restricted": false,
            "is_ultra_restricted": false
        },
        "blocks": [
            {
                "type": "rich_text",
                "block_id": "Cp\/yp",
                "elements": [
                    {
                        "type": "rich_text_section",
                        "elements": [
                            {
                                "type": "text",
                                "text": "Thanks "
                            },
                            {
                                "type": "user",
                                "user_id": "UTP4932RW"
                            },
                            {
                                "type": "text",
                                "text": "! Absolutely. I'm on with Guillermo until 10. Catch up after that?"
                            }
                        ]
                    }
                ]
            }
        ]
    },
    {
        "client_msg_id": "4ddc7346-6866-4999-b36d-3ce58e7e97d4",
        "type": "message",
        "text": "OK",
        "user": "UTP4932RW",
        "ts": "1588685645.005900",
        "team": "TTP4V3YS1",
        "user_team": "TTP4V3YS1",
        "source_team": "TTP4V3YS1",
        "user_profile": {
            "avatar_hash": "74e069427e2a",
            "image_72": "https:\/\/avatars.slack-edge.com\/2020-05-19\/1127425449142_74e069427e2aaa40f188_72.jpg",
            "first_name": "Anthony",
            "real_name": "Anthony R. Illobre",
            "display_name": "ARI",
            "team": "TTP4V3YS1",
            "name": "anthony",
            "is_restricted": false,
            "is_ultra_restricted": false
        },
        "blocks": [
            {
                "type": "rich_text",
                "block_id": "62u",
                "elements": [
                    {
                        "type": "rich_text_section",
                        "elements": [
                            {
                                "type": "text",
                                "text": "OK"
                            }
                        ]
                    }
                ]
            }
        ]
    },
    {
        "client_msg_id": "091c275a-6e90-4eae-9dad-1fd9718194e4",
        "type": "message",
        "text": "Probably a dumb question.. I found the issue I was looking for in the interco amounts. On 5\/23 &amp; 6\/20 there are ins for 500k each with no corresponding outs in the CP reports. Is this supposed to be a planned cash infusion from somewhere? If this isn't a mistake I figured you must know about it.",
        "user": "UTP4932RW",
        "ts": "1588711136.009200",
        "team": "TTP4V3YS1",
        "user_team": "TTP4V3YS1",
        "source_team": "TTP4V3YS1",
        "user_profile": {
            "avatar_hash": "74e069427e2a",
            "image_72": "https:\/\/avatars.slack-edge.com\/2020-05-19\/1127425449142_74e069427e2aaa40f188_72.jpg",
            "first_name": "Anthony",
            "real_name": "Anthony R. Illobre",
            "display_name": "ARI",
            "team": "TTP4V3YS1",
            "name": "anthony",
            "is_restricted": false,
            "is_ultra_restricted": false
        },
        "blocks": [
            {
                "type": "rich_text",
                "block_id": "niT+K",
                "elements": [
                    {
                        "type": "rich_text_section",
                        "elements": [
                            {
                                "type": "text",
                                "text": "Probably a dumb question.. I found the issue I was looking for in the interco amounts. On 5\/23 & 6\/20 there are ins for 500k each with no corresponding outs in the CP reports. Is this supposed to be a planned cash infusion from somewhere? If this isn't a mistake I figured you must know about it."
                            }
                        ]
                    }
                ]
            }
        ]
    },
    {
        "type": "message",
        "text": "I'm going to finish up because I want to send this to Rafael first thing tomorrow morning, but I first wanted to make sure that you were okay with the new formatting for OVCH cash (just the summary at the top).\nThis format separates Interco In\/Out, Investment Gain\/Loss, and Other In\/Out (Interco from OVCH's bank account) from the Cash Inflow\/Outflow subtotals.\nThis way, the net of Cash Inflow\/Outflow (which currently doesn't have a subtotal, but could) is the net change of the subs' cash &amp; Total Other (net) is the net change to OVCH's own bank account.",
        "files": [
            {
                "id": "F0132JAVBTP",
                "created": 1588721019,
                "timestamp": 1588721019,
                "name": "image.png",
                "title": "image.png",
                "mimetype": "image\/png",
                "filetype": "png",
                "pretty_type": "PNG",
                "user": "UTP4932RW",
                "editable": false,
                "size": 35185,
                "mode": "hosted",
                "is_external": false,
                "external_type": "",
                "is_public": true,
                "public_url_shared": false,
                "display_as_bot": false,
                "username": "",
                "url_private": "https:\/\/files.slack.com\/files-pri\/TTP4V3YS1-F0132JAVBTP\/image.png?t=xoxe-941165134885-1162655895171-1161068338021-407a1cef78b9833e75f3a32df341ed60",
                "url_private_download": "https:\/\/files.slack.com\/files-pri\/TTP4V3YS1-F0132JAVBTP\/download\/image.png?t=xoxe-941165134885-1162655895171-1161068338021-407a1cef78b9833e75f3a32df341ed60",
                "thumb_64": "https:\/\/files.slack.com\/files-tmb\/TTP4V3YS1-F0132JAVBTP-dd1483ee92\/image_64.png?t=xoxe-941165134885-1162655895171-1161068338021-407a1cef78b9833e75f3a32df341ed60",
                "thumb_80": "https:\/\/files.slack.com\/files-tmb\/TTP4V3YS1-F0132JAVBTP-dd1483ee92\/image_80.png?t=xoxe-941165134885-1162655895171-1161068338021-407a1cef78b9833e75f3a32df341ed60",
                "thumb_360": "https:\/\/files.slack.com\/files-tmb\/TTP4V3YS1-F0132JAVBTP-dd1483ee92\/image_360.png?t=xoxe-941165134885-1162655895171-1161068338021-407a1cef78b9833e75f3a32df341ed60",
                "thumb_360_w": 360,
                "thumb_360_h": 94,
                "thumb_480": "https:\/\/files.slack.com\/files-tmb\/TTP4V3YS1-F0132JAVBTP-dd1483ee92\/image_480.png?t=xoxe-941165134885-1162655895171-1161068338021-407a1cef78b9833e75f3a32df341ed60",
                "thumb_480_w": 480,
                "thumb_480_h": 125,
                "thumb_160": "https:\/\/files.slack.com\/files-tmb\/TTP4V3YS1-F0132JAVBTP-dd1483ee92\/image_160.png?t=xoxe-941165134885-1162655895171-1161068338021-407a1cef78b9833e75f3a32df341ed60",
                "thumb_720": "https:\/\/files.slack.com\/files-tmb\/TTP4V3YS1-F0132JAVBTP-dd1483ee92\/image_720.png?t=xoxe-941165134885-1162655895171-1161068338021-407a1cef78b9833e75f3a32df341ed60",
                "thumb_720_w": 720,
                "thumb_720_h": 188,
                "thumb_800": "https:\/\/files.slack.com\/files-tmb\/TTP4V3YS1-F0132JAVBTP-dd1483ee92\/image_800.png?t=xoxe-941165134885-1162655895171-1161068338021-407a1cef78b9833e75f3a32df341ed60",
                "thumb_800_w": 800,
                "thumb_800_h": 208,
                "thumb_960": "https:\/\/files.slack.com\/files-tmb\/TTP4V3YS1-F0132JAVBTP-dd1483ee92\/image_960.png?t=xoxe-941165134885-1162655895171-1161068338021-407a1cef78b9833e75f3a32df341ed60",
                "thumb_960_w": 960,
                "thumb_960_h": 250,
                "original_w": 998,
                "original_h": 260,
                "thumb_tiny": "AwAMADC8DlDk\/pR3696QDCnr+dGOfxHegBccdT096Mc9+vvTccfhTsnPU9fWgAxx36e9B4BPvSZOOp6etDcg9evrQB\/\/2Q==",
                "permalink": "https:\/\/qwinzy.slack.com\/files\/UTP4932RW\/F0132JAVBTP\/image.png",
                "permalink_public": "https:\/\/slack-files.com\/TTP4V3YS1-F0132JAVBTP-6cf6217a47",
                "is_starred": false,
                "has_rich_preview": false
            }
        ],
        "upload": true,
        "blocks": [
            {
                "type": "rich_text",
                "block_id": "AP0j",
                "elements": [
                    {
                        "type": "rich_text_section",
                        "elements": [
                            {
                                "type": "text",
                                "text": "I'm going to finish up because I want to send this to Rafael first thing tomorrow morning, but I first wanted to make sure that you were okay with the new formatting for OVCH cash (just the summary at the top).\nThis format separates Interco In\/Out, Investment Gain\/Loss, and Other In\/Out (Interco from OVCH's bank account) from the Cash Inflow\/Outflow subtotals.\nThis way, the net of Cash Inflow\/Outflow (which currently doesn't have a subtotal, but could) is the net change of the subs' cash & Total Other (net) is the net change to OVCH's own bank account."
                            }
                        ]
                    }
                ]
            }
        ],
        "user": "UTP4932RW",
        "display_as_bot": false,
        "ts": "1588721021.010500",
        "edited": {
            "user": "UTP4932RW",
            "ts": "1588721545.000000"
        },
        "client_msg_id": "20b51262-1033-40fb-becc-6ac4e1d2ef8e"
    },
    {
        "client_msg_id": "B6DD34EC-226C-45CD-9CCB-C6B1F651EF15",
        "type": "message",
        "text": "Have a minute?",
        "user": "UTRAESNUW",
        "ts": "1588721849.011100",
        "team": "TTP4V3YS1",
        "user_team": "TTP4V3YS1",
        "source_team": "TTP4V3YS1",
        "user_profile": {
            "avatar_hash": "g8d095fb8b4a",
            "image_72": "https:\/\/secure.gravatar.com\/avatar\/8d095fb8b4ad808e7f2252ed0c896b65.jpg?s=72&d=https%3A%2F%2Fa.slack-edge.com%2Fdf10d%2Fimg%2Favatars%2Fava_0025-72.png",
            "first_name": "Jeff",
            "real_name": "Jeff",
            "display_name": "",
            "team": "TTP4V3YS1",
            "name": "jeff",
            "is_restricted": false,
            "is_ultra_restricted": false
        },
        "blocks": [
            {
                "type": "rich_text",
                "block_id": "dMN",
                "elements": [
                    {
                        "type": "rich_text_section",
                        "elements": [
                            {
                                "type": "text",
                                "text": "Have a minute?"
                            }
                        ]
                    }
                ]
            }
        ]
    },
    {
        "client_msg_id": "06420aa1-682a-4ed0-94aa-bdce25b31085",
        "type": "message",
        "text": "yep",
        "user": "UTP4932RW",
        "ts": "1588721877.011300",
        "team": "TTP4V3YS1",
        "user_team": "TTP4V3YS1",
        "source_team": "TTP4V3YS1",
        "user_profile": {
            "avatar_hash": "74e069427e2a",
            "image_72": "https:\/\/avatars.slack-edge.com\/2020-05-19\/1127425449142_74e069427e2aaa40f188_72.jpg",
            "first_name": "Anthony",
            "real_name": "Anthony R. Illobre",
            "display_name": "ARI",
            "team": "TTP4V3YS1",
            "name": "anthony",
            "is_restricted": false,
            "is_ultra_restricted": false
        },
        "blocks": [
            {
                "type": "rich_text",
                "block_id": "cVQsT",
                "elements": [
                    {
                        "type": "rich_text_section",
                        "elements": [
                            {
                                "type": "text",
                                "text": "yep"
                            }
                        ]
                    }
                ]
            }
        ]
    },
    {
        "type": "message",
        "text": "",
        "files": [
            {
                "id": "F013A68U9LL",
                "created": 1588722602,
                "timestamp": 1588722602,
                "name": "image.png",
                "title": "image.png",
                "mimetype": "image\/png",
                "filetype": "png",
                "pretty_type": "PNG",
                "user": "UTP4932RW",
                "editable": false,
                "size": 60886,
                "mode": "hosted",
                "is_external": false,
                "external_type": "",
                "is_public": true,
                "public_url_shared": false,
                "display_as_bot": false,
                "username": "",
                "url_private": "https:\/\/files.slack.com\/files-pri\/TTP4V3YS1-F013A68U9LL\/image.png?t=xoxe-941165134885-1162655895171-1161068338021-407a1cef78b9833e75f3a32df341ed60",
                "url_private_download": "https:\/\/files.slack.com\/files-pri\/TTP4V3YS1-F013A68U9LL\/download\/image.png?t=xoxe-941165134885-1162655895171-1161068338021-407a1cef78b9833e75f3a32df341ed60",
                "thumb_64": "https:\/\/files.slack.com\/files-tmb\/TTP4V3YS1-F013A68U9LL-0a39e6a6b5\/image_64.png?t=xoxe-941165134885-1162655895171-1161068338021-407a1cef78b9833e75f3a32df341ed60",
                "thumb_80": "https:\/\/files.slack.com\/files-tmb\/TTP4V3YS1-F013A68U9LL-0a39e6a6b5\/image_80.png?t=xoxe-941165134885-1162655895171-1161068338021-407a1cef78b9833e75f3a32df341ed60",
                "thumb_360": "https:\/\/files.slack.com\/files-tmb\/TTP4V3YS1-F013A68U9LL-0a39e6a6b5\/image_360.png?t=xoxe-941165134885-1162655895171-1161068338021-407a1cef78b9833e75f3a32df341ed60",
                "thumb_360_w": 360,
                "thumb_360_h": 147,
                "thumb_480": "https:\/\/files.slack.com\/files-tmb\/TTP4V3YS1-F013A68U9LL-0a39e6a6b5\/image_480.png?t=xoxe-941165134885-1162655895171-1161068338021-407a1cef78b9833e75f3a32df341ed60",
                "thumb_480_w": 480,
                "thumb_480_h": 196,
                "thumb_160": "https:\/\/files.slack.com\/files-tmb\/TTP4V3YS1-F013A68U9LL-0a39e6a6b5\/image_160.png?t=xoxe-941165134885-1162655895171-1161068338021-407a1cef78b9833e75f3a32df341ed60",
                "thumb_720": "https:\/\/files.slack.com\/files-tmb\/TTP4V3YS1-F013A68U9LL-0a39e6a6b5\/image_720.png?t=xoxe-941165134885-1162655895171-1161068338021-407a1cef78b9833e75f3a32df341ed60",
                "thumb_720_w": 720,
                "thumb_720_h": 294,
                "thumb_800": "https:\/\/files.slack.com\/files-tmb\/TTP4V3YS1-F013A68U9LL-0a39e6a6b5\/image_800.png?t=xoxe-941165134885-1162655895171-1161068338021-407a1cef78b9833e75f3a32df341ed60",
                "thumb_800_w": 800,
                "thumb_800_h": 327,
                "thumb_960": "https:\/\/files.slack.com\/files-tmb\/TTP4V3YS1-F013A68U9LL-0a39e6a6b5\/image_960.png?t=xoxe-941165134885-1162655895171-1161068338021-407a1cef78b9833e75f3a32df341ed60",
                "thumb_960_w": 960,
                "thumb_960_h": 393,
                "original_w": 1010,
                "original_h": 413,
                "thumb_tiny": "AwATADC90z9aD39qXBOcetKVPPvQA096X+99KNp5pdpyaAEHUU\/A9KaFORT6AGJ1an0xOrU+gAooooASlpKWgD\/\/2Q==",
                "permalink": "https:\/\/qwinzy.slack.com\/files\/UTP4932RW\/F013A68U9LL\/image.png",
                "permalink_public": "https:\/\/slack-files.com\/TTP4V3YS1-F013A68U9LL-fe2913e53d",
                "is_starred": false,
                "has_rich_preview": false
            }
        ],
        "upload": true,
        "user": "UTP4932RW",
        "display_as_bot": false,
        "ts": "1588722604.011400",
        "client_msg_id": "f961751a-f135-4eab-b34c-922e5998bccd"
    }
]