[
    {
        "type": "message",
        "text": "GM! just updating you. I got the Net rows the way you wanted. I'm just cleaning up some cell formatting & then I'll send to Raf.",
        "files": [
            {
                "id": "F012QAGBLHM",
                "created": 1588770775,
                "timestamp": 1588770775,
                "name": "image.png",
                "title": "image.png",
                "mimetype": "image\/png",
                "filetype": "png",
                "pretty_type": "PNG",
                "user": "UTP4932RW",
                "editable": false,
                "size": 16104,
                "mode": "hosted",
                "is_external": false,
                "external_type": "",
                "is_public": true,
                "public_url_shared": false,
                "display_as_bot": false,
                "username": "",
                "url_private": "https:\/\/files.slack.com\/files-pri\/TTP4V3YS1-F012QAGBLHM\/image.png?t=xoxe-941165134885-1162655895171-1161068338021-407a1cef78b9833e75f3a32df341ed60",
                "url_private_download": "https:\/\/files.slack.com\/files-pri\/TTP4V3YS1-F012QAGBLHM\/download\/image.png?t=xoxe-941165134885-1162655895171-1161068338021-407a1cef78b9833e75f3a32df341ed60",
                "thumb_64": "https:\/\/files.slack.com\/files-tmb\/TTP4V3YS1-F012QAGBLHM-6599a30679\/image_64.png?t=xoxe-941165134885-1162655895171-1161068338021-407a1cef78b9833e75f3a32df341ed60",
                "thumb_80": "https:\/\/files.slack.com\/files-tmb\/TTP4V3YS1-F012QAGBLHM-6599a30679\/image_80.png?t=xoxe-941165134885-1162655895171-1161068338021-407a1cef78b9833e75f3a32df341ed60",
                "thumb_360": "https:\/\/files.slack.com\/files-tmb\/TTP4V3YS1-F012QAGBLHM-6599a30679\/image_360.png?t=xoxe-941165134885-1162655895171-1161068338021-407a1cef78b9833e75f3a32df341ed60",
                "thumb_360_w": 360,
                "thumb_360_h": 164,
                "thumb_480": "https:\/\/files.slack.com\/files-tmb\/TTP4V3YS1-F012QAGBLHM-6599a30679\/image_480.png?t=xoxe-941165134885-1162655895171-1161068338021-407a1cef78b9833e75f3a32df341ed60",
                "thumb_480_w": 480,
                "thumb_480_h": 219,
                "thumb_160": "https:\/\/files.slack.com\/files-tmb\/TTP4V3YS1-F012QAGBLHM-6599a30679\/image_160.png?t=xoxe-941165134885-1162655895171-1161068338021-407a1cef78b9833e75f3a32df341ed60",
                "original_w": 522,
                "original_h": 238,
                "thumb_tiny": "AwAVADC+HO4jH5Ch+ccf+O5qPcwcgMBz3p0jEoPmFAC4G\/OP\/HaQKMH5f\/HaCTuX5hSgMCTkc+1ABj93jkfRaehyPp60zlUI3D6kUsP3TyDz2oAiOPMII705ypX7opp\/1p+tK3SgAJXcvy0Bhlvl6+9IfvCgdTQApI8sjHWpIPuH61CfuVNB9z8aAP\/Z",
                "permalink": "https:\/\/qwinzy.slack.com\/files\/UTP4932RW\/F012QAGBLHM\/image.png",
                "permalink_public": "https:\/\/slack-files.com\/TTP4V3YS1-F012QAGBLHM-cab976d894",
                "is_starred": false,
                "has_rich_preview": false
            }
        ],
        "upload": true,
        "blocks": [
            {
                "type": "rich_text",
                "block_id": "JJy0F",
                "elements": [
                    {
                        "type": "rich_text_section",
                        "elements": [
                            {
                                "type": "text",
                                "text": "GM! just updating you. I got the Net rows the way you wanted. I'm just cleaning up some cell formatting & then I'll send to Raf."
                            }
                        ]
                    }
                ]
            }
        ],
        "user": "UTP4932RW",
        "display_as_bot": false,
        "ts": "1588770776.001200",
        "client_msg_id": "1c7d5283-1a44-4f98-bb24-2719943f68a6"
    },
    {
        "client_msg_id": "846BA0B7-4057-4B14-AD64-C6302C08CE05",
        "type": "message",
        "text": "<@UTP4932RW> Awesome! Looks like there is a difference between ending and beginning cash for the quarters. Can you take a look? Also can you remove the lines around the interco?",
        "user": "UTRAESNUW",
        "ts": "1588771464.002700",
        "team": "TTP4V3YS1",
        "user_team": "TTP4V3YS1",
        "source_team": "TTP4V3YS1",
        "user_profile": {
            "avatar_hash": "g8d095fb8b4a",
            "image_72": "https:\/\/secure.gravatar.com\/avatar\/8d095fb8b4ad808e7f2252ed0c896b65.jpg?s=72&d=https%3A%2F%2Fa.slack-edge.com%2Fdf10d%2Fimg%2Favatars%2Fava_0025-72.png",
            "first_name": "Jeff",
            "real_name": "Jeff",
            "display_name": "",
            "team": "TTP4V3YS1",
            "name": "jeff",
            "is_restricted": false,
            "is_ultra_restricted": false
        },
        "edited": {
            "user": "UTRAESNUW",
            "ts": "1588772608.000000"
        },
        "blocks": [
            {
                "type": "rich_text",
                "block_id": "N=7",
                "elements": [
                    {
                        "type": "rich_text_section",
                        "elements": [
                            {
                                "type": "user",
                                "user_id": "UTP4932RW"
                            },
                            {
                                "type": "text",
                                "text": " Awesome! Looks like there is a difference between ending and beginning cash for the quarters. Can you take a look? Also can you remove the lines around the interco?"
                            }
                        ]
                    }
                ]
            }
        ]
    },
    {
        "type": "message",
        "text": "All set",
        "files": [
            {
                "id": "F012YEH4J22",
                "created": 1588773795,
                "timestamp": 1588773795,
                "name": "image.png",
                "title": "image.png",
                "mimetype": "image\/png",
                "filetype": "png",
                "pretty_type": "PNG",
                "user": "UTP4932RW",
                "editable": false,
                "size": 32126,
                "mode": "hosted",
                "is_external": false,
                "external_type": "",
                "is_public": true,
                "public_url_shared": false,
                "display_as_bot": false,
                "username": "",
                "url_private": "https:\/\/files.slack.com\/files-pri\/TTP4V3YS1-F012YEH4J22\/image.png?t=xoxe-941165134885-1162655895171-1161068338021-407a1cef78b9833e75f3a32df341ed60",
                "url_private_download": "https:\/\/files.slack.com\/files-pri\/TTP4V3YS1-F012YEH4J22\/download\/image.png?t=xoxe-941165134885-1162655895171-1161068338021-407a1cef78b9833e75f3a32df341ed60",
                "thumb_64": "https:\/\/files.slack.com\/files-tmb\/TTP4V3YS1-F012YEH4J22-cb3b8bc90f\/image_64.png?t=xoxe-941165134885-1162655895171-1161068338021-407a1cef78b9833e75f3a32df341ed60",
                "thumb_80": "https:\/\/files.slack.com\/files-tmb\/TTP4V3YS1-F012YEH4J22-cb3b8bc90f\/image_80.png?t=xoxe-941165134885-1162655895171-1161068338021-407a1cef78b9833e75f3a32df341ed60",
                "thumb_360": "https:\/\/files.slack.com\/files-tmb\/TTP4V3YS1-F012YEH4J22-cb3b8bc90f\/image_360.png?t=xoxe-941165134885-1162655895171-1161068338021-407a1cef78b9833e75f3a32df341ed60",
                "thumb_360_w": 336,
                "thumb_360_h": 360,
                "thumb_480": "https:\/\/files.slack.com\/files-tmb\/TTP4V3YS1-F012YEH4J22-cb3b8bc90f\/image_480.png?t=xoxe-941165134885-1162655895171-1161068338021-407a1cef78b9833e75f3a32df341ed60",
                "thumb_480_w": 448,
                "thumb_480_h": 480,
                "thumb_160": "https:\/\/files.slack.com\/files-tmb\/TTP4V3YS1-F012YEH4J22-cb3b8bc90f\/image_160.png?t=xoxe-941165134885-1162655895171-1161068338021-407a1cef78b9833e75f3a32df341ed60",
                "original_w": 473,
                "original_h": 507,
                "thumb_tiny": "AwAwACy8pLMfT1xTiBkfIT71EpQHkGnyFRjjmgBQi5P7s\/XNG0Y\/1bfnSZXzMY\/SkG3DfKcfQ0AOIO0bQRTxg9qiyvl5I\/Q0+IgpxQBCu\/IwRUkhkGMMKRAM85p7BQAcZzQAzc\/mgHpTg7EN0496Xau7GBSAL83y9PegBGd\/K3DANOhJKZPXNJhdm7bTo\/u8UARoMHliKdIOhyaiVcnqTj0p7ruxwaAHFf3nVs0AHDctTdn7zdhsUgQ4YYbnpzQA\/GY+S1LF9yoyjeWFwc5qSIbUwaAP\/9k=",
                "permalink": "https:\/\/qwinzy.slack.com\/files\/UTP4932RW\/F012YEH4J22\/image.png",
                "permalink_public": "https:\/\/slack-files.com\/TTP4V3YS1-F012YEH4J22-809305935e",
                "is_starred": false,
                "has_rich_preview": false
            }
        ],
        "upload": true,
        "blocks": [
            {
                "type": "rich_text",
                "block_id": "kLBUu",
                "elements": [
                    {
                        "type": "rich_text_section",
                        "elements": [
                            {
                                "type": "text",
                                "text": "All set"
                            }
                        ]
                    }
                ]
            }
        ],
        "user": "UTP4932RW",
        "display_as_bot": false,
        "ts": "1588773798.003100",
        "client_msg_id": "98b6b7a1-40f7-453f-958c-09cc5c63086b"
    },
    {
        "client_msg_id": "e0e3cdcd-507a-43db-94a5-62719b753813",
        "type": "message",
        "text": "The begging cash is supposed to change like that.\nThat's how it was in the version you gave me.\nWk\/Mth\/Qtr 1 all start in the same place + Net Cash Flow + Restricted Cast = Ending\nThe following Beginning Balance = Prior Ending Balance - Prior Restricted Cash\nI assumed it was like that to capture any changes in the Restriced Balance without having a net change line for it",
        "user": "UTP4932RW",
        "ts": "1588774049.005300",
        "team": "TTP4V3YS1",
        "user_team": "TTP4V3YS1",
        "source_team": "TTP4V3YS1",
        "user_profile": {
            "avatar_hash": "74e069427e2a",
            "image_72": "https:\/\/avatars.slack-edge.com\/2020-05-19\/1127425449142_74e069427e2aaa40f188_72.jpg",
            "first_name": "Anthony",
            "real_name": "Anthony R. Illobre",
            "display_name": "ARI",
            "team": "TTP4V3YS1",
            "name": "anthony",
            "is_restricted": false,
            "is_ultra_restricted": false
        },
        "edited": {
            "user": "UTP4932RW",
            "ts": "1588774235.000000"
        },
        "blocks": [
            {
                "type": "rich_text",
                "block_id": "Pgl",
                "elements": [
                    {
                        "type": "rich_text_section",
                        "elements": [
                            {
                                "type": "text",
                                "text": "The begging cash is supposed to change like that.\nThat's how it was in the version you gave me.\nWk\/Mth\/Qtr 1 all start in the same place + Net Cash Flow + Restricted Cast = Ending\nThe following Beginning Balance = Prior Ending Balance - Prior Restricted Cash\nI assumed it was like that to capture any changes in the Restriced Balance without having a net change line for it"
                            }
                        ]
                    }
                ]
            }
        ]
    },
    {
        "client_msg_id": "87c8fcbd-f05b-4250-8f09-c1b21042826f",
        "type": "message",
        "text": "Awesome! What is the 75k interco out in Q2?",
        "user": "UTRAESNUW",
        "ts": "1588774605.005700",
        "team": "TTP4V3YS1",
        "user_team": "TTP4V3YS1",
        "source_team": "TTP4V3YS1",
        "user_profile": {
            "avatar_hash": "g8d095fb8b4a",
            "image_72": "https:\/\/secure.gravatar.com\/avatar\/8d095fb8b4ad808e7f2252ed0c896b65.jpg?s=72&d=https%3A%2F%2Fa.slack-edge.com%2Fdf10d%2Fimg%2Favatars%2Fava_0025-72.png",
            "first_name": "Jeff",
            "real_name": "Jeff",
            "display_name": "",
            "team": "TTP4V3YS1",
            "name": "jeff",
            "is_restricted": false,
            "is_ultra_restricted": false
        },
        "blocks": [
            {
                "type": "rich_text",
                "block_id": "7421s",
                "elements": [
                    {
                        "type": "rich_text_section",
                        "elements": [
                            {
                                "type": "text",
                                "text": "Awesome! What is the 75k interco out in Q2?"
                            }
                        ]
                    }
                ]
            }
        ]
    },
    {
        "client_msg_id": "82e224b4-308b-4482-b953-78e23d72f76a",
        "type": "message",
        "text": "There's no note in the CP sub-reports just the #.\nAll I can tell is the $75k is projected to Expedia this week and that there was a similar transaction the week of 3\/7\/20.\nI'll ask Raf",
        "user": "UTP4932RW",
        "ts": "1588775006.008500",
        "team": "TTP4V3YS1",
        "user_team": "TTP4V3YS1",
        "source_team": "TTP4V3YS1",
        "user_profile": {
            "avatar_hash": "74e069427e2a",
            "image_72": "https:\/\/avatars.slack-edge.com\/2020-05-19\/1127425449142_74e069427e2aaa40f188_72.jpg",
            "first_name": "Anthony",
            "real_name": "Anthony R. Illobre",
            "display_name": "ARI",
            "team": "TTP4V3YS1",
            "name": "anthony",
            "is_restricted": false,
            "is_ultra_restricted": false
        },
        "blocks": [
            {
                "type": "rich_text",
                "block_id": "rztFK",
                "elements": [
                    {
                        "type": "rich_text_section",
                        "elements": [
                            {
                                "type": "text",
                                "text": "There's no note in the CP sub-reports just the #.\nAll I can tell is the $75k is projected to Expedia this week and that there was a similar transaction the week of 3\/7\/20.\nI'll ask Raf"
                            }
                        ]
                    }
                ]
            }
        ]
    },
    {
        "client_msg_id": "8C09A7DD-8ACA-4EBE-80BF-F3F8D7E11029",
        "type": "message",
        "text": "No prob. Looks great!",
        "user": "UTRAESNUW",
        "ts": "1588776493.008900",
        "team": "TTP4V3YS1",
        "user_team": "TTP4V3YS1",
        "source_team": "TTP4V3YS1",
        "user_profile": {
            "avatar_hash": "g8d095fb8b4a",
            "image_72": "https:\/\/secure.gravatar.com\/avatar\/8d095fb8b4ad808e7f2252ed0c896b65.jpg?s=72&d=https%3A%2F%2Fa.slack-edge.com%2Fdf10d%2Fimg%2Favatars%2Fava_0025-72.png",
            "first_name": "Jeff",
            "real_name": "Jeff",
            "display_name": "",
            "team": "TTP4V3YS1",
            "name": "jeff",
            "is_restricted": false,
            "is_ultra_restricted": false
        },
        "blocks": [
            {
                "type": "rich_text",
                "block_id": "ixScr",
                "elements": [
                    {
                        "type": "rich_text_section",
                        "elements": [
                            {
                                "type": "text",
                                "text": "No prob. Looks great!"
                            }
                        ]
                    }
                ]
            }
        ]
    },
    {
        "client_msg_id": "a77c5ba2-5a49-442f-b4e7-f4df4922adc5",
        "type": "message",
        "text": "Raf said the interco from OVC to Expedia was to cover payables from Monday because Expedia would've been close to a negative cash balance.",
        "user": "UTP4932RW",
        "ts": "1588777618.010400",
        "team": "TTP4V3YS1",
        "user_team": "TTP4V3YS1",
        "source_team": "TTP4V3YS1",
        "user_profile": {
            "avatar_hash": "74e069427e2a",
            "image_72": "https:\/\/avatars.slack-edge.com\/2020-05-19\/1127425449142_74e069427e2aaa40f188_72.jpg",
            "first_name": "Anthony",
            "real_name": "Anthony R. Illobre",
            "display_name": "ARI",
            "team": "TTP4V3YS1",
            "name": "anthony",
            "is_restricted": false,
            "is_ultra_restricted": false
        },
        "blocks": [
            {
                "type": "rich_text",
                "block_id": "Edj3",
                "elements": [
                    {
                        "type": "rich_text_section",
                        "elements": [
                            {
                                "type": "text",
                                "text": "Raf said the interco from OVC to Expedia was to cover payables from Monday because Expedia would've been close to a negative cash balance."
                            }
                        ]
                    }
                ]
            }
        ]
    },
    {
        "client_msg_id": "7f92463a-2cea-4fb9-a215-4045145a5ac8",
        "type": "message",
        "text": "Got it. Thanks for confirming!",
        "user": "UTRAESNUW",
        "ts": "1588778665.010700",
        "team": "TTP4V3YS1",
        "user_team": "TTP4V3YS1",
        "source_team": "TTP4V3YS1",
        "user_profile": {
            "avatar_hash": "g8d095fb8b4a",
            "image_72": "https:\/\/secure.gravatar.com\/avatar\/8d095fb8b4ad808e7f2252ed0c896b65.jpg?s=72&d=https%3A%2F%2Fa.slack-edge.com%2Fdf10d%2Fimg%2Favatars%2Fava_0025-72.png",
            "first_name": "Jeff",
            "real_name": "Jeff",
            "display_name": "",
            "team": "TTP4V3YS1",
            "name": "jeff",
            "is_restricted": false,
            "is_ultra_restricted": false
        },
        "blocks": [
            {
                "type": "rich_text",
                "block_id": "Q0mw",
                "elements": [
                    {
                        "type": "rich_text_section",
                        "elements": [
                            {
                                "type": "text",
                                "text": "Got it. Thanks for confirming!"
                            }
                        ]
                    }
                ]
            }
        ]
    }
]