[
    {
        "type": "message",
        "text": "PPP balances",
        "files": [
            {
                "id": "F012U6FTSQP",
                "created": 1588883008,
                "timestamp": 1588883008,
                "name": "image.png",
                "title": "image.png",
                "mimetype": "image\/png",
                "filetype": "png",
                "pretty_type": "PNG",
                "user": "UTRAESNUW",
                "editable": false,
                "size": 42588,
                "mode": "hosted",
                "is_external": false,
                "external_type": "",
                "is_public": true,
                "public_url_shared": false,
                "display_as_bot": false,
                "username": "",
                "url_private": "https:\/\/files.slack.com\/files-pri\/TTP4V3YS1-F012U6FTSQP\/image.png?t=xoxe-941165134885-1162655895171-1161068338021-407a1cef78b9833e75f3a32df341ed60",
                "url_private_download": "https:\/\/files.slack.com\/files-pri\/TTP4V3YS1-F012U6FTSQP\/download\/image.png?t=xoxe-941165134885-1162655895171-1161068338021-407a1cef78b9833e75f3a32df341ed60",
                "thumb_64": "https:\/\/files.slack.com\/files-tmb\/TTP4V3YS1-F012U6FTSQP-89de9389a0\/image_64.png?t=xoxe-941165134885-1162655895171-1161068338021-407a1cef78b9833e75f3a32df341ed60",
                "thumb_80": "https:\/\/files.slack.com\/files-tmb\/TTP4V3YS1-F012U6FTSQP-89de9389a0\/image_80.png?t=xoxe-941165134885-1162655895171-1161068338021-407a1cef78b9833e75f3a32df341ed60",
                "thumb_360": "https:\/\/files.slack.com\/files-tmb\/TTP4V3YS1-F012U6FTSQP-89de9389a0\/image_360.png?t=xoxe-941165134885-1162655895171-1161068338021-407a1cef78b9833e75f3a32df341ed60",
                "thumb_360_w": 223,
                "thumb_360_h": 360,
                "thumb_480": "https:\/\/files.slack.com\/files-tmb\/TTP4V3YS1-F012U6FTSQP-89de9389a0\/image_480.png?t=xoxe-941165134885-1162655895171-1161068338021-407a1cef78b9833e75f3a32df341ed60",
                "thumb_480_w": 298,
                "thumb_480_h": 480,
                "thumb_160": "https:\/\/files.slack.com\/files-tmb\/TTP4V3YS1-F012U6FTSQP-89de9389a0\/image_160.png?t=xoxe-941165134885-1162655895171-1161068338021-407a1cef78b9833e75f3a32df341ed60",
                "thumb_720": "https:\/\/files.slack.com\/files-tmb\/TTP4V3YS1-F012U6FTSQP-89de9389a0\/image_720.png?t=xoxe-941165134885-1162655895171-1161068338021-407a1cef78b9833e75f3a32df341ed60",
                "thumb_720_w": 447,
                "thumb_720_h": 720,
                "thumb_800": "https:\/\/files.slack.com\/files-tmb\/TTP4V3YS1-F012U6FTSQP-89de9389a0\/image_800.png?t=xoxe-941165134885-1162655895171-1161068338021-407a1cef78b9833e75f3a32df341ed60",
                "thumb_800_w": 497,
                "thumb_800_h": 800,
                "original_w": 535,
                "original_h": 862,
                "thumb_tiny": "AwAwAB2+QzsMhlA7g05m24\/wppkyQIypPcGnk49eaAISW3Z+br0p4fPXj8KQyEMeBge9PDZ6ZOKAEeQIcEE\/QUpCnGcUBApyCfxNDAkjBxj2oAYTGGxjmnbU9vzpCmTy9KEI6N19qADaxYbtpA5GKVs5GAfzph3M3BZPw4pxbaBkj8aAGFCWzt\/WnDf3B\/A0wyHdkNx6U8SA91H1NAH\/2Q==",
                "permalink": "https:\/\/qwinzy.slack.com\/files\/UTRAESNUW\/F012U6FTSQP\/image.png",
                "permalink_public": "https:\/\/slack-files.com\/TTP4V3YS1-F012U6FTSQP-0f467f80f9",
                "is_starred": false,
                "has_rich_preview": false
            }
        ],
        "upload": true,
        "blocks": [
            {
                "type": "rich_text",
                "block_id": "19eP",
                "elements": [
                    {
                        "type": "rich_text_section",
                        "elements": [
                            {
                                "type": "text",
                                "text": "PPP balances"
                            }
                        ]
                    }
                ]
            }
        ],
        "user": "UTRAESNUW",
        "display_as_bot": false,
        "ts": "1588883010.010800",
        "client_msg_id": "875c40be-d095-4e20-ae43-4fd30aa6d3cb"
    }
]