[
    {
        "type": "message",
        "subtype": "channel_join",
        "ts": "1581968950.000200",
        "user": "UTRAESNUW",
        "text": "<@UTRAESNUW> has joined the channel"
    },
    {
        "type": "message",
        "subtype": "channel_join",
        "ts": "1581968956.000400",
        "user": "UTP4932RW",
        "text": "<@UTP4932RW> has joined the channel",
        "inviter": "UTRAESNUW"
    },
    {
        "client_msg_id": "da823c7b-a4ea-43a3-8bbf-01790ef7604d",
        "type": "message",
        "text": "You should have just received an invite to the Komuso Shopify account. We want to start tracking these KPIs\n• Return Rates\n• Discounts (15% code vs 10% code vs no discount code)\n• Geographical sales spread\n• LCV: how many sales per customer\n• Sales conversions per source\n• Website traffic",
        "user": "UTRAESNUW",
        "ts": "1581969262.001200",
        "team": "TTP4V3YS1",
        "user_team": "TTP4V3YS1",
        "source_team": "TTP4V3YS1",
        "user_profile": {
            "avatar_hash": "g8d095fb8b4a",
            "image_72": "https:\/\/secure.gravatar.com\/avatar\/8d095fb8b4ad808e7f2252ed0c896b65.jpg?s=72&d=https%3A%2F%2Fa.slack-edge.com%2Fdf10d%2Fimg%2Favatars%2Fava_0025-72.png",
            "first_name": "Jeff",
            "real_name": "Jeff",
            "display_name": "",
            "team": "TTP4V3YS1",
            "name": "jeff",
            "is_restricted": false,
            "is_ultra_restricted": false
        },
        "blocks": [
            {
                "type": "rich_text",
                "block_id": "rBE",
                "elements": [
                    {
                        "type": "rich_text_section",
                        "elements": [
                            {
                                "type": "text",
                                "text": "You should have just received an invite to the Komuso Shopify account. We want to start tracking these KPIs\n"
                            }
                        ]
                    },
                    {
                        "type": "rich_text_list",
                        "elements": [
                            {
                                "type": "rich_text_section",
                                "elements": [
                                    {
                                        "type": "text",
                                        "text": "Return Rates"
                                    }
                                ]
                            },
                            {
                                "type": "rich_text_section",
                                "elements": [
                                    {
                                        "type": "text",
                                        "text": "Discounts (15% code vs 10% code vs no discount code)"
                                    }
                                ]
                            },
                            {
                                "type": "rich_text_section",
                                "elements": [
                                    {
                                        "type": "text",
                                        "text": "Geographical sales spread"
                                    }
                                ]
                            },
                            {
                                "type": "rich_text_section",
                                "elements": [
                                    {
                                        "type": "text",
                                        "text": "LCV: how many sales per customer"
                                    }
                                ]
                            },
                            {
                                "type": "rich_text_section",
                                "elements": [
                                    {
                                        "type": "text",
                                        "text": "Sales conversions per source"
                                    }
                                ]
                            },
                            {
                                "type": "rich_text_section",
                                "elements": [
                                    {
                                        "type": "text",
                                        "text": "Website traffic"
                                    }
                                ]
                            }
                        ],
                        "style": "bullet",
                        "indent": 0
                    }
                ]
            }
        ]
    }
]