[
{
    "id": "CTBKWNK0B",
    "name": "general",
    "created": 1581040139,
    "creator": "UTRAESNUW",
    "is_archived": false,
    "is_general": true,
    "members": [
        "UTP4932RW",
        "UTRAESNUW",
        "U014PASBV5E"
    ],
    "topic": {
        "value": "Company-wide announcements and work-based matters",
        "creator": "UTRAESNUW",
        "last_set": 1581040139
    },
    "purpose": {
        "value": "This channel is for workspace-wide communication and announcements. All members are in this channel.",
        "creator": "UTRAESNUW",
        "last_set": 1581040139
    }
},
{
    "id": "CTNLAC5HA",
    "name": "random",
    "created": 1581040140,
    "creator": "UTRAESNUW",
    "is_archived": false,
    "is_general": false,
    "members": [
        "UTRAESNUW",
        "U014PASBV5E"
    ],
    "topic": {
        "value": "Non-work banter and water cooler conversation",
        "creator": "UTRAESNUW",
        "last_set": 1581040140
    },
    "purpose": {
        "value": "A place for non-work-related flimflam, faffing, hodge-podge or jibber-jabber you'd prefer to keep out of more focused work-related channels.",
        "creator": "UTRAESNUW",
        "last_set": 1581040140
    }
},
{
    "id": "CTP48QR7S",
    "name": "smarthop",
    "created": 1581040140,
    "creator": "UTRAESNUW",
    "is_archived": false,
    "is_general": false,
    "members": [
        "UTP4932RW",
        "UTRAESNUW",
        "U014PASBV5E"
    ],
    "topic": {
        "value": "",
        "creator": "",
        "last_set": 0
    },
    "purpose": {
        "value": "",
        "creator": "",
        "last_set": 0
    }
},
{
    "id": "CU44WDVME",
    "name": "komuso",
    "created": 1581968950,
    "creator": "UTRAESNUW",
    "is_archived": false,
    "is_general": false,
    "members": [
        "UTP4932RW",
        "UTRAESNUW"
    ],
    "topic": {
        "value": "",
        "creator": "",
        "last_set": 0
    },
    "purpose": {
        "value": "",
        "creator": "",
        "last_set": 0
    }
},
{
    "id": "CUB7AMB8C",
    "name": "timeout",
    "created": 1582310806,
    "creator": "UTP4932RW",
    "is_archived": false,
    "is_general": false,
    "members": [
        "UTP4932RW",
        "UTRAESNUW"
    ],
    "topic": {
        "value": "",
        "creator": "",
        "last_set": 0
    },
    "purpose": {
        "value": "",
        "creator": "",
        "last_set": 0
    }
},
{
    "id": "CULS9M81K",
    "name": "ovch",
    "created": 1582836670,
    "creator": "UTP4932RW",
    "is_archived": false,
    "is_general": false,
    "members": [
        "UTP4932RW",
        "UTRAESNUW",
        "U014PASBV5E"
    ],
    "topic": {
        "value": "",
        "creator": "",
        "last_set": 0
    },
    "purpose": {
        "value": "Online Vacation Center Holdings",
        "creator": "UTP4932RW",
        "last_set": 1582836671
    }
},
{
    "id": "CV759DA30",
    "name": "rk-hd",
    "created": 1583835754,
    "creator": "UTRAESNUW",
    "is_archived": false,
    "is_general": false,
    "members": [
        "UTP4932RW",
        "UTRAESNUW"
    ],
    "topic": {
        "value": "",
        "creator": "",
        "last_set": 0
    },
    "purpose": {
        "value": "",
        "creator": "",
        "last_set": 0
    }
},
{
    "id": "CV8FUR1V1",
    "name": "deals",
    "created": 1584457308,
    "creator": "UTRAESNUW",
    "is_archived": false,
    "is_general": false,
    "members": [
        "UTP4932RW",
        "UTRAESNUW"
    ],
    "topic": {
        "value": "",
        "creator": "",
        "last_set": 0
    },
    "purpose": {
        "value": "",
        "creator": "",
        "last_set": 0
    }
}
]