[
{
    "user_id": "UTP4932RW",
    "user_name": "anthony",
    "date": "1591134883",
    "change_type": "added",
    "app_type": "Slack for Outlook",
    "app_id": "AFS3736H3",
    "scope": "identify,channels:read,groups:read,im:read,mpim:read,team:read,users.profile:read,im:write,emails:write"
},
{
    "user_id": "U014PASBV5E",
    "user_name": "denise",
    "date": "1590078406",
    "change_type": "added",
    "app_type": "Google Calendar",
    "app_id": "ADZ494LHY",
    "scope": "identify,bot,commands,users.profile:write"
},
{
    "user_id": "UTP4932RW",
    "user_name": "anthony",
    "date": "1589951685",
    "change_type": "expanded",
    "app_type": "monday.com",
    "app_id": "AABU499TM",
    "scope": "identify,commands,channels:read,groups:read,team:read,users.profile:read,chat:write:bot"
},
{
    "user_id": "UTP4932RW",
    "user_name": "anthony",
    "date": "1589951602",
    "change_type": "expanded",
    "app_type": "monday.com",
    "app_id": "AABU499TM",
    "scope": "identify,commands,channels:read,groups:read,team:read,users.profile:read,chat:write:bot"
},
{
    "user_id": "UTP4932RW",
    "user_name": "anthony",
    "date": "1589951212",
    "change_type": "added",
    "app_type": "Tack",
    "app_id": "AN0FXGHE1"
},
{
    "user_id": "UTP4932RW",
    "user_name": "anthony",
    "date": "1589951211",
    "change_type": "added",
    "app_type": "Tack",
    "app_id": "AN0FXGHE1",
    "scope": "identify,users:read,users.profile:read,users.profile:write"
},
{
    "user_id": "UTP4932RW",
    "user_name": "anthony",
    "date": "1589950956",
    "change_type": "added",
    "app_type": "monday.com",
    "app_id": "AABU499TM",
    "scope": "identify,commands,channels:read,groups:read,team:read,users.profile:read,chat:write:bot"
},
{
    "user_id": "UTP4932RW",
    "user_name": "anthony",
    "date": "1589931255",
    "change_type": "added",
    "app_type": "Microsoft Teams Calls",
    "app_id": "ARRK29W8N"
},
{
    "user_id": "UTP4932RW",
    "user_name": "anthony",
    "date": "1589931254",
    "change_type": "added",
    "app_type": "Microsoft Teams Calls",
    "app_id": "ARRK29W8N",
    "scope": "identify,links:read,links:write"
},
{
    "user_id": "UTP4932RW",
    "user_name": "anthony",
    "date": "1589926739",
    "change_type": "added",
    "app_type": "Outlook Calendar",
    "app_id": "AFV5ECLBZ",
    "scope": "identify,bot,commands,users.profile:write"
},
{
    "user_id": "UTP4932RW",
    "user_name": "anthony",
    "date": "1583842146",
    "change_type": "added",
    "app_type": "Google Drive",
    "app_id": "A6NL8MJ6Q",
    "scope": "identify,bot,channels:read,files:read,team:read,users:read,users:read.email,chat:write:bot,links:read"
},
{
    "user_id": "UTP4932RW",
    "user_name": "anthony",
    "date": "1583842141",
    "change_type": "added",
    "service_id": 993334904438,
    "service_type": "Google Drive",
    "scope": "files:write:user"
},
{
    "user_id": "UTP4932RW",
    "user_name": "anthony",
    "date": "1583842037",
    "change_type": "added",
    "app_type": "Google Calendar",
    "app_id": "ADZ494LHY",
    "scope": "identify,bot,commands,users.profile:write"
}
]