[
    {
        "id": "UTP4932RW",
        "team_id": "TTP4V3YS1",
        "name": "anthony",
        "deleted": false,
        "color": "4bbe2e",
        "real_name": "Anthony R. Illobre",
        "tz": "America\/New_York",
        "tz_label": "Eastern Daylight Time",
        "tz_offset": -14400,
        "profile": {
            "title": "Ninja",
            "phone": "(857) 417-9846",
            "skype": "",
            "real_name": "Anthony R. Illobre",
            "real_name_normalized": "Anthony R. Illobre",
            "display_name": "ARI",
            "display_name_normalized": "ARI",
            "fields": [],
            "status_text": "",
            "status_emoji": "",
            "status_expiration": 0,
            "avatar_hash": "74e069427e2a",
            "image_original": "https:\/\/avatars.slack-edge.com\/2020-05-19\/1127425449142_74e069427e2aaa40f188_original.jpg",
            "is_custom_image": true,
            "email": "anthony@qwinzy.com",
            "first_name": "Anthony",
            "last_name": "R. Illobre",
            "image_24": "https:\/\/avatars.slack-edge.com\/2020-05-19\/1127425449142_74e069427e2aaa40f188_24.jpg",
            "image_32": "https:\/\/avatars.slack-edge.com\/2020-05-19\/1127425449142_74e069427e2aaa40f188_32.jpg",
            "image_48": "https:\/\/avatars.slack-edge.com\/2020-05-19\/1127425449142_74e069427e2aaa40f188_48.jpg",
            "image_72": "https:\/\/avatars.slack-edge.com\/2020-05-19\/1127425449142_74e069427e2aaa40f188_72.jpg",
            "image_192": "https:\/\/avatars.slack-edge.com\/2020-05-19\/1127425449142_74e069427e2aaa40f188_192.jpg",
            "image_512": "https:\/\/avatars.slack-edge.com\/2020-05-19\/1127425449142_74e069427e2aaa40f188_512.jpg",
            "image_1024": "https:\/\/avatars.slack-edge.com\/2020-05-19\/1127425449142_74e069427e2aaa40f188_1024.jpg",
            "status_text_canonical": "",
            "team": "TTP4V3YS1"
        },
        "is_admin": true,
        "is_owner": false,
        "is_primary_owner": false,
        "is_restricted": false,
        "is_ultra_restricted": false,
        "is_bot": false,
        "is_app_user": false,
        "updated": 1591199954
    },
    {
        "id": "UTRAESNUW",
        "team_id": "TTP4V3YS1",
        "name": "jeff",
        "deleted": false,
        "color": "9f69e7",
        "real_name": "Jeff",
        "tz": "America\/New_York",
        "tz_label": "Eastern Daylight Time",
        "tz_offset": -14400,
        "profile": {
            "title": "",
            "phone": "",
            "skype": "",
            "real_name": "Jeff",
            "real_name_normalized": "Jeff",
            "display_name": "",
            "display_name_normalized": "",
            "fields": [],
            "status_text": "",
            "status_emoji": "",
            "status_expiration": 0,
            "avatar_hash": "g8d095fb8b4a",
            "email": "jeff@qwinzy.com",
            "first_name": "Jeff",
            "last_name": "",
            "image_24": "https:\/\/secure.gravatar.com\/avatar\/8d095fb8b4ad808e7f2252ed0c896b65.jpg?s=24&d=https%3A%2F%2Fa.slack-edge.com%2Fdf10d%2Fimg%2Favatars%2Fava_0025-24.png",
            "image_32": "https:\/\/secure.gravatar.com\/avatar\/8d095fb8b4ad808e7f2252ed0c896b65.jpg?s=32&d=https%3A%2F%2Fa.slack-edge.com%2Fdf10d%2Fimg%2Favatars%2Fava_0025-32.png",
            "image_48": "https:\/\/secure.gravatar.com\/avatar\/8d095fb8b4ad808e7f2252ed0c896b65.jpg?s=48&d=https%3A%2F%2Fa.slack-edge.com%2Fdf10d%2Fimg%2Favatars%2Fava_0025-48.png",
            "image_72": "https:\/\/secure.gravatar.com\/avatar\/8d095fb8b4ad808e7f2252ed0c896b65.jpg?s=72&d=https%3A%2F%2Fa.slack-edge.com%2Fdf10d%2Fimg%2Favatars%2Fava_0025-72.png",
            "image_192": "https:\/\/secure.gravatar.com\/avatar\/8d095fb8b4ad808e7f2252ed0c896b65.jpg?s=192&d=https%3A%2F%2Fa.slack-edge.com%2Fdf10d%2Fimg%2Favatars%2Fava_0025-192.png",
            "image_512": "https:\/\/secure.gravatar.com\/avatar\/8d095fb8b4ad808e7f2252ed0c896b65.jpg?s=512&d=https%3A%2F%2Fa.slack-edge.com%2Fdf10d%2Fimg%2Favatars%2Fava_0025-512.png",
            "status_text_canonical": "",
            "team": "TTP4V3YS1"
        },
        "is_admin": true,
        "is_owner": true,
        "is_primary_owner": true,
        "is_restricted": false,
        "is_ultra_restricted": false,
        "is_bot": false,
        "is_app_user": false,
        "updated": 1582144825
    },
    {
        "id": "UUV122KJ5",
        "team_id": "TTP4V3YS1",
        "name": "google_calendar",
        "deleted": false,
        "color": "e7392d",
        "real_name": "Google Calendar",
        "tz": "America\/Los_Angeles",
        "tz_label": "Pacific Daylight Time",
        "tz_offset": -25200,
        "profile": {
            "title": "",
            "phone": "",
            "skype": "",
            "real_name": "Google Calendar",
            "real_name_normalized": "Google Calendar",
            "display_name": "",
            "display_name_normalized": "",
            "fields": null,
            "status_text": "",
            "status_emoji": "",
            "status_expiration": 0,
            "avatar_hash": "25dcc69d8c33",
            "api_app_id": "ADZ494LHY",
            "always_active": true,
            "image_original": "https:\/\/avatars.slack-edge.com\/2020-03-10\/992985425815_25dcc69d8c336ade64a8_original.png",
            "is_custom_image": true,
            "bot_id": "BUS9U1L90",
            "image_24": "https:\/\/avatars.slack-edge.com\/2020-03-10\/992985425815_25dcc69d8c336ade64a8_24.png",
            "image_32": "https:\/\/avatars.slack-edge.com\/2020-03-10\/992985425815_25dcc69d8c336ade64a8_32.png",
            "image_48": "https:\/\/avatars.slack-edge.com\/2020-03-10\/992985425815_25dcc69d8c336ade64a8_48.png",
            "image_72": "https:\/\/avatars.slack-edge.com\/2020-03-10\/992985425815_25dcc69d8c336ade64a8_72.png",
            "image_192": "https:\/\/avatars.slack-edge.com\/2020-03-10\/992985425815_25dcc69d8c336ade64a8_192.png",
            "image_512": "https:\/\/avatars.slack-edge.com\/2020-03-10\/992985425815_25dcc69d8c336ade64a8_512.png",
            "image_1024": "https:\/\/avatars.slack-edge.com\/2020-03-10\/992985425815_25dcc69d8c336ade64a8_1024.png",
            "status_text_canonical": "",
            "team": "TTP4V3YS1"
        },
        "is_admin": false,
        "is_owner": false,
        "is_primary_owner": false,
        "is_restricted": false,
        "is_ultra_restricted": false,
        "is_bot": true,
        "is_app_user": false,
        "updated": 1583842040
    },
    {
        "id": "UV79V0H70",
        "team_id": "TTP4V3YS1",
        "name": "googledrive",
        "deleted": false,
        "color": "3c989f",
        "real_name": "Google Drive",
        "tz": "America\/Los_Angeles",
        "tz_label": "Pacific Daylight Time",
        "tz_offset": -25200,
        "profile": {
            "title": "",
            "phone": "",
            "skype": "",
            "real_name": "Google Drive",
            "real_name_normalized": "Google Drive",
            "display_name": "",
            "display_name_normalized": "",
            "fields": null,
            "status_text": "",
            "status_emoji": "",
            "status_expiration": 0,
            "avatar_hash": "695987541ab2",
            "api_app_id": "A6NL8MJ6Q",
            "always_active": true,
            "image_original": "https:\/\/avatars.slack-edge.com\/2020-03-10\/990669847060_695987541ab266f37bce_original.png",
            "is_custom_image": true,
            "bot_id": "BV4KPPSGL",
            "image_24": "https:\/\/avatars.slack-edge.com\/2020-03-10\/990669847060_695987541ab266f37bce_24.png",
            "image_32": "https:\/\/avatars.slack-edge.com\/2020-03-10\/990669847060_695987541ab266f37bce_32.png",
            "image_48": "https:\/\/avatars.slack-edge.com\/2020-03-10\/990669847060_695987541ab266f37bce_48.png",
            "image_72": "https:\/\/avatars.slack-edge.com\/2020-03-10\/990669847060_695987541ab266f37bce_72.png",
            "image_192": "https:\/\/avatars.slack-edge.com\/2020-03-10\/990669847060_695987541ab266f37bce_192.png",
            "image_512": "https:\/\/avatars.slack-edge.com\/2020-03-10\/990669847060_695987541ab266f37bce_512.png",
            "image_1024": "https:\/\/avatars.slack-edge.com\/2020-03-10\/990669847060_695987541ab266f37bce_1024.png",
            "status_text_canonical": "",
            "team": "TTP4V3YS1"
        },
        "is_admin": false,
        "is_owner": false,
        "is_primary_owner": false,
        "is_restricted": false,
        "is_ultra_restricted": false,
        "is_bot": true,
        "is_app_user": false,
        "updated": 1583842149
    },
    {
        "id": "U013WQMQZU5",
        "team_id": "TTP4V3YS1",
        "name": "outlook_calendar",
        "deleted": false,
        "color": "674b1b",
        "real_name": "Outlook Calendar",
        "tz": "America\/Los_Angeles",
        "tz_label": "Pacific Daylight Time",
        "tz_offset": -25200,
        "profile": {
            "title": "",
            "phone": "",
            "skype": "",
            "real_name": "Outlook Calendar",
            "real_name_normalized": "Outlook Calendar",
            "display_name": "",
            "display_name_normalized": "",
            "fields": null,
            "status_text": "",
            "status_emoji": "",
            "status_expiration": 0,
            "avatar_hash": "85aedd7da1d6",
            "api_app_id": "AFV5ECLBZ",
            "always_active": true,
            "image_original": "https:\/\/avatars.slack-edge.com\/2020-05-19\/1119475186727_85aedd7da1d6111a3afa_original.png",
            "is_custom_image": true,
            "bot_id": "B013HDZ4CT1",
            "image_24": "https:\/\/avatars.slack-edge.com\/2020-05-19\/1119475186727_85aedd7da1d6111a3afa_24.png",
            "image_32": "https:\/\/avatars.slack-edge.com\/2020-05-19\/1119475186727_85aedd7da1d6111a3afa_32.png",
            "image_48": "https:\/\/avatars.slack-edge.com\/2020-05-19\/1119475186727_85aedd7da1d6111a3afa_48.png",
            "image_72": "https:\/\/avatars.slack-edge.com\/2020-05-19\/1119475186727_85aedd7da1d6111a3afa_72.png",
            "image_192": "https:\/\/avatars.slack-edge.com\/2020-05-19\/1119475186727_85aedd7da1d6111a3afa_192.png",
            "image_512": "https:\/\/avatars.slack-edge.com\/2020-05-19\/1119475186727_85aedd7da1d6111a3afa_512.png",
            "image_1024": "https:\/\/avatars.slack-edge.com\/2020-05-19\/1119475186727_85aedd7da1d6111a3afa_1024.png",
            "status_text_canonical": "",
            "team": "TTP4V3YS1"
        },
        "is_admin": false,
        "is_owner": false,
        "is_primary_owner": false,
        "is_restricted": false,
        "is_ultra_restricted": false,
        "is_bot": true,
        "is_app_user": false,
        "updated": 1589926743
    },
    {
        "id": "U013YRJHEUT",
        "team_id": "TTP4V3YS1",
        "name": "tack",
        "deleted": false,
        "color": "e0a729",
        "real_name": "tack",
        "tz": "America\/Los_Angeles",
        "tz_label": "Pacific Daylight Time",
        "tz_offset": -25200,
        "profile": {
            "title": "",
            "phone": "",
            "skype": "",
            "real_name": "tack",
            "real_name_normalized": "tack",
            "display_name": "",
            "display_name_normalized": "",
            "fields": null,
            "status_text": "",
            "status_emoji": "",
            "status_expiration": 0,
            "avatar_hash": "e38b331e68bf",
            "api_app_id": "AN0FXGHE1",
            "always_active": true,
            "image_original": "https:\/\/avatars.slack-edge.com\/2020-05-19\/1158496627072_e38b331e68bf3ac009a5_original.png",
            "is_custom_image": true,
            "bot_id": "B013X88B63F",
            "image_24": "https:\/\/avatars.slack-edge.com\/2020-05-19\/1158496627072_e38b331e68bf3ac009a5_24.png",
            "image_32": "https:\/\/avatars.slack-edge.com\/2020-05-19\/1158496627072_e38b331e68bf3ac009a5_32.png",
            "image_48": "https:\/\/avatars.slack-edge.com\/2020-05-19\/1158496627072_e38b331e68bf3ac009a5_48.png",
            "image_72": "https:\/\/avatars.slack-edge.com\/2020-05-19\/1158496627072_e38b331e68bf3ac009a5_72.png",
            "image_192": "https:\/\/avatars.slack-edge.com\/2020-05-19\/1158496627072_e38b331e68bf3ac009a5_192.png",
            "image_512": "https:\/\/avatars.slack-edge.com\/2020-05-19\/1158496627072_e38b331e68bf3ac009a5_512.png",
            "image_1024": "https:\/\/avatars.slack-edge.com\/2020-05-19\/1158496627072_e38b331e68bf3ac009a5_1024.png",
            "status_text_canonical": "",
            "team": "TTP4V3YS1"
        },
        "is_admin": false,
        "is_owner": false,
        "is_primary_owner": false,
        "is_restricted": false,
        "is_ultra_restricted": false,
        "is_bot": true,
        "is_app_user": false,
        "updated": 1589951215
    },
    {
        "id": "U014N4MKSEL",
        "team_id": "TTP4V3YS1",
        "name": "microsoft_teams_calls",
        "deleted": false,
        "color": "e96699",
        "real_name": "Microsoft Teams Calls",
        "tz": "America\/Los_Angeles",
        "tz_label": "Pacific Daylight Time",
        "tz_offset": -25200,
        "profile": {
            "title": "",
            "phone": "",
            "skype": "",
            "real_name": "Microsoft Teams Calls",
            "real_name_normalized": "Microsoft Teams Calls",
            "display_name": "",
            "display_name_normalized": "",
            "fields": null,
            "status_text": "",
            "status_emoji": "",
            "status_expiration": 0,
            "avatar_hash": "1fb0b616ed31",
            "api_app_id": "ARRK29W8N",
            "always_active": true,
            "image_original": "https:\/\/avatars.slack-edge.com\/2020-05-20\/1136919063923_1fb0b616ed315fdc5107_original.png",
            "is_custom_image": true,
            "bot_id": "B014ATRJSEM",
            "first_name": "Microsoft",
            "last_name": "Teams Calls",
            "image_24": "https:\/\/avatars.slack-edge.com\/2020-05-20\/1136919063923_1fb0b616ed315fdc5107_24.png",
            "image_32": "https:\/\/avatars.slack-edge.com\/2020-05-20\/1136919063923_1fb0b616ed315fdc5107_32.png",
            "image_48": "https:\/\/avatars.slack-edge.com\/2020-05-20\/1136919063923_1fb0b616ed315fdc5107_48.png",
            "image_72": "https:\/\/avatars.slack-edge.com\/2020-05-20\/1136919063923_1fb0b616ed315fdc5107_72.png",
            "image_192": "https:\/\/avatars.slack-edge.com\/2020-05-20\/1136919063923_1fb0b616ed315fdc5107_192.png",
            "image_512": "https:\/\/avatars.slack-edge.com\/2020-05-20\/1136919063923_1fb0b616ed315fdc5107_512.png",
            "image_1024": "https:\/\/avatars.slack-edge.com\/2020-05-20\/1136919063923_1fb0b616ed315fdc5107_1024.png",
            "status_text_canonical": "",
            "team": "TTP4V3YS1"
        },
        "is_admin": false,
        "is_owner": false,
        "is_primary_owner": false,
        "is_restricted": false,
        "is_ultra_restricted": false,
        "is_bot": true,
        "is_app_user": false,
        "updated": 1590008190
    },
    {
        "id": "U014PASBV5E",
        "team_id": "TTP4V3YS1",
        "name": "denise",
        "deleted": false,
        "color": "684b6c",
        "real_name": "Denise Barry",
        "tz": "America\/New_York",
        "tz_label": "Eastern Daylight Time",
        "tz_offset": -14400,
        "profile": {
            "title": "Human Resources",
            "phone": "954-377-6452",
            "skype": "",
            "real_name": "Denise Barry",
            "real_name_normalized": "Denise Barry",
            "display_name": "Denise Barry",
            "display_name_normalized": "Denise Barry",
            "fields": [],
            "status_text": "In a meeting \u2022 Google Calendar App",
            "status_emoji": ":spiral_calendar_pad:",
            "status_expiration": 1591203600,
            "avatar_hash": "d4f761acade5",
            "image_original": "https:\/\/avatars.slack-edge.com\/2020-05-20\/1128896537462_d4f761acade5615219c6_original.jpg",
            "is_custom_image": true,
            "email": "denise@qwinzy.com",
            "first_name": "Denise",
            "last_name": "Barry",
            "image_24": "https:\/\/avatars.slack-edge.com\/2020-05-20\/1128896537462_d4f761acade5615219c6_24.jpg",
            "image_32": "https:\/\/avatars.slack-edge.com\/2020-05-20\/1128896537462_d4f761acade5615219c6_32.jpg",
            "image_48": "https:\/\/avatars.slack-edge.com\/2020-05-20\/1128896537462_d4f761acade5615219c6_48.jpg",
            "image_72": "https:\/\/avatars.slack-edge.com\/2020-05-20\/1128896537462_d4f761acade5615219c6_72.jpg",
            "image_192": "https:\/\/avatars.slack-edge.com\/2020-05-20\/1128896537462_d4f761acade5615219c6_192.jpg",
            "image_512": "https:\/\/avatars.slack-edge.com\/2020-05-20\/1128896537462_d4f761acade5615219c6_512.jpg",
            "image_1024": "https:\/\/avatars.slack-edge.com\/2020-05-20\/1128896537462_d4f761acade5615219c6_1024.jpg",
            "status_text_canonical": "",
            "team": "TTP4V3YS1"
        },
        "is_admin": false,
        "is_owner": false,
        "is_primary_owner": false,
        "is_restricted": false,
        "is_ultra_restricted": false,
        "is_bot": false,
        "is_app_user": false,
        "updated": 1591198203
    }
]