[
    {
        "client_msg_id": "08470422-8146-4948-a87e-b281bd50aca8",
        "type": "message",
        "text": "<@UTP4932RW> I'm not sure I agree with her regarding the deposits and flowing them through the company. What do you think?",
        "user": "UTRAESNUW",
        "ts": "1584029732.000600",
        "team": "TTP4V3YS1",
        "user_team": "TTP4V3YS1",
        "source_team": "TTP4V3YS1",
        "user_profile": {
            "avatar_hash": "g8d095fb8b4a",
            "image_72": "https:\/\/secure.gravatar.com\/avatar\/8d095fb8b4ad808e7f2252ed0c896b65.jpg?s=72&d=https%3A%2F%2Fa.slack-edge.com%2Fdf10d%2Fimg%2Favatars%2Fava_0025-72.png",
            "first_name": "Jeff",
            "real_name": "Jeff",
            "display_name": "",
            "team": "TTP4V3YS1",
            "name": "jeff",
            "is_restricted": false,
            "is_ultra_restricted": false
        },
        "blocks": [
            {
                "type": "rich_text",
                "block_id": "pg2vR",
                "elements": [
                    {
                        "type": "rich_text_section",
                        "elements": [
                            {
                                "type": "user",
                                "user_id": "UTP4932RW"
                            },
                            {
                                "type": "text",
                                "text": " I'm not sure I agree with her regarding the deposits and flowing them through the company. What do you think?"
                            }
                        ]
                    }
                ]
            }
        ]
    },
    {
        "client_msg_id": "69486580-e2ed-4db0-ba4e-7cae4469b4fc",
        "type": "message",
        "text": "The other deposits net out on the same line so it doesn't really affect the 5Yr NOI it just affects the timing of the cash. These have an in &amp; out in the loan section so I'd have to move the outs to the COGS section (without the interest) in order to not double count it.",
        "user": "UTP4932RW",
        "ts": "1584030302.006300",
        "team": "TTP4V3YS1",
        "user_team": "TTP4V3YS1",
        "source_team": "TTP4V3YS1",
        "user_profile": {
            "avatar_hash": "74e069427e2a",
            "image_72": "https:\/\/avatars.slack-edge.com\/2020-05-19\/1127425449142_74e069427e2aaa40f188_72.jpg",
            "first_name": "Anthony",
            "real_name": "Anthony R. Illobre",
            "display_name": "ARI",
            "team": "TTP4V3YS1",
            "name": "anthony",
            "is_restricted": false,
            "is_ultra_restricted": false
        },
        "blocks": [
            {
                "type": "rich_text",
                "block_id": "5pr",
                "elements": [
                    {
                        "type": "rich_text_section",
                        "elements": [
                            {
                                "type": "text",
                                "text": "The other deposits net out on the same line so it doesn't really affect the 5Yr NOI it just affects the timing of the cash. These have an in & out in the loan section so I'd have to move the outs to the COGS section (without the interest) in order to not double count it."
                            }
                        ]
                    }
                ]
            }
        ]
    },
    {
        "client_msg_id": "0B2F4FAC-3BF2-4F71-BE7A-C04BB9F2EC46",
        "type": "message",
        "text": "Right let’s try that and see what it looks like. The net effect on cash should be the same though from what we showed previously",
        "user": "UTRAESNUW",
        "ts": "1584030982.007300",
        "team": "TTP4V3YS1",
        "user_team": "TTP4V3YS1",
        "source_team": "TTP4V3YS1",
        "user_profile": {
            "avatar_hash": "g8d095fb8b4a",
            "image_72": "https:\/\/secure.gravatar.com\/avatar\/8d095fb8b4ad808e7f2252ed0c896b65.jpg?s=72&d=https%3A%2F%2Fa.slack-edge.com%2Fdf10d%2Fimg%2Favatars%2Fava_0025-72.png",
            "first_name": "Jeff",
            "real_name": "Jeff",
            "display_name": "",
            "team": "TTP4V3YS1",
            "name": "jeff",
            "is_restricted": false,
            "is_ultra_restricted": false
        },
        "blocks": [
            {
                "type": "rich_text",
                "block_id": "ONVS",
                "elements": [
                    {
                        "type": "rich_text_section",
                        "elements": [
                            {
                                "type": "text",
                                "text": "Right let’s try that and see what it looks like. The net effect on cash should be the same though from what we showed previously"
                            }
                        ]
                    }
                ]
            }
        ]
    }
]