[
    {
        "client_msg_id": "f2b6deb5-dbe2-41ff-bddf-08611d0d3e44",
        "type": "message",
        "text": "GM,  We're scheduled to review this at 10am.\nHere's the file in case you want to view the file yourself:\n\\\\RK-HD\\Development\\Development Property Template v3.xlsm\nTo my knowledge, the only update since 4\/21 was for me to add the STR report.",
        "user": "UTP4932RW",
        "ts": "1587993218.002600",
        "team": "TTP4V3YS1",
        "user_team": "TTP4V3YS1",
        "source_team": "TTP4V3YS1",
        "user_profile": {
            "avatar_hash": "74e069427e2a",
            "image_72": "https:\/\/avatars.slack-edge.com\/2020-05-19\/1127425449142_74e069427e2aaa40f188_72.jpg",
            "first_name": "Anthony",
            "real_name": "Anthony R. Illobre",
            "display_name": "ARI",
            "team": "TTP4V3YS1",
            "name": "anthony",
            "is_restricted": false,
            "is_ultra_restricted": false
        },
        "blocks": [
            {
                "type": "rich_text",
                "block_id": "aVB4",
                "elements": [
                    {
                        "type": "rich_text_section",
                        "elements": [
                            {
                                "type": "text",
                                "text": "GM,  We're scheduled to review this at 10am.\nHere's the file in case you want to view the file yourself:\n\\\\RK-HD\\Development\\Development Property Template v3.xlsm\nTo my knowledge, the only update since 4\/21 was for me to add the STR report."
                            }
                        ]
                    }
                ]
            }
        ]
    },
    {
        "type": "message",
        "text": "\\\\RK-HD\\Development\\Cabrian Model V5.xlsm\nI used the OCC & ADR from Rick's email",
        "files": [
            {
                "id": "F012K4YJUCV",
                "created": 1588000317,
                "timestamp": 1588000317,
                "name": "image.png",
                "title": "image.png",
                "mimetype": "image\/png",
                "filetype": "png",
                "pretty_type": "PNG",
                "user": "UTP4932RW",
                "editable": false,
                "size": 14337,
                "mode": "hosted",
                "is_external": false,
                "external_type": "",
                "is_public": true,
                "public_url_shared": false,
                "display_as_bot": false,
                "username": "",
                "url_private": "https:\/\/files.slack.com\/files-pri\/TTP4V3YS1-F012K4YJUCV\/image.png?t=xoxe-941165134885-1162655895171-1161068338021-407a1cef78b9833e75f3a32df341ed60",
                "url_private_download": "https:\/\/files.slack.com\/files-pri\/TTP4V3YS1-F012K4YJUCV\/download\/image.png?t=xoxe-941165134885-1162655895171-1161068338021-407a1cef78b9833e75f3a32df341ed60",
                "thumb_64": "https:\/\/files.slack.com\/files-tmb\/TTP4V3YS1-F012K4YJUCV-271d59a982\/image_64.png?t=xoxe-941165134885-1162655895171-1161068338021-407a1cef78b9833e75f3a32df341ed60",
                "thumb_80": "https:\/\/files.slack.com\/files-tmb\/TTP4V3YS1-F012K4YJUCV-271d59a982\/image_80.png?t=xoxe-941165134885-1162655895171-1161068338021-407a1cef78b9833e75f3a32df341ed60",
                "thumb_360": "https:\/\/files.slack.com\/files-tmb\/TTP4V3YS1-F012K4YJUCV-271d59a982\/image_360.png?t=xoxe-941165134885-1162655895171-1161068338021-407a1cef78b9833e75f3a32df341ed60",
                "thumb_360_w": 360,
                "thumb_360_h": 212,
                "thumb_480": "https:\/\/files.slack.com\/files-tmb\/TTP4V3YS1-F012K4YJUCV-271d59a982\/image_480.png?t=xoxe-941165134885-1162655895171-1161068338021-407a1cef78b9833e75f3a32df341ed60",
                "thumb_480_w": 480,
                "thumb_480_h": 283,
                "thumb_160": "https:\/\/files.slack.com\/files-tmb\/TTP4V3YS1-F012K4YJUCV-271d59a982\/image_160.png?t=xoxe-941165134885-1162655895171-1161068338021-407a1cef78b9833e75f3a32df341ed60",
                "original_w": 554,
                "original_h": 327,
                "thumb_tiny": "AwAcADDTppHoF\/GlblTTMfJ0\/wDHaAH4HoKQjngLilX7oprjkED9M0AOwPQUuB6UUUAIcY5PWmYXbjcv5VIRmm7OPvGgABVVGSMUjbW\/iXj1pdv+0aNv+0aAF3L6igMpOAQaAMdyfrS0Af\/Z",
                "permalink": "https:\/\/qwinzy.slack.com\/files\/UTP4932RW\/F012K4YJUCV\/image.png",
                "permalink_public": "https:\/\/slack-files.com\/TTP4V3YS1-F012K4YJUCV-2da9ae4a24",
                "is_starred": false,
                "has_rich_preview": false
            }
        ],
        "upload": true,
        "blocks": [
            {
                "type": "rich_text",
                "block_id": "8ZaYK",
                "elements": [
                    {
                        "type": "rich_text_section",
                        "elements": [
                            {
                                "type": "text",
                                "text": "\\\\RK-HD\\Development\\Cabrian Model V5.xlsm\nI used the OCC & ADR from Rick's email"
                            }
                        ]
                    }
                ]
            }
        ],
        "user": "UTP4932RW",
        "display_as_bot": false,
        "ts": "1588000319.003400",
        "client_msg_id": "88476882-6046-4d22-99f9-ee29c1ea22c3"
    },
    {
        "client_msg_id": "d0541b30-80e8-4a8f-8997-d2e12abf4396",
        "type": "message",
        "text": "Thanks!",
        "user": "UTRAESNUW",
        "ts": "1588000454.003800",
        "team": "TTP4V3YS1",
        "user_team": "TTP4V3YS1",
        "source_team": "TTP4V3YS1",
        "user_profile": {
            "avatar_hash": "g8d095fb8b4a",
            "image_72": "https:\/\/secure.gravatar.com\/avatar\/8d095fb8b4ad808e7f2252ed0c896b65.jpg?s=72&d=https%3A%2F%2Fa.slack-edge.com%2Fdf10d%2Fimg%2Favatars%2Fava_0025-72.png",
            "first_name": "Jeff",
            "real_name": "Jeff",
            "display_name": "",
            "team": "TTP4V3YS1",
            "name": "jeff",
            "is_restricted": false,
            "is_ultra_restricted": false
        },
        "blocks": [
            {
                "type": "rich_text",
                "block_id": "zwgWB",
                "elements": [
                    {
                        "type": "rich_text_section",
                        "elements": [
                            {
                                "type": "text",
                                "text": "Thanks!"
                            }
                        ]
                    }
                ]
            }
        ]
    }
]