[
    {
        "type": "message",
        "subtype": "channel_join",
        "ts": "1583835754.000200",
        "user": "UTRAESNUW",
        "text": "<@UTRAESNUW> has joined the channel"
    },
    {
        "type": "message",
        "subtype": "channel_join",
        "ts": "1583835766.000400",
        "user": "UTP4932RW",
        "text": "<@UTP4932RW> has joined the channel",
        "inviter": "UTRAESNUW"
    },
    {
        "client_msg_id": "543be8bc-e7d8-49df-a1a5-60971ec8a73d",
        "type": "message",
        "text": "<@UTP4932RW> Morning. I made a few updates to the RK Model (v4). Let's catch up when you have some time this morning. We have a call with them at 10am.",
        "user": "UTRAESNUW",
        "ts": "1583835794.001000",
        "team": "TTP4V3YS1",
        "user_team": "TTP4V3YS1",
        "source_team": "TTP4V3YS1",
        "user_profile": {
            "avatar_hash": "g8d095fb8b4a",
            "image_72": "https:\/\/secure.gravatar.com\/avatar\/8d095fb8b4ad808e7f2252ed0c896b65.jpg?s=72&d=https%3A%2F%2Fa.slack-edge.com%2Fdf10d%2Fimg%2Favatars%2Fava_0025-72.png",
            "first_name": "Jeff",
            "real_name": "Jeff",
            "display_name": "",
            "team": "TTP4V3YS1",
            "name": "jeff",
            "is_restricted": false,
            "is_ultra_restricted": false
        },
        "blocks": [
            {
                "type": "rich_text",
                "block_id": "kM+lV",
                "elements": [
                    {
                        "type": "rich_text_section",
                        "elements": [
                            {
                                "type": "user",
                                "user_id": "UTP4932RW"
                            },
                            {
                                "type": "text",
                                "text": " Morning. I made a few updates to the RK Model (v4). Let's catch up when you have some time this morning. We have a call with them at 10am."
                            }
                        ]
                    }
                ]
            }
        ]
    },
    {
        "client_msg_id": "a7b6ee35-9f9b-4137-bde7-2f02edec36e3",
        "type": "message",
        "text": "GM, I'm free to catch up",
        "user": "UTP4932RW",
        "ts": "1583845438.000400",
        "team": "TTP4V3YS1",
        "user_team": "TTP4V3YS1",
        "source_team": "TTP4V3YS1",
        "user_profile": {
            "avatar_hash": "74e069427e2a",
            "image_72": "https:\/\/avatars.slack-edge.com\/2020-05-19\/1127425449142_74e069427e2aaa40f188_72.jpg",
            "first_name": "Anthony",
            "real_name": "Anthony R. Illobre",
            "display_name": "ARI",
            "team": "TTP4V3YS1",
            "name": "anthony",
            "is_restricted": false,
            "is_ultra_restricted": false
        },
        "blocks": [
            {
                "type": "rich_text",
                "block_id": "hMje",
                "elements": [
                    {
                        "type": "rich_text_section",
                        "elements": [
                            {
                                "type": "text",
                                "text": "GM, I'm free to catch up"
                            }
                        ]
                    }
                ]
            }
        ]
    },
    {
        "client_msg_id": "8f9aee10-ddd3-4c98-87f4-3ac8cc08b371",
        "type": "message",
        "text": "<@UTRAESNUW>",
        "user": "UTP4932RW",
        "ts": "1583845484.000600",
        "team": "TTP4V3YS1",
        "user_team": "TTP4V3YS1",
        "source_team": "TTP4V3YS1",
        "user_profile": {
            "avatar_hash": "74e069427e2a",
            "image_72": "https:\/\/avatars.slack-edge.com\/2020-05-19\/1127425449142_74e069427e2aaa40f188_72.jpg",
            "first_name": "Anthony",
            "real_name": "Anthony R. Illobre",
            "display_name": "ARI",
            "team": "TTP4V3YS1",
            "name": "anthony",
            "is_restricted": false,
            "is_ultra_restricted": false
        },
        "blocks": [
            {
                "type": "rich_text",
                "block_id": "YpsHi",
                "elements": [
                    {
                        "type": "rich_text_section",
                        "elements": [
                            {
                                "type": "user",
                                "user_id": "UTRAESNUW"
                            }
                        ]
                    }
                ]
            }
        ]
    },
    {
        "client_msg_id": "59F87708-51E4-4324-BFA7-DA533DA6490A",
        "type": "message",
        "text": "Cool call you in a min. Just setting up. Take a look at the V4 in the meantime and compare to V3",
        "user": "UTRAESNUW",
        "ts": "1583845992.001300",
        "team": "TTP4V3YS1",
        "user_team": "TTP4V3YS1",
        "source_team": "TTP4V3YS1",
        "user_profile": {
            "avatar_hash": "g8d095fb8b4a",
            "image_72": "https:\/\/secure.gravatar.com\/avatar\/8d095fb8b4ad808e7f2252ed0c896b65.jpg?s=72&d=https%3A%2F%2Fa.slack-edge.com%2Fdf10d%2Fimg%2Favatars%2Fava_0025-72.png",
            "first_name": "Jeff",
            "real_name": "Jeff",
            "display_name": "",
            "team": "TTP4V3YS1",
            "name": "jeff",
            "is_restricted": false,
            "is_ultra_restricted": false
        },
        "blocks": [
            {
                "type": "rich_text",
                "block_id": "fyx5D",
                "elements": [
                    {
                        "type": "rich_text_section",
                        "elements": [
                            {
                                "type": "text",
                                "text": "Cool call you in a min. Just setting up. Take a look at the V4 in the meantime and compare to V3"
                            }
                        ]
                    }
                ]
            }
        ]
    },
    {
        "type": "message",
        "text": "All set",
        "files": [
            {
                "id": "FV74659B9",
                "created": 1583847254,
                "timestamp": 1583847254,
                "name": "image.png",
                "title": "image.png",
                "mimetype": "image\/png",
                "filetype": "png",
                "pretty_type": "PNG",
                "user": "UTP4932RW",
                "editable": false,
                "size": 192547,
                "mode": "hosted",
                "is_external": false,
                "external_type": "",
                "is_public": true,
                "public_url_shared": false,
                "display_as_bot": false,
                "username": "",
                "url_private": "https:\/\/files.slack.com\/files-pri\/TTP4V3YS1-FV74659B9\/image.png?t=xoxe-941165134885-1162655895171-1161068338021-407a1cef78b9833e75f3a32df341ed60",
                "url_private_download": "https:\/\/files.slack.com\/files-pri\/TTP4V3YS1-FV74659B9\/download\/image.png?t=xoxe-941165134885-1162655895171-1161068338021-407a1cef78b9833e75f3a32df341ed60",
                "thumb_64": "https:\/\/files.slack.com\/files-tmb\/TTP4V3YS1-FV74659B9-bb8b88b977\/image_64.png?t=xoxe-941165134885-1162655895171-1161068338021-407a1cef78b9833e75f3a32df341ed60",
                "thumb_80": "https:\/\/files.slack.com\/files-tmb\/TTP4V3YS1-FV74659B9-bb8b88b977\/image_80.png?t=xoxe-941165134885-1162655895171-1161068338021-407a1cef78b9833e75f3a32df341ed60",
                "thumb_360": "https:\/\/files.slack.com\/files-tmb\/TTP4V3YS1-FV74659B9-bb8b88b977\/image_360.png?t=xoxe-941165134885-1162655895171-1161068338021-407a1cef78b9833e75f3a32df341ed60",
                "thumb_360_w": 360,
                "thumb_360_h": 209,
                "thumb_480": "https:\/\/files.slack.com\/files-tmb\/TTP4V3YS1-FV74659B9-bb8b88b977\/image_480.png?t=xoxe-941165134885-1162655895171-1161068338021-407a1cef78b9833e75f3a32df341ed60",
                "thumb_480_w": 480,
                "thumb_480_h": 279,
                "thumb_160": "https:\/\/files.slack.com\/files-tmb\/TTP4V3YS1-FV74659B9-bb8b88b977\/image_160.png?t=xoxe-941165134885-1162655895171-1161068338021-407a1cef78b9833e75f3a32df341ed60",
                "thumb_720": "https:\/\/files.slack.com\/files-tmb\/TTP4V3YS1-FV74659B9-bb8b88b977\/image_720.png?t=xoxe-941165134885-1162655895171-1161068338021-407a1cef78b9833e75f3a32df341ed60",
                "thumb_720_w": 720,
                "thumb_720_h": 419,
                "thumb_800": "https:\/\/files.slack.com\/files-tmb\/TTP4V3YS1-FV74659B9-bb8b88b977\/image_800.png?t=xoxe-941165134885-1162655895171-1161068338021-407a1cef78b9833e75f3a32df341ed60",
                "thumb_800_w": 800,
                "thumb_800_h": 465,
                "thumb_960": "https:\/\/files.slack.com\/files-tmb\/TTP4V3YS1-FV74659B9-bb8b88b977\/image_960.png?t=xoxe-941165134885-1162655895171-1161068338021-407a1cef78b9833e75f3a32df341ed60",
                "thumb_960_w": 960,
                "thumb_960_h": 559,
                "thumb_1024": "https:\/\/files.slack.com\/files-tmb\/TTP4V3YS1-FV74659B9-bb8b88b977\/image_1024.png?t=xoxe-941165134885-1162655895171-1161068338021-407a1cef78b9833e75f3a32df341ed60",
                "thumb_1024_w": 1024,
                "thumb_1024_h": 596,
                "image_exif_rotation": 1,
                "original_w": 2664,
                "original_h": 1550,
                "thumb_tiny": "AwAbADDQ596MH3pwOT3\/ACpaAGc+lGcdQafTXxx0oATPtRntikOPm5FHG7qOntQAg83sF\/EmhvM7iP8AP\/61G45NKeetAB+99E\/M0hEh6qn5mnZNISaAE2v\/AHU\/M0Yk\/ux\/maNxoB5oA\/\/Z",
                "permalink": "https:\/\/qwinzy.slack.com\/files\/UTP4932RW\/FV74659B9\/image.png",
                "permalink_public": "https:\/\/slack-files.com\/TTP4V3YS1-FV74659B9-18681188d2",
                "is_starred": false,
                "has_rich_preview": false
            }
        ],
        "upload": true,
        "blocks": [
            {
                "type": "rich_text",
                "block_id": "qtMx3",
                "elements": [
                    {
                        "type": "rich_text_section",
                        "elements": [
                            {
                                "type": "text",
                                "text": "All set"
                            }
                        ]
                    }
                ]
            }
        ],
        "user": "UTP4932RW",
        "display_as_bot": false,
        "ts": "1583847262.001500",
        "client_msg_id": "a7bc0f41-732e-490d-95ed-7a1f81d0502f"
    },
    {
        "client_msg_id": "1117586a-2836-4e4a-b60a-b654843725c5",
        "type": "message",
        "text": "Thanks!",
        "user": "UTRAESNUW",
        "ts": "1583847336.001900",
        "team": "TTP4V3YS1",
        "user_team": "TTP4V3YS1",
        "source_team": "TTP4V3YS1",
        "user_profile": {
            "avatar_hash": "g8d095fb8b4a",
            "image_72": "https:\/\/secure.gravatar.com\/avatar\/8d095fb8b4ad808e7f2252ed0c896b65.jpg?s=72&d=https%3A%2F%2Fa.slack-edge.com%2Fdf10d%2Fimg%2Favatars%2Fava_0025-72.png",
            "first_name": "Jeff",
            "real_name": "Jeff",
            "display_name": "",
            "team": "TTP4V3YS1",
            "name": "jeff",
            "is_restricted": false,
            "is_ultra_restricted": false
        },
        "edited": {
            "user": "UTRAESNUW",
            "ts": "1583847342.000000"
        },
        "blocks": [
            {
                "type": "rich_text",
                "block_id": "jH1",
                "elements": [
                    {
                        "type": "rich_text_section",
                        "elements": [
                            {
                                "type": "text",
                                "text": "Thanks!"
                            }
                        ]
                    }
                ]
            }
        ]
    },
    {
        "client_msg_id": "d51c2117-05a0-44ab-bb07-a252fc60854f",
        "type": "message",
        "text": "<@UTP4932RW> Can you save the latest version please?",
        "user": "UTRAESNUW",
        "ts": "1583848076.002200",
        "team": "TTP4V3YS1",
        "user_team": "TTP4V3YS1",
        "source_team": "TTP4V3YS1",
        "user_profile": {
            "avatar_hash": "g8d095fb8b4a",
            "image_72": "https:\/\/secure.gravatar.com\/avatar\/8d095fb8b4ad808e7f2252ed0c896b65.jpg?s=72&d=https%3A%2F%2Fa.slack-edge.com%2Fdf10d%2Fimg%2Favatars%2Fava_0025-72.png",
            "first_name": "Jeff",
            "real_name": "Jeff",
            "display_name": "",
            "team": "TTP4V3YS1",
            "name": "jeff",
            "is_restricted": false,
            "is_ultra_restricted": false
        },
        "blocks": [
            {
                "type": "rich_text",
                "block_id": "EKdkS",
                "elements": [
                    {
                        "type": "rich_text_section",
                        "elements": [
                            {
                                "type": "user",
                                "user_id": "UTP4932RW"
                            },
                            {
                                "type": "text",
                                "text": " Can you save the latest version please?"
                            }
                        ]
                    }
                ]
            }
        ]
    },
    {
        "client_msg_id": "2e9e1630-687c-4981-a57a-167d96653b6b",
        "type": "message",
        "text": "<@UTP4932RW> EVP and VP of project management start June 1, just confirmed with stephanie",
        "user": "UTRAESNUW",
        "ts": "1583854193.002700",
        "team": "TTP4V3YS1",
        "user_team": "TTP4V3YS1",
        "source_team": "TTP4V3YS1",
        "user_profile": {
            "avatar_hash": "g8d095fb8b4a",
            "image_72": "https:\/\/secure.gravatar.com\/avatar\/8d095fb8b4ad808e7f2252ed0c896b65.jpg?s=72&d=https%3A%2F%2Fa.slack-edge.com%2Fdf10d%2Fimg%2Favatars%2Fava_0025-72.png",
            "first_name": "Jeff",
            "real_name": "Jeff",
            "display_name": "",
            "team": "TTP4V3YS1",
            "name": "jeff",
            "is_restricted": false,
            "is_ultra_restricted": false
        },
        "blocks": [
            {
                "type": "rich_text",
                "block_id": "ZDDs",
                "elements": [
                    {
                        "type": "rich_text_section",
                        "elements": [
                            {
                                "type": "user",
                                "user_id": "UTP4932RW"
                            },
                            {
                                "type": "text",
                                "text": " EVP and VP of project management start June 1, just confirmed with stephanie"
                            }
                        ]
                    }
                ]
            }
        ]
    },
    {
        "client_msg_id": "296d9b3d-13f8-4c96-bbfe-d216c7481998",
        "type": "message",
        "text": "<@UTP4932RW> Reduce entitlement costs per deal to 250k",
        "user": "UTRAESNUW",
        "ts": "1583858884.003000",
        "team": "TTP4V3YS1",
        "user_team": "TTP4V3YS1",
        "source_team": "TTP4V3YS1",
        "user_profile": {
            "avatar_hash": "g8d095fb8b4a",
            "image_72": "https:\/\/secure.gravatar.com\/avatar\/8d095fb8b4ad808e7f2252ed0c896b65.jpg?s=72&d=https%3A%2F%2Fa.slack-edge.com%2Fdf10d%2Fimg%2Favatars%2Fava_0025-72.png",
            "first_name": "Jeff",
            "real_name": "Jeff",
            "display_name": "",
            "team": "TTP4V3YS1",
            "name": "jeff",
            "is_restricted": false,
            "is_ultra_restricted": false
        },
        "blocks": [
            {
                "type": "rich_text",
                "block_id": "b1P",
                "elements": [
                    {
                        "type": "rich_text_section",
                        "elements": [
                            {
                                "type": "user",
                                "user_id": "UTP4932RW"
                            },
                            {
                                "type": "text",
                                "text": " Reduce entitlement costs per deal to 250k"
                            }
                        ]
                    }
                ]
            }
        ]
    },
    {
        "client_msg_id": "cd8e8ac3-d05e-40dc-bbed-33de9da7fad7",
        "type": "message",
        "text": "Add second revenue stream for Consulting- starting in August 2020, 15k\/month",
        "user": "UTRAESNUW",
        "ts": "1583858934.003600",
        "team": "TTP4V3YS1",
        "user_team": "TTP4V3YS1",
        "source_team": "TTP4V3YS1",
        "user_profile": {
            "avatar_hash": "g8d095fb8b4a",
            "image_72": "https:\/\/secure.gravatar.com\/avatar\/8d095fb8b4ad808e7f2252ed0c896b65.jpg?s=72&d=https%3A%2F%2Fa.slack-edge.com%2Fdf10d%2Fimg%2Favatars%2Fava_0025-72.png",
            "first_name": "Jeff",
            "real_name": "Jeff",
            "display_name": "",
            "team": "TTP4V3YS1",
            "name": "jeff",
            "is_restricted": false,
            "is_ultra_restricted": false
        },
        "blocks": [
            {
                "type": "rich_text",
                "block_id": "PF2Ad",
                "elements": [
                    {
                        "type": "rich_text_section",
                        "elements": [
                            {
                                "type": "text",
                                "text": "Add second revenue stream for Consulting- starting in August 2020, 15k\/month"
                            }
                        ]
                    }
                ]
            }
        ]
    },
    {
        "client_msg_id": "2453a8dd-6510-465e-a8e2-c4aab471fc86",
        "type": "message",
        "text": "For deposits, they will put down 75k\/deal and then they get that back at time of close. 6 months before",
        "user": "UTRAESNUW",
        "ts": "1583858989.004100",
        "team": "TTP4V3YS1",
        "user_team": "TTP4V3YS1",
        "source_team": "TTP4V3YS1",
        "user_profile": {
            "avatar_hash": "g8d095fb8b4a",
            "image_72": "https:\/\/secure.gravatar.com\/avatar\/8d095fb8b4ad808e7f2252ed0c896b65.jpg?s=72&d=https%3A%2F%2Fa.slack-edge.com%2Fdf10d%2Fimg%2Favatars%2Fava_0025-72.png",
            "first_name": "Jeff",
            "real_name": "Jeff",
            "display_name": "",
            "team": "TTP4V3YS1",
            "name": "jeff",
            "is_restricted": false,
            "is_ultra_restricted": false
        },
        "blocks": [
            {
                "type": "rich_text",
                "block_id": "anI",
                "elements": [
                    {
                        "type": "rich_text_section",
                        "elements": [
                            {
                                "type": "text",
                                "text": "For deposits, they will put down 75k\/deal and then they get that back at time of close. 6 months before"
                            }
                        ]
                    }
                ]
            }
        ]
    },
    {
        "client_msg_id": "D3B78FD2-ED61-41B4-A52A-1BC6FADDB8E0",
        "type": "message",
        "text": "Good job on the call",
        "user": "UTRAESNUW",
        "ts": "1583871177.004300",
        "team": "TTP4V3YS1",
        "user_team": "TTP4V3YS1",
        "source_team": "TTP4V3YS1",
        "user_profile": {
            "avatar_hash": "g8d095fb8b4a",
            "image_72": "https:\/\/secure.gravatar.com\/avatar\/8d095fb8b4ad808e7f2252ed0c896b65.jpg?s=72&d=https%3A%2F%2Fa.slack-edge.com%2Fdf10d%2Fimg%2Favatars%2Fava_0025-72.png",
            "first_name": "Jeff",
            "real_name": "Jeff",
            "display_name": "",
            "team": "TTP4V3YS1",
            "name": "jeff",
            "is_restricted": false,
            "is_ultra_restricted": false
        },
        "blocks": [
            {
                "type": "rich_text",
                "block_id": "fXT",
                "elements": [
                    {
                        "type": "rich_text_section",
                        "elements": [
                            {
                                "type": "text",
                                "text": "Good job on the call"
                            }
                        ]
                    }
                ]
            }
        ]
    }
]