[
    {
        "type": "message",
        "text": "Vizmatch - Advanced accounting visualization &amp; communication tool\n<https:\/\/www.vizmatch.com\/#product>",
        "user": "UTRAESNUW",
        "ts": "1586698703.000100",
        "team": "TTP4V3YS1",
        "user_team": "TTP4V3YS1",
        "source_team": "TTP4V3YS1",
        "user_profile": {
            "avatar_hash": "g8d095fb8b4a",
            "image_72": "https:\/\/secure.gravatar.com\/avatar\/8d095fb8b4ad808e7f2252ed0c896b65.jpg?s=72&d=https%3A%2F%2Fa.slack-edge.com%2Fdf10d%2Fimg%2Favatars%2Fava_0025-72.png",
            "first_name": "Jeff",
            "real_name": "Jeff",
            "display_name": "",
            "team": "TTP4V3YS1",
            "name": "jeff",
            "is_restricted": false,
            "is_ultra_restricted": false
        },
        "attachments": [
            {
                "title": "Vizmatch - Advanced accounting visualization &amp; communication tool",
                "title_link": "https:\/\/www.vizmatch.com\/#product",
                "text": "Automatically transform your accounting records into dynamic visuals using easy-to-understand language for your clients. Give them the right advice at the right time for fast and informed decisions.",
                "fallback": "Vizmatch - Advanced accounting visualization &amp; communication tool",
                "from_url": "https:\/\/www.vizmatch.com\/#product",
                "service_icon": "https:\/\/www.vizmatch.com\/images\/apple-touch-icon.png",
                "service_name": "vizmatch.com",
                "id": 1,
                "original_url": "https:\/\/www.vizmatch.com\/#product"
            }
        ]
    },
    {
        "client_msg_id": "B79ADC38-7794-4792-8578-C54821EF4E4C",
        "type": "message",
        "text": "Found another BI tool. Let’s figure out which one we want to use and what structure we need in the background so we can implement this for our clients.",
        "user": "UTRAESNUW",
        "ts": "1586698758.001400",
        "team": "TTP4V3YS1",
        "user_team": "TTP4V3YS1",
        "source_team": "TTP4V3YS1",
        "user_profile": {
            "avatar_hash": "g8d095fb8b4a",
            "image_72": "https:\/\/secure.gravatar.com\/avatar\/8d095fb8b4ad808e7f2252ed0c896b65.jpg?s=72&d=https%3A%2F%2Fa.slack-edge.com%2Fdf10d%2Fimg%2Favatars%2Fava_0025-72.png",
            "first_name": "Jeff",
            "real_name": "Jeff",
            "display_name": "",
            "team": "TTP4V3YS1",
            "name": "jeff",
            "is_restricted": false,
            "is_ultra_restricted": false
        },
        "blocks": [
            {
                "type": "rich_text",
                "block_id": "ImF",
                "elements": [
                    {
                        "type": "rich_text_section",
                        "elements": [
                            {
                                "type": "text",
                                "text": "Found another BI tool. Let’s figure out which one we want to use and what structure we need in the background so we can implement this for our clients."
                            }
                        ]
                    }
                ]
            }
        ]
    }
]