[
    {
        "client_msg_id": "aead63a0-1fe7-40f5-a63c-96a9a26ebef5",
        "type": "message",
        "text": "Instructions are all set:\nQ:\\Onboarded\\Time Out\\Finance\\Monthly Files\\Masters\\TimeOutMonthlyDeliverableProcess.docx",
        "user": "UTP4932RW",
        "ts": "1589386821.000400",
        "team": "TTP4V3YS1",
        "user_team": "TTP4V3YS1",
        "source_team": "TTP4V3YS1",
        "user_profile": {
            "avatar_hash": "74e069427e2a",
            "image_72": "https:\/\/avatars.slack-edge.com\/2020-05-19\/1127425449142_74e069427e2aaa40f188_72.jpg",
            "first_name": "Anthony",
            "real_name": "Anthony R. Illobre",
            "display_name": "ARI",
            "team": "TTP4V3YS1",
            "name": "anthony",
            "is_restricted": false,
            "is_ultra_restricted": false
        },
        "blocks": [
            {
                "type": "rich_text",
                "block_id": "BJ0RG",
                "elements": [
                    {
                        "type": "rich_text_section",
                        "elements": [
                            {
                                "type": "text",
                                "text": "Instructions are all set:\nQ:\\Onboarded\\Time Out\\Finance\\Monthly Files\\Masters\\TimeOutMonthlyDeliverableProcess.docx"
                            }
                        ]
                    }
                ]
            }
        ]
    },
    {
        "client_msg_id": "b37c953a-35b9-49f3-996e-43b8c222b7e1",
        "type": "message",
        "text": "Amazing! Thanks!",
        "user": "UTRAESNUW",
        "ts": "1589389773.000600",
        "team": "TTP4V3YS1",
        "user_team": "TTP4V3YS1",
        "source_team": "TTP4V3YS1",
        "user_profile": {
            "avatar_hash": "g8d095fb8b4a",
            "image_72": "https:\/\/secure.gravatar.com\/avatar\/8d095fb8b4ad808e7f2252ed0c896b65.jpg?s=72&d=https%3A%2F%2Fa.slack-edge.com%2Fdf10d%2Fimg%2Favatars%2Fava_0025-72.png",
            "first_name": "Jeff",
            "real_name": "Jeff",
            "display_name": "",
            "team": "TTP4V3YS1",
            "name": "jeff",
            "is_restricted": false,
            "is_ultra_restricted": false
        },
        "blocks": [
            {
                "type": "rich_text",
                "block_id": "ESA9",
                "elements": [
                    {
                        "type": "rich_text_section",
                        "elements": [
                            {
                                "type": "text",
                                "text": "Amazing! Thanks!"
                            }
                        ]
                    }
                ]
            }
        ]
    },
    {
        "client_msg_id": "ebfe5e38-abdd-4bba-a32b-452730f3f0ae",
        "type": "message",
        "text": "When you free up, can you try logging out and logging in to Rent Manager outside of AWS to see if it works? If so, I'll ask Josh to check the firewalls so we can get in through there",
        "user": "UTRAESNUW",
        "ts": "1589392996.001300",
        "team": "TTP4V3YS1",
        "user_team": "TTP4V3YS1",
        "source_team": "TTP4V3YS1",
        "user_profile": {
            "avatar_hash": "g8d095fb8b4a",
            "image_72": "https:\/\/secure.gravatar.com\/avatar\/8d095fb8b4ad808e7f2252ed0c896b65.jpg?s=72&d=https%3A%2F%2Fa.slack-edge.com%2Fdf10d%2Fimg%2Favatars%2Fava_0025-72.png",
            "first_name": "Jeff",
            "real_name": "Jeff",
            "display_name": "",
            "team": "TTP4V3YS1",
            "name": "jeff",
            "is_restricted": false,
            "is_ultra_restricted": false
        },
        "blocks": [
            {
                "type": "rich_text",
                "block_id": "p6U4=",
                "elements": [
                    {
                        "type": "rich_text_section",
                        "elements": [
                            {
                                "type": "text",
                                "text": "When you free up, can you try logging out and logging in to Rent Manager outside of AWS to see if it works? If so, I'll ask Josh to check the firewalls so we can get in through there"
                            }
                        ]
                    }
                ]
            }
        ]
    },
    {
        "client_msg_id": "07b2ebc7-2d6f-432c-bf8f-120c9f560501",
        "type": "message",
        "text": "It doesn't work on my desktop, which is outside of AWS.",
        "user": "UTP4932RW",
        "ts": "1589393103.001900",
        "team": "TTP4V3YS1",
        "user_team": "TTP4V3YS1",
        "source_team": "TTP4V3YS1",
        "user_profile": {
            "avatar_hash": "74e069427e2a",
            "image_72": "https:\/\/avatars.slack-edge.com\/2020-05-19\/1127425449142_74e069427e2aaa40f188_72.jpg",
            "first_name": "Anthony",
            "real_name": "Anthony R. Illobre",
            "display_name": "ARI",
            "team": "TTP4V3YS1",
            "name": "anthony",
            "is_restricted": false,
            "is_ultra_restricted": false
        },
        "blocks": [
            {
                "type": "rich_text",
                "block_id": "X=4U",
                "elements": [
                    {
                        "type": "rich_text_section",
                        "elements": [
                            {
                                "type": "text",
                                "text": "It doesn't work on my desktop, which is outside of AWS."
                            }
                        ]
                    }
                ]
            }
        ]
    },
    {
        "client_msg_id": "95f4bd82-d54f-45e4-a1b2-c856e3d3dc05",
        "type": "message",
        "text": "Hmmm",
        "user": "UTRAESNUW",
        "ts": "1589393160.002900",
        "team": "TTP4V3YS1",
        "user_team": "TTP4V3YS1",
        "source_team": "TTP4V3YS1",
        "user_profile": {
            "avatar_hash": "g8d095fb8b4a",
            "image_72": "https:\/\/secure.gravatar.com\/avatar\/8d095fb8b4ad808e7f2252ed0c896b65.jpg?s=72&d=https%3A%2F%2Fa.slack-edge.com%2Fdf10d%2Fimg%2Favatars%2Fava_0025-72.png",
            "first_name": "Jeff",
            "real_name": "Jeff",
            "display_name": "",
            "team": "TTP4V3YS1",
            "name": "jeff",
            "is_restricted": false,
            "is_ultra_restricted": false
        },
        "blocks": [
            {
                "type": "rich_text",
                "block_id": "zPB\/R",
                "elements": [
                    {
                        "type": "rich_text_section",
                        "elements": [
                            {
                                "type": "text",
                                "text": "Hmmm"
                            }
                        ]
                    }
                ]
            }
        ]
    },
    {
        "client_msg_id": "f5273014-32c9-418f-b110-a5c701d97e84",
        "type": "message",
        "text": "I'll email the Time Out tech guy",
        "user": "UTRAESNUW",
        "ts": "1589393171.003400",
        "team": "TTP4V3YS1",
        "user_team": "TTP4V3YS1",
        "source_team": "TTP4V3YS1",
        "user_profile": {
            "avatar_hash": "g8d095fb8b4a",
            "image_72": "https:\/\/secure.gravatar.com\/avatar\/8d095fb8b4ad808e7f2252ed0c896b65.jpg?s=72&d=https%3A%2F%2Fa.slack-edge.com%2Fdf10d%2Fimg%2Favatars%2Fava_0025-72.png",
            "first_name": "Jeff",
            "real_name": "Jeff",
            "display_name": "",
            "team": "TTP4V3YS1",
            "name": "jeff",
            "is_restricted": false,
            "is_ultra_restricted": false
        },
        "blocks": [
            {
                "type": "rich_text",
                "block_id": "fVr",
                "elements": [
                    {
                        "type": "rich_text_section",
                        "elements": [
                            {
                                "type": "text",
                                "text": "I'll email the Time Out tech guy"
                            }
                        ]
                    }
                ]
            }
        ]
    },
    {
        "client_msg_id": "d39da960-7de9-4cec-9389-44961db265ac",
        "type": "message",
        "text": "I'll mess around with it on my desktop since I can freely install\/uninstall. I think the issue is using jrudner as the profile login during installation. It might need admin creds, which is related to that \"216-mr\" line that we're not using. I remember I had to try trial &amp; error when I first set up the Qwinzy laptop.",
        "user": "UTP4932RW",
        "ts": "1589393240.004700",
        "team": "TTP4V3YS1",
        "user_team": "TTP4V3YS1",
        "source_team": "TTP4V3YS1",
        "user_profile": {
            "avatar_hash": "74e069427e2a",
            "image_72": "https:\/\/avatars.slack-edge.com\/2020-05-19\/1127425449142_74e069427e2aaa40f188_72.jpg",
            "first_name": "Anthony",
            "real_name": "Anthony R. Illobre",
            "display_name": "ARI",
            "team": "TTP4V3YS1",
            "name": "anthony",
            "is_restricted": false,
            "is_ultra_restricted": false
        },
        "blocks": [
            {
                "type": "rich_text",
                "block_id": "EediP",
                "elements": [
                    {
                        "type": "rich_text_section",
                        "elements": [
                            {
                                "type": "text",
                                "text": "I'll mess around with it on my desktop since I can freely install\/uninstall. I think the issue is using jrudner as the profile login during installation. It might need admin creds, which is related to that \"216-mr\" line that we're not using. I remember I had to try trial & error when I first set up the Qwinzy laptop."
                            }
                        ]
                    }
                ]
            }
        ]
    },
    {
        "client_msg_id": "f5e82ed6-0e49-425a-9990-754a95916b5e",
        "type": "message",
        "text": "OK coo. I just emailed the TO tech guy too. Hopefully he can help",
        "user": "UTRAESNUW",
        "ts": "1589393268.005000",
        "team": "TTP4V3YS1",
        "user_team": "TTP4V3YS1",
        "source_team": "TTP4V3YS1",
        "user_profile": {
            "avatar_hash": "g8d095fb8b4a",
            "image_72": "https:\/\/secure.gravatar.com\/avatar\/8d095fb8b4ad808e7f2252ed0c896b65.jpg?s=72&d=https%3A%2F%2Fa.slack-edge.com%2Fdf10d%2Fimg%2Favatars%2Fava_0025-72.png",
            "first_name": "Jeff",
            "real_name": "Jeff",
            "display_name": "",
            "team": "TTP4V3YS1",
            "name": "jeff",
            "is_restricted": false,
            "is_ultra_restricted": false
        },
        "blocks": [
            {
                "type": "rich_text",
                "block_id": "3=eTg",
                "elements": [
                    {
                        "type": "rich_text_section",
                        "elements": [
                            {
                                "type": "text",
                                "text": "OK coo. I just emailed the TO tech guy too. Hopefully he can help"
                            }
                        ]
                    }
                ]
            }
        ]
    },
    {
        "client_msg_id": "c850216c-5476-47d5-9051-20236f1b2cdc",
        "type": "message",
        "text": "ok thank you",
        "user": "UTP4932RW",
        "ts": "1589393286.005200",
        "team": "TTP4V3YS1",
        "user_team": "TTP4V3YS1",
        "source_team": "TTP4V3YS1",
        "user_profile": {
            "avatar_hash": "74e069427e2a",
            "image_72": "https:\/\/avatars.slack-edge.com\/2020-05-19\/1127425449142_74e069427e2aaa40f188_72.jpg",
            "first_name": "Anthony",
            "real_name": "Anthony R. Illobre",
            "display_name": "ARI",
            "team": "TTP4V3YS1",
            "name": "anthony",
            "is_restricted": false,
            "is_ultra_restricted": false
        },
        "blocks": [
            {
                "type": "rich_text",
                "block_id": "sxu5",
                "elements": [
                    {
                        "type": "rich_text_section",
                        "elements": [
                            {
                                "type": "text",
                                "text": "ok thank you"
                            }
                        ]
                    }
                ]
            }
        ]
    },
    {
        "client_msg_id": "0fda7666-6b7a-4561-9b02-09543a66feb0",
        "type": "message",
        "text": "thank you!",
        "user": "UTRAESNUW",
        "ts": "1589393295.005400",
        "team": "TTP4V3YS1",
        "user_team": "TTP4V3YS1",
        "source_team": "TTP4V3YS1",
        "user_profile": {
            "avatar_hash": "g8d095fb8b4a",
            "image_72": "https:\/\/secure.gravatar.com\/avatar\/8d095fb8b4ad808e7f2252ed0c896b65.jpg?s=72&d=https%3A%2F%2Fa.slack-edge.com%2Fdf10d%2Fimg%2Favatars%2Fava_0025-72.png",
            "first_name": "Jeff",
            "real_name": "Jeff",
            "display_name": "",
            "team": "TTP4V3YS1",
            "name": "jeff",
            "is_restricted": false,
            "is_ultra_restricted": false
        },
        "blocks": [
            {
                "type": "rich_text",
                "block_id": "W=Dxs",
                "elements": [
                    {
                        "type": "rich_text_section",
                        "elements": [
                            {
                                "type": "text",
                                "text": "thank you!"
                            }
                        ]
                    }
                ]
            }
        ]
    }
]