[
    {
        "client_msg_id": "87a58fec-510b-43e9-824c-76781346b21a",
        "type": "message",
        "text": "I spoke to Brett this morning and they aren't ready with april. Let's just got hrough the process for April on the call with Dujon, Kim and Rob, but will need to update again once Brett is done.",
        "user": "UTRAESNUW",
        "ts": "1589472285.006400",
        "team": "TTP4V3YS1",
        "user_team": "TTP4V3YS1",
        "source_team": "TTP4V3YS1",
        "user_profile": {
            "avatar_hash": "g8d095fb8b4a",
            "image_72": "https:\/\/secure.gravatar.com\/avatar\/8d095fb8b4ad808e7f2252ed0c896b65.jpg?s=72&d=https%3A%2F%2Fa.slack-edge.com%2Fdf10d%2Fimg%2Favatars%2Fava_0025-72.png",
            "first_name": "Jeff",
            "real_name": "Jeff",
            "display_name": "",
            "team": "TTP4V3YS1",
            "name": "jeff",
            "is_restricted": false,
            "is_ultra_restricted": false
        },
        "blocks": [
            {
                "type": "rich_text",
                "block_id": "Rz4EZ",
                "elements": [
                    {
                        "type": "rich_text_section",
                        "elements": [
                            {
                                "type": "text",
                                "text": "I spoke to Brett this morning and they aren't ready with april. Let's just got hrough the process for April on the call with Dujon, Kim and Rob, but will need to update again once Brett is done."
                            }
                        ]
                    }
                ]
            }
        ]
    },
    {
        "client_msg_id": "39B8B337-6037-445C-B85F-0F025CB508B6",
        "type": "message",
        "text": "Got the heads up from Brett that April parks P&amp;Ls are good to run. No rush on this but if we could pull together by end of day Friday that would be great. No night work for this since we just got the heads up from Brett.",
        "user": "UTRAESNUW",
        "ts": "1589507434.008500",
        "team": "TTP4V3YS1",
        "user_team": "TTP4V3YS1",
        "source_team": "TTP4V3YS1",
        "user_profile": {
            "avatar_hash": "g8d095fb8b4a",
            "image_72": "https:\/\/secure.gravatar.com\/avatar\/8d095fb8b4ad808e7f2252ed0c896b65.jpg?s=72&d=https%3A%2F%2Fa.slack-edge.com%2Fdf10d%2Fimg%2Favatars%2Fava_0025-72.png",
            "first_name": "Jeff",
            "real_name": "Jeff",
            "display_name": "",
            "team": "TTP4V3YS1",
            "name": "jeff",
            "is_restricted": false,
            "is_ultra_restricted": false
        },
        "blocks": [
            {
                "type": "rich_text",
                "block_id": "0CmN",
                "elements": [
                    {
                        "type": "rich_text_section",
                        "elements": [
                            {
                                "type": "text",
                                "text": "Got the heads up from Brett that April parks P&Ls are good to run. No rush on this but if we could pull together by end of day Friday that would be great. No night work for this since we just got the heads up from Brett."
                            }
                        ]
                    }
                ]
            }
        ]
    },
    {
        "client_msg_id": "0540D1D0-D7D7-44D4-BE52-052EFAD9A85B",
        "type": "message",
        "text": "Let’s catch up in the am to review projects together. Thanks for the help today! Awesome work!",
        "user": "UTRAESNUW",
        "ts": "1589507487.009500",
        "team": "TTP4V3YS1",
        "user_team": "TTP4V3YS1",
        "source_team": "TTP4V3YS1",
        "user_profile": {
            "avatar_hash": "g8d095fb8b4a",
            "image_72": "https:\/\/secure.gravatar.com\/avatar\/8d095fb8b4ad808e7f2252ed0c896b65.jpg?s=72&d=https%3A%2F%2Fa.slack-edge.com%2Fdf10d%2Fimg%2Favatars%2Fava_0025-72.png",
            "first_name": "Jeff",
            "real_name": "Jeff",
            "display_name": "",
            "team": "TTP4V3YS1",
            "name": "jeff",
            "is_restricted": false,
            "is_ultra_restricted": false
        },
        "blocks": [
            {
                "type": "rich_text",
                "block_id": "A8Ku",
                "elements": [
                    {
                        "type": "rich_text_section",
                        "elements": [
                            {
                                "type": "text",
                                "text": "Let’s catch up in the am to review projects together. Thanks for the help today! Awesome work!"
                            }
                        ]
                    }
                ]
            }
        ]
    }
]