[
    {
        "client_msg_id": "3d780d1c-c754-436b-8669-5a6c7674a5e6",
        "type": "message",
        "text": "<@UTP4932RW> Just added the corporate 2019 P&amp;Ls to the Dropbox. Under Time Out\/Finance\/Monthly Files\/Masters\/Corporate 2019 P&amp;Ls",
        "user": "UTRAESNUW",
        "ts": "1585835612.000800",
        "team": "TTP4V3YS1",
        "user_team": "TTP4V3YS1",
        "source_team": "TTP4V3YS1",
        "user_profile": {
            "avatar_hash": "g8d095fb8b4a",
            "image_72": "https:\/\/secure.gravatar.com\/avatar\/8d095fb8b4ad808e7f2252ed0c896b65.jpg?s=72&d=https%3A%2F%2Fa.slack-edge.com%2Fdf10d%2Fimg%2Favatars%2Fava_0025-72.png",
            "first_name": "Jeff",
            "real_name": "Jeff",
            "display_name": "",
            "team": "TTP4V3YS1",
            "name": "jeff",
            "is_restricted": false,
            "is_ultra_restricted": false
        },
        "blocks": [
            {
                "type": "rich_text",
                "block_id": "Z7F",
                "elements": [
                    {
                        "type": "rich_text_section",
                        "elements": [
                            {
                                "type": "user",
                                "user_id": "UTP4932RW"
                            },
                            {
                                "type": "text",
                                "text": " Just added the corporate 2019 P&Ls to the Dropbox. Under Time Out\/Finance\/Monthly Files\/Masters\/Corporate 2019 P&Ls"
                            }
                        ]
                    }
                ]
            }
        ]
    },
    {
        "client_msg_id": "d3ef7fe8-4bfe-4eda-b43e-5ab637661066",
        "type": "message",
        "text": "Thanks!",
        "user": "UTP4932RW",
        "ts": "1585835999.000900",
        "team": "TTP4V3YS1",
        "user_team": "TTP4V3YS1",
        "source_team": "TTP4V3YS1",
        "user_profile": {
            "avatar_hash": "74e069427e2a",
            "image_72": "https:\/\/avatars.slack-edge.com\/2020-05-19\/1127425449142_74e069427e2aaa40f188_72.jpg",
            "first_name": "Anthony",
            "real_name": "Anthony R. Illobre",
            "display_name": "ARI",
            "team": "TTP4V3YS1",
            "name": "anthony",
            "is_restricted": false,
            "is_ultra_restricted": false
        }
    },
    {
        "client_msg_id": "059369e5-f297-4719-8804-4185ab641169",
        "type": "message",
        "text": "I added the template for the LR reforecast here:\nDropbox\\Qwinzy Dropbox\\Clients\\Onboarded\\Time Out\\Finance\\Monthly Files\\2020\\03-2020\\TimeOut Q2'20 LR Reforecast.xlsx",
        "user": "UTP4932RW",
        "ts": "1585842539.002300",
        "team": "TTP4V3YS1",
        "user_team": "TTP4V3YS1",
        "source_team": "TTP4V3YS1",
        "user_profile": {
            "avatar_hash": "74e069427e2a",
            "image_72": "https:\/\/avatars.slack-edge.com\/2020-05-19\/1127425449142_74e069427e2aaa40f188_72.jpg",
            "first_name": "Anthony",
            "real_name": "Anthony R. Illobre",
            "display_name": "ARI",
            "team": "TTP4V3YS1",
            "name": "anthony",
            "is_restricted": false,
            "is_ultra_restricted": false
        },
        "blocks": [
            {
                "type": "rich_text",
                "block_id": "VsWp",
                "elements": [
                    {
                        "type": "rich_text_section",
                        "elements": [
                            {
                                "type": "text",
                                "text": "I added the template for the LR reforecast here:\nDropbox\\Qwinzy Dropbox\\Clients\\Onboarded\\Time Out\\Finance\\Monthly Files\\2020\\03-2020\\TimeOut Q2'20 LR Reforecast.xlsx"
                            }
                        ]
                    }
                ]
            }
        ]
    },
    {
        "client_msg_id": "471a10ed-0174-4322-b22c-bf5e8ff84949",
        "type": "message",
        "text": "<@UTP4932RW> Thanks! I don't think we need 2019 in there. Just YTD and Forecast 2020.",
        "user": "UTRAESNUW",
        "ts": "1585843631.002800",
        "team": "TTP4V3YS1",
        "user_team": "TTP4V3YS1",
        "source_team": "TTP4V3YS1",
        "user_profile": {
            "avatar_hash": "g8d095fb8b4a",
            "image_72": "https:\/\/secure.gravatar.com\/avatar\/8d095fb8b4ad808e7f2252ed0c896b65.jpg?s=72&d=https%3A%2F%2Fa.slack-edge.com%2Fdf10d%2Fimg%2Favatars%2Fava_0025-72.png",
            "first_name": "Jeff",
            "real_name": "Jeff",
            "display_name": "",
            "team": "TTP4V3YS1",
            "name": "jeff",
            "is_restricted": false,
            "is_ultra_restricted": false
        },
        "blocks": [
            {
                "type": "rich_text",
                "block_id": "IZ=",
                "elements": [
                    {
                        "type": "rich_text_section",
                        "elements": [
                            {
                                "type": "user",
                                "user_id": "UTP4932RW"
                            },
                            {
                                "type": "text",
                                "text": " Thanks! I don't think we need 2019 in there. Just YTD and Forecast 2020."
                            }
                        ]
                    }
                ]
            }
        ]
    },
    {
        "client_msg_id": "4438262f-6599-44c4-adf6-69bd19f62f63",
        "type": "message",
        "text": "Ok I deleted 2019.\nAre you saying you want me to add the old 2020 forecast in there for the YTG months as opposed to leaving it blank for them?",
        "user": "UTP4932RW",
        "ts": "1585844543.004700",
        "team": "TTP4V3YS1",
        "user_team": "TTP4V3YS1",
        "source_team": "TTP4V3YS1",
        "user_profile": {
            "avatar_hash": "74e069427e2a",
            "image_72": "https:\/\/avatars.slack-edge.com\/2020-05-19\/1127425449142_74e069427e2aaa40f188_72.jpg",
            "first_name": "Anthony",
            "real_name": "Anthony R. Illobre",
            "display_name": "ARI",
            "team": "TTP4V3YS1",
            "name": "anthony",
            "is_restricted": false,
            "is_ultra_restricted": false
        },
        "blocks": [
            {
                "type": "rich_text",
                "block_id": "9L4C",
                "elements": [
                    {
                        "type": "rich_text_section",
                        "elements": [
                            {
                                "type": "text",
                                "text": "Ok I deleted 2019.\nAre you saying you want me to add the old 2020 forecast in there for the YTG months as opposed to leaving it blank for them?"
                            }
                        ]
                    }
                ]
            }
        ]
    },
    {
        "client_msg_id": "873dbe05-dc0a-403e-a727-904a596792a5",
        "type": "message",
        "text": "<@UTP4932RW> Hmm... I didn't think about that, but thats a good idea",
        "user": "UTRAESNUW",
        "ts": "1585845328.005100",
        "team": "TTP4V3YS1",
        "user_team": "TTP4V3YS1",
        "source_team": "TTP4V3YS1",
        "user_profile": {
            "avatar_hash": "g8d095fb8b4a",
            "image_72": "https:\/\/secure.gravatar.com\/avatar\/8d095fb8b4ad808e7f2252ed0c896b65.jpg?s=72&d=https%3A%2F%2Fa.slack-edge.com%2Fdf10d%2Fimg%2Favatars%2Fava_0025-72.png",
            "first_name": "Jeff",
            "real_name": "Jeff",
            "display_name": "",
            "team": "TTP4V3YS1",
            "name": "jeff",
            "is_restricted": false,
            "is_ultra_restricted": false
        },
        "edited": {
            "user": "UTRAESNUW",
            "ts": "1585845996.000000"
        },
        "blocks": [
            {
                "type": "rich_text",
                "block_id": "yq0wC",
                "elements": [
                    {
                        "type": "rich_text_section",
                        "elements": [
                            {
                                "type": "user",
                                "user_id": "UTP4932RW"
                            },
                            {
                                "type": "text",
                                "text": " Hmm... I didn't think about that, but thats a good idea"
                            }
                        ]
                    }
                ]
            }
        ]
    },
    {
        "client_msg_id": "aeb9267c-2009-458d-8575-9c00d773e2f8",
        "type": "message",
        "text": "That would help speed up the update since it's pre-populated",
        "user": "UTRAESNUW",
        "ts": "1585845348.005600",
        "team": "TTP4V3YS1",
        "user_team": "TTP4V3YS1",
        "source_team": "TTP4V3YS1",
        "user_profile": {
            "avatar_hash": "g8d095fb8b4a",
            "image_72": "https:\/\/secure.gravatar.com\/avatar\/8d095fb8b4ad808e7f2252ed0c896b65.jpg?s=72&d=https%3A%2F%2Fa.slack-edge.com%2Fdf10d%2Fimg%2Favatars%2Fava_0025-72.png",
            "first_name": "Jeff",
            "real_name": "Jeff",
            "display_name": "",
            "team": "TTP4V3YS1",
            "name": "jeff",
            "is_restricted": false,
            "is_ultra_restricted": false
        },
        "blocks": [
            {
                "type": "rich_text",
                "block_id": "5pF",
                "elements": [
                    {
                        "type": "rich_text_section",
                        "elements": [
                            {
                                "type": "text",
                                "text": "That would help speed up the update since it's pre-populated"
                            }
                        ]
                    }
                ]
            }
        ]
    },
    {
        "client_msg_id": "328919f4-de02-4741-bfeb-52a58a71e3e4",
        "type": "message",
        "text": "So let's update for Actual for Jan-March and keep in the Budget for Apr-Dec and we can update from there",
        "user": "UTRAESNUW",
        "ts": "1585845470.006400",
        "team": "TTP4V3YS1",
        "user_team": "TTP4V3YS1",
        "source_team": "TTP4V3YS1",
        "user_profile": {
            "avatar_hash": "g8d095fb8b4a",
            "image_72": "https:\/\/secure.gravatar.com\/avatar\/8d095fb8b4ad808e7f2252ed0c896b65.jpg?s=72&d=https%3A%2F%2Fa.slack-edge.com%2Fdf10d%2Fimg%2Favatars%2Fava_0025-72.png",
            "first_name": "Jeff",
            "real_name": "Jeff",
            "display_name": "",
            "team": "TTP4V3YS1",
            "name": "jeff",
            "is_restricted": false,
            "is_ultra_restricted": false
        },
        "blocks": [
            {
                "type": "rich_text",
                "block_id": "B1i",
                "elements": [
                    {
                        "type": "rich_text_section",
                        "elements": [
                            {
                                "type": "text",
                                "text": "So let's update for Actual for Jan-March and keep in the Budget for Apr-Dec and we can update from there"
                            }
                        ]
                    }
                ]
            }
        ]
    },
    {
        "client_msg_id": "edb59b3d-14d7-4093-8a4f-020627449f01",
        "type": "message",
        "text": "Ok all set.",
        "user": "UTP4932RW",
        "ts": "1585849405.006800",
        "team": "TTP4V3YS1",
        "user_team": "TTP4V3YS1",
        "source_team": "TTP4V3YS1",
        "user_profile": {
            "avatar_hash": "74e069427e2a",
            "image_72": "https:\/\/avatars.slack-edge.com\/2020-05-19\/1127425449142_74e069427e2aaa40f188_72.jpg",
            "first_name": "Anthony",
            "real_name": "Anthony R. Illobre",
            "display_name": "ARI",
            "team": "TTP4V3YS1",
            "name": "anthony",
            "is_restricted": false,
            "is_ultra_restricted": false
        },
        "blocks": [
            {
                "type": "rich_text",
                "block_id": "J7p",
                "elements": [
                    {
                        "type": "rich_text_section",
                        "elements": [
                            {
                                "type": "text",
                                "text": "Ok all set."
                            }
                        ]
                    }
                ]
            }
        ]
    }
]