[
    {
        "client_msg_id": "1d8658c5-f758-4485-94b6-b85cfa0e98c5",
        "type": "message",
        "text": "Morning! <@UTP4932RW> Hope you had a good weekend! Can we start the today with just updating the Time Out corporate roll up projections so we can send them today\/tomorrow? Hopefully that won't take too long now that Brett has caught up those entities through April. We should just use the new projections with the updated Commissions rates (one month of both LR &amp; HR) flowing through. I have a few calls, but let's catch up when you have some time. Thanks!",
        "user": "UTRAESNUW",
        "ts": "1590499444.009100",
        "team": "TTP4V3YS1",
        "user_team": "TTP4V3YS1",
        "source_team": "TTP4V3YS1",
        "user_profile": {
            "avatar_hash": "g8d095fb8b4a",
            "image_72": "https:\/\/secure.gravatar.com\/avatar\/8d095fb8b4ad808e7f2252ed0c896b65.jpg?s=72&d=https%3A%2F%2Fa.slack-edge.com%2Fdf10d%2Fimg%2Favatars%2Fava_0025-72.png",
            "first_name": "Jeff",
            "real_name": "Jeff",
            "display_name": "",
            "team": "TTP4V3YS1",
            "name": "jeff",
            "is_restricted": false,
            "is_ultra_restricted": false
        },
        "blocks": [
            {
                "type": "rich_text",
                "block_id": "K1\/8",
                "elements": [
                    {
                        "type": "rich_text_section",
                        "elements": [
                            {
                                "type": "text",
                                "text": "Morning! "
                            },
                            {
                                "type": "user",
                                "user_id": "UTP4932RW"
                            },
                            {
                                "type": "text",
                                "text": " Hope you had a good weekend! Can we start the today with just updating the Time Out corporate roll up projections so we can send them today\/tomorrow? Hopefully that won't take too long now that Brett has caught up those entities through April. We should just use the new projections with the updated Commissions rates (one month of both LR & HR) flowing through. I have a few calls, but let's catch up when you have some time. Thanks!"
                            }
                        ]
                    }
                ]
            }
        ],
        "reactions": [
            {
                "name": "+1",
                "users": [
                    "UTP4932RW"
                ],
                "count": 1
            }
        ]
    },
    {
        "type": "message",
        "text": "Done v19. OI seems g2g but there appears to be some non-OpEx missing unless they were really supposed to end in Dec'19. I reached out to Brett to confirm.",
        "files": [
            {
                "id": "F0143CAJWK0",
                "created": 1590517342,
                "timestamp": 1590517342,
                "name": "image.png",
                "title": "image.png",
                "mimetype": "image\/png",
                "filetype": "png",
                "pretty_type": "PNG",
                "user": "UTP4932RW",
                "editable": false,
                "size": 82370,
                "mode": "hosted",
                "is_external": false,
                "external_type": "",
                "is_public": true,
                "public_url_shared": false,
                "display_as_bot": false,
                "username": "",
                "url_private": "https:\/\/files.slack.com\/files-pri\/TTP4V3YS1-F0143CAJWK0\/image.png?t=xoxe-941165134885-1162655895171-1161068338021-407a1cef78b9833e75f3a32df341ed60",
                "url_private_download": "https:\/\/files.slack.com\/files-pri\/TTP4V3YS1-F0143CAJWK0\/download\/image.png?t=xoxe-941165134885-1162655895171-1161068338021-407a1cef78b9833e75f3a32df341ed60",
                "thumb_64": "https:\/\/files.slack.com\/files-tmb\/TTP4V3YS1-F0143CAJWK0-b8f1900ee9\/image_64.png?t=xoxe-941165134885-1162655895171-1161068338021-407a1cef78b9833e75f3a32df341ed60",
                "thumb_80": "https:\/\/files.slack.com\/files-tmb\/TTP4V3YS1-F0143CAJWK0-b8f1900ee9\/image_80.png?t=xoxe-941165134885-1162655895171-1161068338021-407a1cef78b9833e75f3a32df341ed60",
                "thumb_360": "https:\/\/files.slack.com\/files-tmb\/TTP4V3YS1-F0143CAJWK0-b8f1900ee9\/image_360.png?t=xoxe-941165134885-1162655895171-1161068338021-407a1cef78b9833e75f3a32df341ed60",
                "thumb_360_w": 360,
                "thumb_360_h": 87,
                "thumb_480": "https:\/\/files.slack.com\/files-tmb\/TTP4V3YS1-F0143CAJWK0-b8f1900ee9\/image_480.png?t=xoxe-941165134885-1162655895171-1161068338021-407a1cef78b9833e75f3a32df341ed60",
                "thumb_480_w": 480,
                "thumb_480_h": 116,
                "thumb_160": "https:\/\/files.slack.com\/files-tmb\/TTP4V3YS1-F0143CAJWK0-b8f1900ee9\/image_160.png?t=xoxe-941165134885-1162655895171-1161068338021-407a1cef78b9833e75f3a32df341ed60",
                "thumb_720": "https:\/\/files.slack.com\/files-tmb\/TTP4V3YS1-F0143CAJWK0-b8f1900ee9\/image_720.png?t=xoxe-941165134885-1162655895171-1161068338021-407a1cef78b9833e75f3a32df341ed60",
                "thumb_720_w": 720,
                "thumb_720_h": 173,
                "thumb_800": "https:\/\/files.slack.com\/files-tmb\/TTP4V3YS1-F0143CAJWK0-b8f1900ee9\/image_800.png?t=xoxe-941165134885-1162655895171-1161068338021-407a1cef78b9833e75f3a32df341ed60",
                "thumb_800_w": 800,
                "thumb_800_h": 193,
                "thumb_960": "https:\/\/files.slack.com\/files-tmb\/TTP4V3YS1-F0143CAJWK0-b8f1900ee9\/image_960.png?t=xoxe-941165134885-1162655895171-1161068338021-407a1cef78b9833e75f3a32df341ed60",
                "thumb_960_w": 960,
                "thumb_960_h": 231,
                "thumb_1024": "https:\/\/files.slack.com\/files-tmb\/TTP4V3YS1-F0143CAJWK0-b8f1900ee9\/image_1024.png?t=xoxe-941165134885-1162655895171-1161068338021-407a1cef78b9833e75f3a32df341ed60",
                "thumb_1024_w": 1024,
                "thumb_1024_h": 247,
                "original_w": 1494,
                "original_h": 360,
                "thumb_tiny": "AwALADC+CVPPSnEg9s0xQCMmhuOlADuPQflQcY6CmUGgByH2p2B6Coo\/vCnE8mgD\/9k=",
                "permalink": "https:\/\/qwinzy.slack.com\/files\/UTP4932RW\/F0143CAJWK0\/image.png",
                "permalink_public": "https:\/\/slack-files.com\/TTP4V3YS1-F0143CAJWK0-5f1361a50b",
                "is_starred": false,
                "has_rich_preview": false
            }
        ],
        "upload": true,
        "blocks": [
            {
                "type": "rich_text",
                "block_id": "6w2So",
                "elements": [
                    {
                        "type": "rich_text_section",
                        "elements": [
                            {
                                "type": "text",
                                "text": "Done v19. OI seems g2g but there appears to be some non-OpEx missing unless they were really supposed to end in Dec'19. I reached out to Brett to confirm."
                            }
                        ]
                    }
                ]
            }
        ],
        "user": "UTP4932RW",
        "display_as_bot": false,
        "ts": "1590517345.011200",
        "edited": {
            "user": "UTP4932RW",
            "ts": "1590518511.000000"
        },
        "client_msg_id": "0f18dc0d-99d5-4f3a-961c-d3758f34cc5c"
    },
    {
        "client_msg_id": "106CC548-8588-4B3E-A42A-C75F952D4C8C",
        "type": "message",
        "text": "Awesome. Have a call now but let’s catch up after. ",
        "user": "UTRAESNUW",
        "ts": "1590519575.012000",
        "team": "TTP4V3YS1",
        "user_team": "TTP4V3YS1",
        "source_team": "TTP4V3YS1",
        "user_profile": {
            "avatar_hash": "g8d095fb8b4a",
            "image_72": "https:\/\/secure.gravatar.com\/avatar\/8d095fb8b4ad808e7f2252ed0c896b65.jpg?s=72&d=https%3A%2F%2Fa.slack-edge.com%2Fdf10d%2Fimg%2Favatars%2Fava_0025-72.png",
            "first_name": "Jeff",
            "real_name": "Jeff",
            "display_name": "",
            "team": "TTP4V3YS1",
            "name": "jeff",
            "is_restricted": false,
            "is_ultra_restricted": false
        },
        "blocks": [
            {
                "type": "rich_text",
                "block_id": "2It0G",
                "elements": [
                    {
                        "type": "rich_text_section",
                        "elements": [
                            {
                                "type": "text",
                                "text": "Awesome. Have a call now but let’s catch up after. "
                            }
                        ]
                    }
                ]
            }
        ]
    }
]