[
    {
        "client_msg_id": "d0d6c31f-b0e8-4217-8bf1-adf7832b8b79",
        "type": "message",
        "text": "GM <@UTRAESNUW>\nI re-did the occupancy forecast for 2021 using current HR\/LR ratio and the projected 2021 LR #s capped by available homes\n      FYI, for some parks the bender report shows less homes available the lots currently paying HR fees, so in those cases I used the max between them for the homes available cap\nThis can be found  in this file: \\\\Time Out\\Finance\\Monthly Files\\2020\\03-2020\\TimeOut Q2-20 Occupancy Reforecast All MHP v3.xlsx\n\nI fed the new occupancy  forecast into the budget template to re-forecast 2021 financials.\nThen I fed that into the latest master file &amp; began to create \"clean\" versions of the reports for delivery.\nThis file is: \\\\Time Out\\Finance\\Monthly Files\\2020\\03-2020\\TimeOut_MHP_BudgetWorking v3.xlsx\n      Here you will find the latest 2020 &amp; 2021 forecasts fed into the budget templates by park (yellow tabs) and by rollup (gold tabs)\n      I also create a samples of a budget comparison template for parks and rollups using the BvA template as a base (orange tabs)\n      I'm not sure if you want to deliver them 2 tabs for every park, so if you want, I can add the comparisons to the other budget tabs\n      I don't want to proceed any further until we discuss.",
        "user": "UTP4932RW",
        "ts": "1587386846.010500",
        "team": "TTP4V3YS1",
        "user_team": "TTP4V3YS1",
        "source_team": "TTP4V3YS1",
        "user_profile": {
            "avatar_hash": "74e069427e2a",
            "image_72": "https:\/\/avatars.slack-edge.com\/2020-05-19\/1127425449142_74e069427e2aaa40f188_72.jpg",
            "first_name": "Anthony",
            "real_name": "Anthony R. Illobre",
            "display_name": "ARI",
            "team": "TTP4V3YS1",
            "name": "anthony",
            "is_restricted": false,
            "is_ultra_restricted": false
        },
        "blocks": [
            {
                "type": "rich_text",
                "block_id": "\/kt0",
                "elements": [
                    {
                        "type": "rich_text_section",
                        "elements": [
                            {
                                "type": "text",
                                "text": "GM "
                            },
                            {
                                "type": "user",
                                "user_id": "UTRAESNUW"
                            },
                            {
                                "type": "text",
                                "text": "\nI re-did the occupancy forecast for 2021 using current HR\/LR ratio and the projected 2021 LR #s capped by available homes\n      FYI, for some parks the bender report shows less homes available the lots currently paying HR fees, so in those cases I used the max between them for the homes available cap\nThis can be found  in this file: \\\\Time Out\\Finance\\Monthly Files\\2020\\03-2020\\TimeOut Q2-20 Occupancy Reforecast All MHP v3.xlsx\n\nI fed the new occupancy  forecast into the budget template to re-forecast 2021 financials.\nThen I fed that into the latest master file & began to create \"clean\" versions of the reports for delivery.\nThis file is: \\\\Time Out\\Finance\\Monthly Files\\2020\\03-2020\\TimeOut_MHP_BudgetWorking v3.xlsx\n      Here you will find the latest 2020 & 2021 forecasts fed into the budget templates by park (yellow tabs) and by rollup (gold tabs)\n      I also create a samples of a budget comparison template for parks and rollups using the BvA template as a base (orange tabs)\n      I'm not sure if you want to deliver them 2 tabs for every park, so if you want, I can add the comparisons to the other budget tabs\n      I don't want to proceed any further until we discuss."
                            }
                        ]
                    }
                ]
            }
        ]
    },
    {
        "client_msg_id": "6ae14067-06c8-4481-8afc-a6fd873b855b",
        "type": "message",
        "text": "Thanks, but there were some changes that had to be made to assumptions that I had to make top side. We had a couple meetings with them and I had to pull together new models.",
        "user": "UTRAESNUW",
        "ts": "1587387124.011500",
        "team": "TTP4V3YS1",
        "user_team": "TTP4V3YS1",
        "source_team": "TTP4V3YS1",
        "user_profile": {
            "avatar_hash": "g8d095fb8b4a",
            "image_72": "https:\/\/secure.gravatar.com\/avatar\/8d095fb8b4ad808e7f2252ed0c896b65.jpg?s=72&d=https%3A%2F%2Fa.slack-edge.com%2Fdf10d%2Fimg%2Favatars%2Fava_0025-72.png",
            "first_name": "Jeff",
            "real_name": "Jeff",
            "display_name": "",
            "team": "TTP4V3YS1",
            "name": "jeff",
            "is_restricted": false,
            "is_ultra_restricted": false
        },
        "blocks": [
            {
                "type": "rich_text",
                "block_id": "Aa3",
                "elements": [
                    {
                        "type": "rich_text_section",
                        "elements": [
                            {
                                "type": "text",
                                "text": "Thanks, but there were some changes that had to be made to assumptions that I had to make top side. We had a couple meetings with them and I had to pull together new models."
                            }
                        ]
                    }
                ]
            }
        ]
    },
    {
        "client_msg_id": "90386a21-d62c-4b49-9b49-6121bc957f88",
        "type": "message",
        "text": "Not sure what your schedule is but we should talk sometime today",
        "user": "UTRAESNUW",
        "ts": "1587387172.012100",
        "team": "TTP4V3YS1",
        "user_team": "TTP4V3YS1",
        "source_team": "TTP4V3YS1",
        "user_profile": {
            "avatar_hash": "g8d095fb8b4a",
            "image_72": "https:\/\/secure.gravatar.com\/avatar\/8d095fb8b4ad808e7f2252ed0c896b65.jpg?s=72&d=https%3A%2F%2Fa.slack-edge.com%2Fdf10d%2Fimg%2Favatars%2Fava_0025-72.png",
            "first_name": "Jeff",
            "real_name": "Jeff",
            "display_name": "",
            "team": "TTP4V3YS1",
            "name": "jeff",
            "is_restricted": false,
            "is_ultra_restricted": false
        },
        "blocks": [
            {
                "type": "rich_text",
                "block_id": "TDv9",
                "elements": [
                    {
                        "type": "rich_text_section",
                        "elements": [
                            {
                                "type": "text",
                                "text": "Not sure what your schedule is but we should talk sometime today"
                            }
                        ]
                    }
                ]
            }
        ]
    },
    {
        "client_msg_id": "d488ba12-601a-4c88-8ab6-06e052fdd9cb",
        "type": "message",
        "text": "Ok well if you have final #s for occupancy I can run them through &amp; update the forecast again",
        "user": "UTP4932RW",
        "ts": "1587387206.012800",
        "team": "TTP4V3YS1",
        "user_team": "TTP4V3YS1",
        "source_team": "TTP4V3YS1",
        "user_profile": {
            "avatar_hash": "74e069427e2a",
            "image_72": "https:\/\/avatars.slack-edge.com\/2020-05-19\/1127425449142_74e069427e2aaa40f188_72.jpg",
            "first_name": "Anthony",
            "real_name": "Anthony R. Illobre",
            "display_name": "ARI",
            "team": "TTP4V3YS1",
            "name": "anthony",
            "is_restricted": false,
            "is_ultra_restricted": false
        },
        "blocks": [
            {
                "type": "rich_text",
                "block_id": "nmj8",
                "elements": [
                    {
                        "type": "rich_text_section",
                        "elements": [
                            {
                                "type": "text",
                                "text": "Ok well if you have final #s for occupancy I can run them through & update the forecast again"
                            }
                        ]
                    }
                ]
            }
        ]
    },
    {
        "client_msg_id": "d162eac0-3b40-4855-9ace-a29cbc3433c3",
        "type": "message",
        "text": "I'm free whenever you'd like to chat",
        "user": "UTP4932RW",
        "ts": "1587387224.013200",
        "team": "TTP4V3YS1",
        "user_team": "TTP4V3YS1",
        "source_team": "TTP4V3YS1",
        "user_profile": {
            "avatar_hash": "74e069427e2a",
            "image_72": "https:\/\/avatars.slack-edge.com\/2020-05-19\/1127425449142_74e069427e2aaa40f188_72.jpg",
            "first_name": "Anthony",
            "real_name": "Anthony R. Illobre",
            "display_name": "ARI",
            "team": "TTP4V3YS1",
            "name": "anthony",
            "is_restricted": false,
            "is_ultra_restricted": false
        },
        "blocks": [
            {
                "type": "rich_text",
                "block_id": "X\/WD",
                "elements": [
                    {
                        "type": "rich_text_section",
                        "elements": [
                            {
                                "type": "text",
                                "text": "I'm free whenever you'd like to chat"
                            }
                        ]
                    }
                ]
            }
        ]
    },
    {
        "client_msg_id": "afb13d2e-bd14-46fd-aca3-5defcc354daf",
        "type": "message",
        "text": "OK will call you in a few",
        "user": "UTRAESNUW",
        "ts": "1587387326.013400",
        "team": "TTP4V3YS1",
        "user_team": "TTP4V3YS1",
        "source_team": "TTP4V3YS1",
        "user_profile": {
            "avatar_hash": "g8d095fb8b4a",
            "image_72": "https:\/\/secure.gravatar.com\/avatar\/8d095fb8b4ad808e7f2252ed0c896b65.jpg?s=72&d=https%3A%2F%2Fa.slack-edge.com%2Fdf10d%2Fimg%2Favatars%2Fava_0025-72.png",
            "first_name": "Jeff",
            "real_name": "Jeff",
            "display_name": "",
            "team": "TTP4V3YS1",
            "name": "jeff",
            "is_restricted": false,
            "is_ultra_restricted": false
        },
        "blocks": [
            {
                "type": "rich_text",
                "block_id": "I0sAE",
                "elements": [
                    {
                        "type": "rich_text_section",
                        "elements": [
                            {
                                "type": "text",
                                "text": "OK will call you in a few"
                            }
                        ]
                    }
                ]
            }
        ]
    },
    {
        "client_msg_id": "82e70143-488b-441b-a432-67dc0c47afd8",
        "type": "message",
        "text": "Replaced the 2020-2021 forecast in the DB with occupancy &amp; financial figures in :\\\\Time Out\\Finance\\Monthly Files\\2020\\03-2020\\Jeffs Model Files\\Final\\TimeOut_MHP_03-2020_Financial_Model-live v5.xlsx\nPushed the new figures into the templates in this file :\\\\Time Out\\Finance\\Monthly Files\\2020\\03-2020\\TimeOut_MHP_BudgetWorking v4.xlsx",
        "user": "UTP4932RW",
        "ts": "1587391684.015500",
        "team": "TTP4V3YS1",
        "user_team": "TTP4V3YS1",
        "source_team": "TTP4V3YS1",
        "user_profile": {
            "avatar_hash": "74e069427e2a",
            "image_72": "https:\/\/avatars.slack-edge.com\/2020-05-19\/1127425449142_74e069427e2aaa40f188_72.jpg",
            "first_name": "Anthony",
            "real_name": "Anthony R. Illobre",
            "display_name": "ARI",
            "team": "TTP4V3YS1",
            "name": "anthony",
            "is_restricted": false,
            "is_ultra_restricted": false
        },
        "edited": {
            "user": "UTP4932RW",
            "ts": "1587391765.000000"
        },
        "blocks": [
            {
                "type": "rich_text",
                "block_id": "l90CT",
                "elements": [
                    {
                        "type": "rich_text_section",
                        "elements": [
                            {
                                "type": "text",
                                "text": "Replaced the 2020-2021 forecast in the DB with occupancy & financial figures in :\\\\Time Out\\Finance\\Monthly Files\\2020\\03-2020\\Jeffs Model Files\\Final\\TimeOut_MHP_03-2020_Financial_Model-live v5.xlsx\nPushed the new figures into the templates in this file :\\\\Time Out\\Finance\\Monthly Files\\2020\\03-2020\\TimeOut_MHP_BudgetWorking v4.xlsx"
                            }
                        ]
                    }
                ]
            }
        ]
    },
    {
        "client_msg_id": "572496ca-dd4f-4139-a9f8-e8e806348830",
        "type": "message",
        "text": "OK, are the assumptions the same as the latest file I pulled together?",
        "user": "UTRAESNUW",
        "ts": "1587392301.016000",
        "team": "TTP4V3YS1",
        "user_team": "TTP4V3YS1",
        "source_team": "TTP4V3YS1",
        "user_profile": {
            "avatar_hash": "g8d095fb8b4a",
            "image_72": "https:\/\/secure.gravatar.com\/avatar\/8d095fb8b4ad808e7f2252ed0c896b65.jpg?s=72&d=https%3A%2F%2Fa.slack-edge.com%2Fdf10d%2Fimg%2Favatars%2Fava_0025-72.png",
            "first_name": "Jeff",
            "real_name": "Jeff",
            "display_name": "",
            "team": "TTP4V3YS1",
            "name": "jeff",
            "is_restricted": false,
            "is_ultra_restricted": false
        },
        "blocks": [
            {
                "type": "rich_text",
                "block_id": "QKMt",
                "elements": [
                    {
                        "type": "rich_text_section",
                        "elements": [
                            {
                                "type": "text",
                                "text": "OK, are the assumptions the same as the latest file I pulled together?"
                            }
                        ]
                    }
                ]
            }
        ]
    },
    {
        "client_msg_id": "c1ea1997-26d3-404d-814d-a75c4a83c934",
        "type": "message",
        "text": "Yes I pulled the numbers directly from your file",
        "user": "UTP4932RW",
        "ts": "1587392407.016700",
        "team": "TTP4V3YS1",
        "user_team": "TTP4V3YS1",
        "source_team": "TTP4V3YS1",
        "user_profile": {
            "avatar_hash": "74e069427e2a",
            "image_72": "https:\/\/avatars.slack-edge.com\/2020-05-19\/1127425449142_74e069427e2aaa40f188_72.jpg",
            "first_name": "Anthony",
            "real_name": "Anthony R. Illobre",
            "display_name": "ARI",
            "team": "TTP4V3YS1",
            "name": "anthony",
            "is_restricted": false,
            "is_ultra_restricted": false
        },
        "blocks": [
            {
                "type": "rich_text",
                "block_id": "SJ7",
                "elements": [
                    {
                        "type": "rich_text_section",
                        "elements": [
                            {
                                "type": "text",
                                "text": "Yes I pulled the numbers directly from your file"
                            }
                        ]
                    }
                ]
            }
        ]
    },
    {
        "client_msg_id": "2a7beb02-f53d-4b83-858b-38e2efd0f179",
        "type": "message",
        "text": "Right, but for the rest of 2020 and 2021 assumptions are they the same as what I updated as well?",
        "user": "UTRAESNUW",
        "ts": "1587392530.017200",
        "team": "TTP4V3YS1",
        "user_team": "TTP4V3YS1",
        "source_team": "TTP4V3YS1",
        "user_profile": {
            "avatar_hash": "g8d095fb8b4a",
            "image_72": "https:\/\/secure.gravatar.com\/avatar\/8d095fb8b4ad808e7f2252ed0c896b65.jpg?s=72&d=https%3A%2F%2Fa.slack-edge.com%2Fdf10d%2Fimg%2Favatars%2Fava_0025-72.png",
            "first_name": "Jeff",
            "real_name": "Jeff",
            "display_name": "",
            "team": "TTP4V3YS1",
            "name": "jeff",
            "is_restricted": false,
            "is_ultra_restricted": false
        },
        "blocks": [
            {
                "type": "rich_text",
                "block_id": "OwCX",
                "elements": [
                    {
                        "type": "rich_text_section",
                        "elements": [
                            {
                                "type": "text",
                                "text": "Right, but for the rest of 2020 and 2021 assumptions are they the same as what I updated as well?"
                            }
                        ]
                    }
                ]
            }
        ]
    },
    {
        "client_msg_id": "abb82bff-b1a6-4053-bad8-52169e342f26",
        "type": "message",
        "text": "I made some adjustments to the prior budget working file directly in the Live model I fixed",
        "user": "UTRAESNUW",
        "ts": "1587392541.017500",
        "team": "TTP4V3YS1",
        "user_team": "TTP4V3YS1",
        "source_team": "TTP4V3YS1",
        "user_profile": {
            "avatar_hash": "g8d095fb8b4a",
            "image_72": "https:\/\/secure.gravatar.com\/avatar\/8d095fb8b4ad808e7f2252ed0c896b65.jpg?s=72&d=https%3A%2F%2Fa.slack-edge.com%2Fdf10d%2Fimg%2Favatars%2Fava_0025-72.png",
            "first_name": "Jeff",
            "real_name": "Jeff",
            "display_name": "",
            "team": "TTP4V3YS1",
            "name": "jeff",
            "is_restricted": false,
            "is_ultra_restricted": false
        },
        "blocks": [
            {
                "type": "rich_text",
                "block_id": "eO2jj",
                "elements": [
                    {
                        "type": "rich_text_section",
                        "elements": [
                            {
                                "type": "text",
                                "text": "I made some adjustments to the prior budget working file directly in the Live model I fixed"
                            }
                        ]
                    }
                ]
            }
        ]
    },
    {
        "client_msg_id": "acff8a7a-063d-4e7a-a554-7a9b8cbe574c",
        "type": "message",
        "text": "Yeah, I didn't create a new file with the assumption calculations.\nI pulled the results of your calcs straight into the DB.\nYour file is still the live version for the time being.\nThe file I made just pulls what's in the DB into reporting templates, it doesn't calculate anything.",
        "user": "UTP4932RW",
        "ts": "1587392739.020600",
        "team": "TTP4V3YS1",
        "user_team": "TTP4V3YS1",
        "source_team": "TTP4V3YS1",
        "user_profile": {
            "avatar_hash": "74e069427e2a",
            "image_72": "https:\/\/avatars.slack-edge.com\/2020-05-19\/1127425449142_74e069427e2aaa40f188_72.jpg",
            "first_name": "Anthony",
            "real_name": "Anthony R. Illobre",
            "display_name": "ARI",
            "team": "TTP4V3YS1",
            "name": "anthony",
            "is_restricted": false,
            "is_ultra_restricted": false
        },
        "blocks": [
            {
                "type": "rich_text",
                "block_id": "DNhMO",
                "elements": [
                    {
                        "type": "rich_text_section",
                        "elements": [
                            {
                                "type": "text",
                                "text": "Yeah, I didn't create a new file with the assumption calculations.\nI pulled the results of your calcs straight into the DB.\nYour file is still the live version for the time being.\nThe file I made just pulls what's in the DB into reporting templates, it doesn't calculate anything."
                            }
                        ]
                    }
                ]
            }
        ]
    },
    {
        "client_msg_id": "9972187f-5a63-45a4-b773-1403273eb9b0",
        "type": "message",
        "text": "OK, thanks",
        "user": "UTRAESNUW",
        "ts": "1587393126.020800",
        "team": "TTP4V3YS1",
        "user_team": "TTP4V3YS1",
        "source_team": "TTP4V3YS1",
        "user_profile": {
            "avatar_hash": "g8d095fb8b4a",
            "image_72": "https:\/\/secure.gravatar.com\/avatar\/8d095fb8b4ad808e7f2252ed0c896b65.jpg?s=72&d=https%3A%2F%2Fa.slack-edge.com%2Fdf10d%2Fimg%2Favatars%2Fava_0025-72.png",
            "first_name": "Jeff",
            "real_name": "Jeff",
            "display_name": "",
            "team": "TTP4V3YS1",
            "name": "jeff",
            "is_restricted": false,
            "is_ultra_restricted": false
        },
        "edited": {
            "user": "UTRAESNUW",
            "ts": "1587393134.000000"
        },
        "blocks": [
            {
                "type": "rich_text",
                "block_id": "d+R",
                "elements": [
                    {
                        "type": "rich_text_section",
                        "elements": [
                            {
                                "type": "text",
                                "text": "OK, thanks"
                            }
                        ]
                    }
                ]
            }
        ]
    },
    {
        "type": "message",
        "text": "",
        "files": [
            {
                "id": "F011YSB5EA2",
                "created": 1587393135,
                "timestamp": 1587393135,
                "name": "image.png",
                "title": "image.png",
                "mimetype": "image\/png",
                "filetype": "png",
                "pretty_type": "PNG",
                "user": "UTP4932RW",
                "editable": false,
                "size": 6544,
                "mode": "hosted",
                "is_external": false,
                "external_type": "",
                "is_public": true,
                "public_url_shared": false,
                "display_as_bot": false,
                "username": "",
                "url_private": "https:\/\/files.slack.com\/files-pri\/TTP4V3YS1-F011YSB5EA2\/image.png?t=xoxe-941165134885-1162655895171-1161068338021-407a1cef78b9833e75f3a32df341ed60",
                "url_private_download": "https:\/\/files.slack.com\/files-pri\/TTP4V3YS1-F011YSB5EA2\/download\/image.png?t=xoxe-941165134885-1162655895171-1161068338021-407a1cef78b9833e75f3a32df341ed60",
                "thumb_64": "https:\/\/files.slack.com\/files-tmb\/TTP4V3YS1-F011YSB5EA2-f7aff8cead\/image_64.png?t=xoxe-941165134885-1162655895171-1161068338021-407a1cef78b9833e75f3a32df341ed60",
                "thumb_80": "https:\/\/files.slack.com\/files-tmb\/TTP4V3YS1-F011YSB5EA2-f7aff8cead\/image_80.png?t=xoxe-941165134885-1162655895171-1161068338021-407a1cef78b9833e75f3a32df341ed60",
                "thumb_360": "https:\/\/files.slack.com\/files-tmb\/TTP4V3YS1-F011YSB5EA2-f7aff8cead\/image_360.png?t=xoxe-941165134885-1162655895171-1161068338021-407a1cef78b9833e75f3a32df341ed60",
                "thumb_360_w": 360,
                "thumb_360_h": 157,
                "thumb_480": "https:\/\/files.slack.com\/files-tmb\/TTP4V3YS1-F011YSB5EA2-f7aff8cead\/image_480.png?t=xoxe-941165134885-1162655895171-1161068338021-407a1cef78b9833e75f3a32df341ed60",
                "thumb_480_w": 480,
                "thumb_480_h": 210,
                "thumb_160": "https:\/\/files.slack.com\/files-tmb\/TTP4V3YS1-F011YSB5EA2-f7aff8cead\/image_160.png?t=xoxe-941165134885-1162655895171-1161068338021-407a1cef78b9833e75f3a32df341ed60",
                "original_w": 531,
                "original_h": 232,
                "thumb_tiny": "AwAUADDS70FgvWkYc8A\/gaZypJYZFAD9w9D+VG4eh\/KlByM0tADdw9D+VOoooAKKKKAG7F\/uijYv90UtFACBQOgxTqSloA\/\/2Q==",
                "permalink": "https:\/\/qwinzy.slack.com\/files\/UTP4932RW\/F011YSB5EA2\/image.png",
                "permalink_public": "https:\/\/slack-files.com\/TTP4V3YS1-F011YSB5EA2-c8453a9da8",
                "is_starred": false,
                "has_rich_preview": false
            }
        ],
        "upload": true,
        "user": "UTP4932RW",
        "display_as_bot": false,
        "ts": "1587393136.021100",
        "client_msg_id": "bdd5d696-4a20-4f1b-b804-5c512fad8fd5"
    },
    {
        "client_msg_id": "469d6428-85ee-43d8-ae7f-4896969ae99d",
        "type": "message",
        "text": "OK, can you also note the properties by loan (see the files I broke out)",
        "user": "UTRAESNUW",
        "ts": "1587393184.021800",
        "team": "TTP4V3YS1",
        "user_team": "TTP4V3YS1",
        "source_team": "TTP4V3YS1",
        "user_profile": {
            "avatar_hash": "g8d095fb8b4a",
            "image_72": "https:\/\/secure.gravatar.com\/avatar\/8d095fb8b4ad808e7f2252ed0c896b65.jpg?s=72&d=https%3A%2F%2Fa.slack-edge.com%2Fdf10d%2Fimg%2Favatars%2Fava_0025-72.png",
            "first_name": "Jeff",
            "real_name": "Jeff",
            "display_name": "",
            "team": "TTP4V3YS1",
            "name": "jeff",
            "is_restricted": false,
            "is_ultra_restricted": false
        },
        "blocks": [
            {
                "type": "rich_text",
                "block_id": "bcib",
                "elements": [
                    {
                        "type": "rich_text_section",
                        "elements": [
                            {
                                "type": "text",
                                "text": "OK, can you also note the properties by loan (see the files I broke out)"
                            }
                        ]
                    }
                ]
            }
        ]
    },
    {
        "type": "message",
        "text": "That's what I wanted to talk to you about.\nIn my version I have Budget 2020YTD v Actual 2020YTD    +    Budget 2020YTG v Forecast 2020YTG    =    Budget 2020 v Forecast 2020\n&   Budget 2021v Forecast 2021",
        "files": [
            {
                "id": "F0125R57A1H",
                "created": 1587393478,
                "timestamp": 1587393478,
                "name": "image.png",
                "title": "image.png",
                "mimetype": "image\/png",
                "filetype": "png",
                "pretty_type": "PNG",
                "user": "UTP4932RW",
                "editable": false,
                "size": 6974,
                "mode": "hosted",
                "is_external": false,
                "external_type": "",
                "is_public": true,
                "public_url_shared": false,
                "display_as_bot": false,
                "username": "",
                "url_private": "https:\/\/files.slack.com\/files-pri\/TTP4V3YS1-F0125R57A1H\/image.png?t=xoxe-941165134885-1162655895171-1161068338021-407a1cef78b9833e75f3a32df341ed60",
                "url_private_download": "https:\/\/files.slack.com\/files-pri\/TTP4V3YS1-F0125R57A1H\/download\/image.png?t=xoxe-941165134885-1162655895171-1161068338021-407a1cef78b9833e75f3a32df341ed60",
                "thumb_64": "https:\/\/files.slack.com\/files-tmb\/TTP4V3YS1-F0125R57A1H-ebb654ca90\/image_64.png?t=xoxe-941165134885-1162655895171-1161068338021-407a1cef78b9833e75f3a32df341ed60",
                "thumb_80": "https:\/\/files.slack.com\/files-tmb\/TTP4V3YS1-F0125R57A1H-ebb654ca90\/image_80.png?t=xoxe-941165134885-1162655895171-1161068338021-407a1cef78b9833e75f3a32df341ed60",
                "thumb_360": "https:\/\/files.slack.com\/files-tmb\/TTP4V3YS1-F0125R57A1H-ebb654ca90\/image_360.png?t=xoxe-941165134885-1162655895171-1161068338021-407a1cef78b9833e75f3a32df341ed60",
                "thumb_360_w": 360,
                "thumb_360_h": 30,
                "thumb_480": "https:\/\/files.slack.com\/files-tmb\/TTP4V3YS1-F0125R57A1H-ebb654ca90\/image_480.png?t=xoxe-941165134885-1162655895171-1161068338021-407a1cef78b9833e75f3a32df341ed60",
                "thumb_480_w": 480,
                "thumb_480_h": 41,
                "thumb_160": "https:\/\/files.slack.com\/files-tmb\/TTP4V3YS1-F0125R57A1H-ebb654ca90\/image_160.png?t=xoxe-941165134885-1162655895171-1161068338021-407a1cef78b9833e75f3a32df341ed60",
                "thumb_720": "https:\/\/files.slack.com\/files-tmb\/TTP4V3YS1-F0125R57A1H-ebb654ca90\/image_720.png?t=xoxe-941165134885-1162655895171-1161068338021-407a1cef78b9833e75f3a32df341ed60",
                "thumb_720_w": 720,
                "thumb_720_h": 61,
                "thumb_800": "https:\/\/files.slack.com\/files-tmb\/TTP4V3YS1-F0125R57A1H-ebb654ca90\/image_800.png?t=xoxe-941165134885-1162655895171-1161068338021-407a1cef78b9833e75f3a32df341ed60",
                "thumb_800_w": 800,
                "thumb_800_h": 68,
                "thumb_960": "https:\/\/files.slack.com\/files-tmb\/TTP4V3YS1-F0125R57A1H-ebb654ca90\/image_960.png?t=xoxe-941165134885-1162655895171-1161068338021-407a1cef78b9833e75f3a32df341ed60",
                "thumb_960_w": 960,
                "thumb_960_h": 81,
                "thumb_1024": "https:\/\/files.slack.com\/files-tmb\/TTP4V3YS1-F0125R57A1H-ebb654ca90\/image_1024.png?t=xoxe-941165134885-1162655895171-1161068338021-407a1cef78b9833e75f3a32df341ed60",
                "thumb_1024_w": 1024,
                "thumb_1024_h": 86,
                "original_w": 1291,
                "original_h": 109,
                "thumb_tiny": "AwAEADDRB47U1xuQg5\/A4pR0FDdDQBH5Yw3Lf99GgRjnlun94071oHU\/Q0ANEYz1bof4jQkYDA5br\/eNOHWheo+tAH\/\/2Q==",
                "permalink": "https:\/\/qwinzy.slack.com\/files\/UTP4932RW\/F0125R57A1H\/image.png",
                "permalink_public": "https:\/\/slack-files.com\/TTP4V3YS1-F0125R57A1H-dd5ac545a4",
                "is_starred": false,
                "has_rich_preview": false
            }
        ],
        "upload": true,
        "blocks": [
            {
                "type": "rich_text",
                "block_id": "S0jLl",
                "elements": [
                    {
                        "type": "rich_text_section",
                        "elements": [
                            {
                                "type": "text",
                                "text": "That's what I wanted to talk to you about.\nIn my version I have Budget 2020YTD v Actual 2020YTD    +    Budget 2020YTG v Forecast 2020YTG    =    Budget 2020 v Forecast 2020\n&   Budget 2021v Forecast 2021"
                            }
                        ]
                    }
                ]
            }
        ],
        "user": "UTP4932RW",
        "display_as_bot": false,
        "ts": "1587393480.024100",
        "client_msg_id": "94066066-a7fe-42ce-9685-42f68d330a6e"
    },
    {
        "client_msg_id": "1607eeb5-df4f-4527-8040-b82acd220c40",
        "type": "message",
        "text": "This way they can see the FY difference separated as miss v budget (YTD) &amp; adjustment to a realistic forecast (YTG)\nDo you care for this, or do you want it exactly as you had it?",
        "user": "UTP4932RW",
        "ts": "1587393597.026200",
        "team": "TTP4V3YS1",
        "user_team": "TTP4V3YS1",
        "source_team": "TTP4V3YS1",
        "user_profile": {
            "avatar_hash": "74e069427e2a",
            "image_72": "https:\/\/avatars.slack-edge.com\/2020-05-19\/1127425449142_74e069427e2aaa40f188_72.jpg",
            "first_name": "Anthony",
            "real_name": "Anthony R. Illobre",
            "display_name": "ARI",
            "team": "TTP4V3YS1",
            "name": "anthony",
            "is_restricted": false,
            "is_ultra_restricted": false
        },
        "blocks": [
            {
                "type": "rich_text",
                "block_id": "L2\/f",
                "elements": [
                    {
                        "type": "rich_text_section",
                        "elements": [
                            {
                                "type": "text",
                                "text": "This way they can see the FY difference separated as miss v budget (YTD) & adjustment to a realistic forecast (YTG)\nDo you care for this, or do you want it exactly as you had it?"
                            }
                        ]
                    }
                ]
            }
        ]
    },
    {
        "client_msg_id": "6C2C251E-E7CA-4399-BC49-97946682BE73",
        "type": "message",
        "text": "They didn’t really care for the comparison so probably don’t need it",
        "user": "UTRAESNUW",
        "ts": "1587393641.027200",
        "team": "TTP4V3YS1",
        "user_team": "TTP4V3YS1",
        "source_team": "TTP4V3YS1",
        "user_profile": {
            "avatar_hash": "g8d095fb8b4a",
            "image_72": "https:\/\/secure.gravatar.com\/avatar\/8d095fb8b4ad808e7f2252ed0c896b65.jpg?s=72&d=https%3A%2F%2Fa.slack-edge.com%2Fdf10d%2Fimg%2Favatars%2Fava_0025-72.png",
            "first_name": "Jeff",
            "real_name": "Jeff",
            "display_name": "",
            "team": "TTP4V3YS1",
            "name": "jeff",
            "is_restricted": false,
            "is_ultra_restricted": false
        },
        "blocks": [
            {
                "type": "rich_text",
                "block_id": "x4FQ",
                "elements": [
                    {
                        "type": "rich_text_section",
                        "elements": [
                            {
                                "type": "text",
                                "text": "They didn’t really care for the comparison so probably don’t need it"
                            }
                        ]
                    }
                ]
            }
        ]
    },
    {
        "client_msg_id": "cfa58f05-c6b8-4502-9940-b8221a7e96cf",
        "type": "message",
        "text": "Ok",
        "user": "UTP4932RW",
        "ts": "1587393668.027700",
        "team": "TTP4V3YS1",
        "user_team": "TTP4V3YS1",
        "source_team": "TTP4V3YS1",
        "user_profile": {
            "avatar_hash": "74e069427e2a",
            "image_72": "https:\/\/avatars.slack-edge.com\/2020-05-19\/1127425449142_74e069427e2aaa40f188_72.jpg",
            "first_name": "Anthony",
            "real_name": "Anthony R. Illobre",
            "display_name": "ARI",
            "team": "TTP4V3YS1",
            "name": "anthony",
            "is_restricted": false,
            "is_ultra_restricted": false
        },
        "blocks": [
            {
                "type": "rich_text",
                "block_id": "5N7",
                "elements": [
                    {
                        "type": "rich_text_section",
                        "elements": [
                            {
                                "type": "text",
                                "text": "Ok"
                            }
                        ]
                    }
                ]
            }
        ]
    },
    {
        "client_msg_id": "18609931-48CE-4665-BAEC-9504DBDEF9B4",
        "type": "message",
        "text": "Just need the master projections for all parks and then the two files with the specific tranches",
        "user": "UTRAESNUW",
        "ts": "1587393678.028100",
        "team": "TTP4V3YS1",
        "user_team": "TTP4V3YS1",
        "source_team": "TTP4V3YS1",
        "user_profile": {
            "avatar_hash": "g8d095fb8b4a",
            "image_72": "https:\/\/secure.gravatar.com\/avatar\/8d095fb8b4ad808e7f2252ed0c896b65.jpg?s=72&d=https%3A%2F%2Fa.slack-edge.com%2Fdf10d%2Fimg%2Favatars%2Fava_0025-72.png",
            "first_name": "Jeff",
            "real_name": "Jeff",
            "display_name": "",
            "team": "TTP4V3YS1",
            "name": "jeff",
            "is_restricted": false,
            "is_ultra_restricted": false
        },
        "blocks": [
            {
                "type": "rich_text",
                "block_id": "RKL7t",
                "elements": [
                    {
                        "type": "rich_text_section",
                        "elements": [
                            {
                                "type": "text",
                                "text": "Just need the master projections for all parks and then the two files with the specific tranches"
                            }
                        ]
                    }
                ]
            }
        ]
    },
    {
        "type": "message",
        "text": "All 3 files are ready (except the subtitle on the park templates). It's outdated. I figured I'd ask what you want instead of guessing.",
        "files": [
            {
                "id": "F0125NHMEH0",
                "created": 1587395866,
                "timestamp": 1587395866,
                "name": "image.png",
                "title": "image.png",
                "mimetype": "image\/png",
                "filetype": "png",
                "pretty_type": "PNG",
                "user": "UTP4932RW",
                "editable": false,
                "size": 8071,
                "mode": "hosted",
                "is_external": false,
                "external_type": "",
                "is_public": true,
                "public_url_shared": false,
                "display_as_bot": false,
                "username": "",
                "url_private": "https:\/\/files.slack.com\/files-pri\/TTP4V3YS1-F0125NHMEH0\/image.png?t=xoxe-941165134885-1162655895171-1161068338021-407a1cef78b9833e75f3a32df341ed60",
                "url_private_download": "https:\/\/files.slack.com\/files-pri\/TTP4V3YS1-F0125NHMEH0\/download\/image.png?t=xoxe-941165134885-1162655895171-1161068338021-407a1cef78b9833e75f3a32df341ed60",
                "thumb_64": "https:\/\/files.slack.com\/files-tmb\/TTP4V3YS1-F0125NHMEH0-5ee7ddc945\/image_64.png?t=xoxe-941165134885-1162655895171-1161068338021-407a1cef78b9833e75f3a32df341ed60",
                "thumb_80": "https:\/\/files.slack.com\/files-tmb\/TTP4V3YS1-F0125NHMEH0-5ee7ddc945\/image_80.png?t=xoxe-941165134885-1162655895171-1161068338021-407a1cef78b9833e75f3a32df341ed60",
                "thumb_360": "https:\/\/files.slack.com\/files-tmb\/TTP4V3YS1-F0125NHMEH0-5ee7ddc945\/image_360.png?t=xoxe-941165134885-1162655895171-1161068338021-407a1cef78b9833e75f3a32df341ed60",
                "thumb_360_w": 360,
                "thumb_360_h": 69,
                "thumb_480": "https:\/\/files.slack.com\/files-tmb\/TTP4V3YS1-F0125NHMEH0-5ee7ddc945\/image_480.png?t=xoxe-941165134885-1162655895171-1161068338021-407a1cef78b9833e75f3a32df341ed60",
                "thumb_480_w": 480,
                "thumb_480_h": 92,
                "thumb_160": "https:\/\/files.slack.com\/files-tmb\/TTP4V3YS1-F0125NHMEH0-5ee7ddc945\/image_160.png?t=xoxe-941165134885-1162655895171-1161068338021-407a1cef78b9833e75f3a32df341ed60",
                "thumb_720": "https:\/\/files.slack.com\/files-tmb\/TTP4V3YS1-F0125NHMEH0-5ee7ddc945\/image_720.png?t=xoxe-941165134885-1162655895171-1161068338021-407a1cef78b9833e75f3a32df341ed60",
                "thumb_720_w": 720,
                "thumb_720_h": 139,
                "original_w": 779,
                "original_h": 150,
                "thumb_tiny": "AwAJADDQY4NG4etNPQUlMRJ+IoyAetIOlIetADsjj\/GlyKZ6UvpQB\/\/Z",
                "permalink": "https:\/\/qwinzy.slack.com\/files\/UTP4932RW\/F0125NHMEH0\/image.png",
                "permalink_public": "https:\/\/slack-files.com\/TTP4V3YS1-F0125NHMEH0-6ab1e7b317",
                "is_starred": false,
                "has_rich_preview": false
            }
        ],
        "upload": true,
        "blocks": [
            {
                "type": "rich_text",
                "block_id": "oO77",
                "elements": [
                    {
                        "type": "rich_text_section",
                        "elements": [
                            {
                                "type": "text",
                                "text": "All 3 files are ready (except the subtitle on the park templates). It's outdated. I figured I'd ask what you want instead of guessing."
                            }
                        ]
                    }
                ]
            }
        ],
        "user": "UTP4932RW",
        "display_as_bot": false,
        "ts": "1587395867.028200",
        "client_msg_id": "13623b06-603b-42ef-bf6e-16afab84d286"
    },
    {
        "client_msg_id": "d19fbec7-81fe-4ee6-adbc-50e1a7b641f2",
        "type": "message",
        "text": "Also FYI, I doubt the someone would know how to pull data from the backend anyways, but the NC11 &amp; Super8 files only pull the right data",
        "user": "UTP4932RW",
        "ts": "1587396068.029500",
        "team": "TTP4V3YS1",
        "user_team": "TTP4V3YS1",
        "source_team": "TTP4V3YS1",
        "user_profile": {
            "avatar_hash": "74e069427e2a",
            "image_72": "https:\/\/avatars.slack-edge.com\/2020-05-19\/1127425449142_74e069427e2aaa40f188_72.jpg",
            "first_name": "Anthony",
            "real_name": "Anthony R. Illobre",
            "display_name": "ARI",
            "team": "TTP4V3YS1",
            "name": "anthony",
            "is_restricted": false,
            "is_ultra_restricted": false
        },
        "blocks": [
            {
                "type": "rich_text",
                "block_id": "=Z0r",
                "elements": [
                    {
                        "type": "rich_text_section",
                        "elements": [
                            {
                                "type": "text",
                                "text": "Also FYI, I doubt the someone would know how to pull data from the backend anyways, but the NC11 & Super8 files only pull the right data"
                            }
                        ]
                    }
                ]
            }
        ]
    },
    {
        "client_msg_id": "6c75b07d-5fa4-4526-8365-7f106bb1706b",
        "type": "message",
        "text": "Can you sync Dropbox",
        "user": "UTRAESNUW",
        "ts": "1587397522.029800",
        "team": "TTP4V3YS1",
        "user_team": "TTP4V3YS1",
        "source_team": "TTP4V3YS1",
        "user_profile": {
            "avatar_hash": "g8d095fb8b4a",
            "image_72": "https:\/\/secure.gravatar.com\/avatar\/8d095fb8b4ad808e7f2252ed0c896b65.jpg?s=72&d=https%3A%2F%2Fa.slack-edge.com%2Fdf10d%2Fimg%2Favatars%2Fava_0025-72.png",
            "first_name": "Jeff",
            "real_name": "Jeff",
            "display_name": "",
            "team": "TTP4V3YS1",
            "name": "jeff",
            "is_restricted": false,
            "is_ultra_restricted": false
        },
        "blocks": [
            {
                "type": "rich_text",
                "block_id": "M==",
                "elements": [
                    {
                        "type": "rich_text_section",
                        "elements": [
                            {
                                "type": "text",
                                "text": "Can you sync Dropbox"
                            }
                        ]
                    }
                ]
            }
        ]
    },
    {
        "client_msg_id": "3740f0c7-76d1-492a-8f02-00300198a8d3",
        "type": "message",
        "text": "<@UTP4932RW> Can you also create a \"non-live\" version we can circulate to Mike and Matt and any lenders?",
        "user": "UTRAESNUW",
        "ts": "1587397667.030300",
        "team": "TTP4V3YS1",
        "user_team": "TTP4V3YS1",
        "source_team": "TTP4V3YS1",
        "user_profile": {
            "avatar_hash": "g8d095fb8b4a",
            "image_72": "https:\/\/secure.gravatar.com\/avatar\/8d095fb8b4ad808e7f2252ed0c896b65.jpg?s=72&d=https%3A%2F%2Fa.slack-edge.com%2Fdf10d%2Fimg%2Favatars%2Fava_0025-72.png",
            "first_name": "Jeff",
            "real_name": "Jeff",
            "display_name": "",
            "team": "TTP4V3YS1",
            "name": "jeff",
            "is_restricted": false,
            "is_ultra_restricted": false
        },
        "blocks": [
            {
                "type": "rich_text",
                "block_id": "cuE",
                "elements": [
                    {
                        "type": "rich_text_section",
                        "elements": [
                            {
                                "type": "user",
                                "user_id": "UTP4932RW"
                            },
                            {
                                "type": "text",
                                "text": " Can you also create a \"non-live\" version we can circulate to Mike and Matt and any lenders?"
                            }
                        ]
                    }
                ]
            }
        ]
    },
    {
        "client_msg_id": "4e242a0e-0a79-40d8-9739-0ae56d7bc0b0",
        "type": "message",
        "text": "It's synced now.\nI'm not sure what you mean. These versions are the non-live versions. They're just reporting. There's no assumption calcs in them. Are you saying you just want me to paste value everything?",
        "user": "UTP4932RW",
        "ts": "1587397998.031800",
        "team": "TTP4V3YS1",
        "user_team": "TTP4V3YS1",
        "source_team": "TTP4V3YS1",
        "user_profile": {
            "avatar_hash": "74e069427e2a",
            "image_72": "https:\/\/avatars.slack-edge.com\/2020-05-19\/1127425449142_74e069427e2aaa40f188_72.jpg",
            "first_name": "Anthony",
            "real_name": "Anthony R. Illobre",
            "display_name": "ARI",
            "team": "TTP4V3YS1",
            "name": "anthony",
            "is_restricted": false,
            "is_ultra_restricted": false
        },
        "blocks": [
            {
                "type": "rich_text",
                "block_id": "6=Im",
                "elements": [
                    {
                        "type": "rich_text_section",
                        "elements": [
                            {
                                "type": "text",
                                "text": "It's synced now.\nI'm not sure what you mean. These versions are the non-live versions. They're just reporting. There's no assumption calcs in them. Are you saying you just want me to paste value everything?"
                            }
                        ]
                    }
                ]
            }
        ]
    },
    {
        "client_msg_id": "f33ad79b-894e-484a-bee1-81a9492a28e2",
        "type": "message",
        "text": "Just the formulas are cubevalues",
        "user": "UTRAESNUW",
        "ts": "1587398129.032100",
        "team": "TTP4V3YS1",
        "user_team": "TTP4V3YS1",
        "source_team": "TTP4V3YS1",
        "user_profile": {
            "avatar_hash": "g8d095fb8b4a",
            "image_72": "https:\/\/secure.gravatar.com\/avatar\/8d095fb8b4ad808e7f2252ed0c896b65.jpg?s=72&d=https%3A%2F%2Fa.slack-edge.com%2Fdf10d%2Fimg%2Favatars%2Fava_0025-72.png",
            "first_name": "Jeff",
            "real_name": "Jeff",
            "display_name": "",
            "team": "TTP4V3YS1",
            "name": "jeff",
            "is_restricted": false,
            "is_ultra_restricted": false
        },
        "blocks": [
            {
                "type": "rich_text",
                "block_id": "569",
                "elements": [
                    {
                        "type": "rich_text_section",
                        "elements": [
                            {
                                "type": "text",
                                "text": "Just the formulas are cubevalues"
                            }
                        ]
                    }
                ]
            }
        ]
    },
    {
        "client_msg_id": "bc33a39b-d473-45f7-b6e1-b79be5e4f452",
        "type": "message",
        "text": "Yeah that just reaching to the back end to display the numbers. Do you want me to just paste value everything?",
        "user": "UTP4932RW",
        "ts": "1587398161.032700",
        "team": "TTP4V3YS1",
        "user_team": "TTP4V3YS1",
        "source_team": "TTP4V3YS1",
        "user_profile": {
            "avatar_hash": "74e069427e2a",
            "image_72": "https:\/\/avatars.slack-edge.com\/2020-05-19\/1127425449142_74e069427e2aaa40f188_72.jpg",
            "first_name": "Anthony",
            "real_name": "Anthony R. Illobre",
            "display_name": "ARI",
            "team": "TTP4V3YS1",
            "name": "anthony",
            "is_restricted": false,
            "is_ultra_restricted": false
        },
        "blocks": [
            {
                "type": "rich_text",
                "block_id": "gZya3",
                "elements": [
                    {
                        "type": "rich_text_section",
                        "elements": [
                            {
                                "type": "text",
                                "text": "Yeah that just reaching to the back end to display the numbers. Do you want me to just paste value everything?"
                            }
                        ]
                    }
                ]
            }
        ]
    },
    {
        "client_msg_id": "1d724d0a-90d1-4d35-af17-1b88f637bdd8",
        "type": "message",
        "text": "Yea, maybe we have a client deliverable version that doesn't have the links in it",
        "user": "UTRAESNUW",
        "ts": "1587398195.033100",
        "team": "TTP4V3YS1",
        "user_team": "TTP4V3YS1",
        "source_team": "TTP4V3YS1",
        "user_profile": {
            "avatar_hash": "g8d095fb8b4a",
            "image_72": "https:\/\/secure.gravatar.com\/avatar\/8d095fb8b4ad808e7f2252ed0c896b65.jpg?s=72&d=https%3A%2F%2Fa.slack-edge.com%2Fdf10d%2Fimg%2Favatars%2Fava_0025-72.png",
            "first_name": "Jeff",
            "real_name": "Jeff",
            "display_name": "",
            "team": "TTP4V3YS1",
            "name": "jeff",
            "is_restricted": false,
            "is_ultra_restricted": false
        },
        "blocks": [
            {
                "type": "rich_text",
                "block_id": "FDe",
                "elements": [
                    {
                        "type": "rich_text_section",
                        "elements": [
                            {
                                "type": "text",
                                "text": "Yea, maybe we have a client deliverable version that doesn't have the links in it"
                            }
                        ]
                    }
                ]
            }
        ]
    },
    {
        "client_msg_id": "e6cecdf3-95bd-4cb0-8f64-ffbfc2dcb138",
        "type": "message",
        "text": "Ok. FYI I am trying to pull the actuals for the rollup entities but I keep getting kicked from RM",
        "user": "UTP4932RW",
        "ts": "1587398285.033800",
        "team": "TTP4V3YS1",
        "user_team": "TTP4V3YS1",
        "source_team": "TTP4V3YS1",
        "user_profile": {
            "avatar_hash": "74e069427e2a",
            "image_72": "https:\/\/avatars.slack-edge.com\/2020-05-19\/1127425449142_74e069427e2aaa40f188_72.jpg",
            "first_name": "Anthony",
            "real_name": "Anthony R. Illobre",
            "display_name": "ARI",
            "team": "TTP4V3YS1",
            "name": "anthony",
            "is_restricted": false,
            "is_ultra_restricted": false
        },
        "blocks": [
            {
                "type": "rich_text",
                "block_id": "YTN",
                "elements": [
                    {
                        "type": "rich_text_section",
                        "elements": [
                            {
                                "type": "text",
                                "text": "Ok. FYI I am trying to pull the actuals for the rollup entities but I keep getting kicked from RM"
                            }
                        ]
                    }
                ]
            }
        ]
    },
    {
        "client_msg_id": "62f5fe41-726b-4de9-8974-08077de81bb8",
        "type": "message",
        "text": "OK, maybe someone at PL&amp;R is in it",
        "user": "UTRAESNUW",
        "ts": "1587398298.034100",
        "team": "TTP4V3YS1",
        "user_team": "TTP4V3YS1",
        "source_team": "TTP4V3YS1",
        "user_profile": {
            "avatar_hash": "g8d095fb8b4a",
            "image_72": "https:\/\/secure.gravatar.com\/avatar\/8d095fb8b4ad808e7f2252ed0c896b65.jpg?s=72&d=https%3A%2F%2Fa.slack-edge.com%2Fdf10d%2Fimg%2Favatars%2Fava_0025-72.png",
            "first_name": "Jeff",
            "real_name": "Jeff",
            "display_name": "",
            "team": "TTP4V3YS1",
            "name": "jeff",
            "is_restricted": false,
            "is_ultra_restricted": false
        },
        "blocks": [
            {
                "type": "rich_text",
                "block_id": "+6tH",
                "elements": [
                    {
                        "type": "rich_text_section",
                        "elements": [
                            {
                                "type": "text",
                                "text": "OK, maybe someone at PL&R is in it"
                            }
                        ]
                    }
                ]
            }
        ]
    },
    {
        "client_msg_id": "4f176f16-b22c-4a59-b2ea-eddb88286fc1",
        "type": "message",
        "text": "Let me check on my end",
        "user": "UTRAESNUW",
        "ts": "1587398304.034300",
        "team": "TTP4V3YS1",
        "user_team": "TTP4V3YS1",
        "source_team": "TTP4V3YS1",
        "user_profile": {
            "avatar_hash": "g8d095fb8b4a",
            "image_72": "https:\/\/secure.gravatar.com\/avatar\/8d095fb8b4ad808e7f2252ed0c896b65.jpg?s=72&d=https%3A%2F%2Fa.slack-edge.com%2Fdf10d%2Fimg%2Favatars%2Fava_0025-72.png",
            "first_name": "Jeff",
            "real_name": "Jeff",
            "display_name": "",
            "team": "TTP4V3YS1",
            "name": "jeff",
            "is_restricted": false,
            "is_ultra_restricted": false
        },
        "blocks": [
            {
                "type": "rich_text",
                "block_id": "znxFP",
                "elements": [
                    {
                        "type": "rich_text_section",
                        "elements": [
                            {
                                "type": "text",
                                "text": "Let me check on my end"
                            }
                        ]
                    }
                ]
            }
        ]
    },
    {
        "client_msg_id": "2ac83e18-93be-4fe9-8a37-d4fe4f0417d6",
        "type": "message",
        "text": "I got the same issue. Sorry",
        "user": "UTRAESNUW",
        "ts": "1587398428.034500",
        "team": "TTP4V3YS1",
        "user_team": "TTP4V3YS1",
        "source_team": "TTP4V3YS1",
        "user_profile": {
            "avatar_hash": "g8d095fb8b4a",
            "image_72": "https:\/\/secure.gravatar.com\/avatar\/8d095fb8b4ad808e7f2252ed0c896b65.jpg?s=72&d=https%3A%2F%2Fa.slack-edge.com%2Fdf10d%2Fimg%2Favatars%2Fava_0025-72.png",
            "first_name": "Jeff",
            "real_name": "Jeff",
            "display_name": "",
            "team": "TTP4V3YS1",
            "name": "jeff",
            "is_restricted": false,
            "is_ultra_restricted": false
        },
        "blocks": [
            {
                "type": "rich_text",
                "block_id": "JqT",
                "elements": [
                    {
                        "type": "rich_text_section",
                        "elements": [
                            {
                                "type": "text",
                                "text": "I got the same issue. Sorry"
                            }
                        ]
                    }
                ]
            }
        ]
    },
    {
        "type": "message",
        "text": "4 files, all paste values",
        "files": [
            {
                "id": "F01264JPZ43",
                "created": 1587399576,
                "timestamp": 1587399576,
                "name": "image.png",
                "title": "image.png",
                "mimetype": "image\/png",
                "filetype": "png",
                "pretty_type": "PNG",
                "user": "UTP4932RW",
                "editable": false,
                "size": 10712,
                "mode": "hosted",
                "is_external": false,
                "external_type": "",
                "is_public": true,
                "public_url_shared": false,
                "display_as_bot": false,
                "username": "",
                "url_private": "https:\/\/files.slack.com\/files-pri\/TTP4V3YS1-F01264JPZ43\/image.png?t=xoxe-941165134885-1162655895171-1161068338021-407a1cef78b9833e75f3a32df341ed60",
                "url_private_download": "https:\/\/files.slack.com\/files-pri\/TTP4V3YS1-F01264JPZ43\/download\/image.png?t=xoxe-941165134885-1162655895171-1161068338021-407a1cef78b9833e75f3a32df341ed60",
                "thumb_64": "https:\/\/files.slack.com\/files-tmb\/TTP4V3YS1-F01264JPZ43-9287eb2ab5\/image_64.png?t=xoxe-941165134885-1162655895171-1161068338021-407a1cef78b9833e75f3a32df341ed60",
                "thumb_80": "https:\/\/files.slack.com\/files-tmb\/TTP4V3YS1-F01264JPZ43-9287eb2ab5\/image_80.png?t=xoxe-941165134885-1162655895171-1161068338021-407a1cef78b9833e75f3a32df341ed60",
                "thumb_360": "https:\/\/files.slack.com\/files-tmb\/TTP4V3YS1-F01264JPZ43-9287eb2ab5\/image_360.png?t=xoxe-941165134885-1162655895171-1161068338021-407a1cef78b9833e75f3a32df341ed60",
                "thumb_360_w": 360,
                "thumb_360_h": 105,
                "thumb_480": "https:\/\/files.slack.com\/files-tmb\/TTP4V3YS1-F01264JPZ43-9287eb2ab5\/image_480.png?t=xoxe-941165134885-1162655895171-1161068338021-407a1cef78b9833e75f3a32df341ed60",
                "thumb_480_w": 480,
                "thumb_480_h": 140,
                "thumb_160": "https:\/\/files.slack.com\/files-tmb\/TTP4V3YS1-F01264JPZ43-9287eb2ab5\/image_160.png?t=xoxe-941165134885-1162655895171-1161068338021-407a1cef78b9833e75f3a32df341ed60",
                "thumb_720": "https:\/\/files.slack.com\/files-tmb\/TTP4V3YS1-F01264JPZ43-9287eb2ab5\/image_720.png?t=xoxe-941165134885-1162655895171-1161068338021-407a1cef78b9833e75f3a32df341ed60",
                "thumb_720_w": 720,
                "thumb_720_h": 210,
                "thumb_800": "https:\/\/files.slack.com\/files-tmb\/TTP4V3YS1-F01264JPZ43-9287eb2ab5\/image_800.png?t=xoxe-941165134885-1162655895171-1161068338021-407a1cef78b9833e75f3a32df341ed60",
                "thumb_800_w": 800,
                "thumb_800_h": 233,
                "original_w": 831,
                "original_h": 242,
                "thumb_tiny": "AwANADDRNG4e9AHNLgelACdu9L+dLRigBPfmloxRQB\/\/2Q==",
                "permalink": "https:\/\/qwinzy.slack.com\/files\/UTP4932RW\/F01264JPZ43\/image.png",
                "permalink_public": "https:\/\/slack-files.com\/TTP4V3YS1-F01264JPZ43-3332536757",
                "is_starred": false,
                "has_rich_preview": false
            }
        ],
        "upload": true,
        "blocks": [
            {
                "type": "rich_text",
                "block_id": "aMBE",
                "elements": [
                    {
                        "type": "rich_text_section",
                        "elements": [
                            {
                                "type": "text",
                                "text": "4 files, all paste values"
                            }
                        ]
                    }
                ]
            }
        ],
        "user": "UTP4932RW",
        "display_as_bot": false,
        "ts": "1587399578.034900",
        "client_msg_id": "8019b249-6aba-413e-936e-7e751f296528"
    },
    {
        "client_msg_id": "63da5f46-2bf2-4e4d-a0e2-68a4959ae45e",
        "type": "message",
        "text": "<@UTRAESNUW>",
        "user": "UTP4932RW",
        "ts": "1587399723.035300",
        "team": "TTP4V3YS1",
        "user_team": "TTP4V3YS1",
        "source_team": "TTP4V3YS1",
        "user_profile": {
            "avatar_hash": "74e069427e2a",
            "image_72": "https:\/\/avatars.slack-edge.com\/2020-05-19\/1127425449142_74e069427e2aaa40f188_72.jpg",
            "first_name": "Anthony",
            "real_name": "Anthony R. Illobre",
            "display_name": "ARI",
            "team": "TTP4V3YS1",
            "name": "anthony",
            "is_restricted": false,
            "is_ultra_restricted": false
        },
        "blocks": [
            {
                "type": "rich_text",
                "block_id": "aOdF",
                "elements": [
                    {
                        "type": "rich_text_section",
                        "elements": [
                            {
                                "type": "user",
                                "user_id": "UTRAESNUW"
                            }
                        ]
                    }
                ]
            }
        ]
    },
    {
        "client_msg_id": "fa6a9b37-f782-483b-b97c-a2adafa75b52",
        "type": "message",
        "text": "Awesome. Thanks!",
        "user": "UTRAESNUW",
        "ts": "1587399875.035500",
        "team": "TTP4V3YS1",
        "user_team": "TTP4V3YS1",
        "source_team": "TTP4V3YS1",
        "user_profile": {
            "avatar_hash": "g8d095fb8b4a",
            "image_72": "https:\/\/secure.gravatar.com\/avatar\/8d095fb8b4ad808e7f2252ed0c896b65.jpg?s=72&d=https%3A%2F%2Fa.slack-edge.com%2Fdf10d%2Fimg%2Favatars%2Fava_0025-72.png",
            "first_name": "Jeff",
            "real_name": "Jeff",
            "display_name": "",
            "team": "TTP4V3YS1",
            "name": "jeff",
            "is_restricted": false,
            "is_ultra_restricted": false
        },
        "blocks": [
            {
                "type": "rich_text",
                "block_id": "AQaC",
                "elements": [
                    {
                        "type": "rich_text_section",
                        "elements": [
                            {
                                "type": "text",
                                "text": "Awesome. Thanks!"
                            }
                        ]
                    }
                ]
            }
        ],
        "reactions": [
            {
                "name": "+1",
                "users": [
                    "UTP4932RW"
                ],
                "count": 1
            }
        ]
    },
    {
        "client_msg_id": "ed119bb5-7fb0-4e59-913c-540cb7aba06b",
        "type": "message",
        "text": "Changes are done if you want to check. I'll need a few min to verify the total lots number. I really hope that hasn't changed",
        "user": "UTP4932RW",
        "ts": "1587402416.036300",
        "team": "TTP4V3YS1",
        "user_team": "TTP4V3YS1",
        "source_team": "TTP4V3YS1",
        "user_profile": {
            "avatar_hash": "74e069427e2a",
            "image_72": "https:\/\/avatars.slack-edge.com\/2020-05-19\/1127425449142_74e069427e2aaa40f188_72.jpg",
            "first_name": "Anthony",
            "real_name": "Anthony R. Illobre",
            "display_name": "ARI",
            "team": "TTP4V3YS1",
            "name": "anthony",
            "is_restricted": false,
            "is_ultra_restricted": false
        },
        "blocks": [
            {
                "type": "rich_text",
                "block_id": "E27y+",
                "elements": [
                    {
                        "type": "rich_text_section",
                        "elements": [
                            {
                                "type": "text",
                                "text": "Changes are done if you want to check. I'll need a few min to verify the total lots number. I really hope that hasn't changed"
                            }
                        ]
                    }
                ]
            }
        ]
    },
    {
        "client_msg_id": "F900459E-35C4-4C91-A6E2-0331906AC525",
        "type": "message",
        "text": "No rush. Confirm that and let me know. I agree",
        "user": "UTRAESNUW",
        "ts": "1587402856.036700",
        "team": "TTP4V3YS1",
        "user_team": "TTP4V3YS1",
        "source_team": "TTP4V3YS1",
        "user_profile": {
            "avatar_hash": "g8d095fb8b4a",
            "image_72": "https:\/\/secure.gravatar.com\/avatar\/8d095fb8b4ad808e7f2252ed0c896b65.jpg?s=72&d=https%3A%2F%2Fa.slack-edge.com%2Fdf10d%2Fimg%2Favatars%2Fava_0025-72.png",
            "first_name": "Jeff",
            "real_name": "Jeff",
            "display_name": "",
            "team": "TTP4V3YS1",
            "name": "jeff",
            "is_restricted": false,
            "is_ultra_restricted": false
        },
        "blocks": [
            {
                "type": "rich_text",
                "block_id": "+BtM",
                "elements": [
                    {
                        "type": "rich_text_section",
                        "elements": [
                            {
                                "type": "text",
                                "text": "No rush. Confirm that and let me know. I agree"
                            }
                        ]
                    }
                ]
            }
        ]
    },
    {
        "client_msg_id": "6a7f1711-221f-41ec-a3af-0c30728f1eed",
        "type": "message",
        "text": "There's a couple parks that are off by 1 or 2 lots, but the only material difference is GVV which we have at 456 total lots but is showing 516 in RM.",
        "user": "UTP4932RW",
        "ts": "1587403705.038100",
        "team": "TTP4V3YS1",
        "user_team": "TTP4V3YS1",
        "source_team": "TTP4V3YS1",
        "user_profile": {
            "avatar_hash": "74e069427e2a",
            "image_72": "https:\/\/avatars.slack-edge.com\/2020-05-19\/1127425449142_74e069427e2aaa40f188_72.jpg",
            "first_name": "Anthony",
            "real_name": "Anthony R. Illobre",
            "display_name": "ARI",
            "team": "TTP4V3YS1",
            "name": "anthony",
            "is_restricted": false,
            "is_ultra_restricted": false
        },
        "blocks": [
            {
                "type": "rich_text",
                "block_id": "2Fi",
                "elements": [
                    {
                        "type": "rich_text_section",
                        "elements": [
                            {
                                "type": "text",
                                "text": "There's a couple parks that are off by 1 or 2 lots, but the only material difference is GVV which we have at 456 total lots but is showing 516 in RM."
                            }
                        ]
                    }
                ]
            }
        ]
    },
    {
        "client_msg_id": "1173ffd9-4952-428e-a637-ef48f36c5c89",
        "type": "message",
        "text": "which others are off",
        "user": "UTRAESNUW",
        "ts": "1587403796.038500",
        "team": "TTP4V3YS1",
        "user_team": "TTP4V3YS1",
        "source_team": "TTP4V3YS1",
        "user_profile": {
            "avatar_hash": "g8d095fb8b4a",
            "image_72": "https:\/\/secure.gravatar.com\/avatar\/8d095fb8b4ad808e7f2252ed0c896b65.jpg?s=72&d=https%3A%2F%2Fa.slack-edge.com%2Fdf10d%2Fimg%2Favatars%2Fava_0025-72.png",
            "first_name": "Jeff",
            "real_name": "Jeff",
            "display_name": "",
            "team": "TTP4V3YS1",
            "name": "jeff",
            "is_restricted": false,
            "is_ultra_restricted": false
        },
        "blocks": [
            {
                "type": "rich_text",
                "block_id": "4rGq",
                "elements": [
                    {
                        "type": "rich_text_section",
                        "elements": [
                            {
                                "type": "text",
                                "text": "which others are off"
                            }
                        ]
                    }
                ]
            }
        ]
    }
]