[
    {
        "client_msg_id": "12aaabb5-5f68-4701-beb9-061e9dc22d5e",
        "type": "message",
        "text": "<@UTRAESNUW> Park Occupancy model updates with HR cap from Bender Report. Resulting Occupancy Forecast files are in the Mar20 folder",
        "user": "UTP4932RW",
        "ts": "1586888324.000900",
        "team": "TTP4V3YS1",
        "user_team": "TTP4V3YS1",
        "source_team": "TTP4V3YS1",
        "user_profile": {
            "avatar_hash": "74e069427e2a",
            "image_72": "https:\/\/avatars.slack-edge.com\/2020-05-19\/1127425449142_74e069427e2aaa40f188_72.jpg",
            "first_name": "Anthony",
            "real_name": "Anthony R. Illobre",
            "display_name": "ARI",
            "team": "TTP4V3YS1",
            "name": "anthony",
            "is_restricted": false,
            "is_ultra_restricted": false
        },
        "blocks": [
            {
                "type": "rich_text",
                "block_id": "aC+g=",
                "elements": [
                    {
                        "type": "rich_text_section",
                        "elements": [
                            {
                                "type": "user",
                                "user_id": "UTRAESNUW"
                            },
                            {
                                "type": "text",
                                "text": " Park Occupancy model updates with HR cap from Bender Report. Resulting Occupancy Forecast files are in the Mar20 folder"
                            }
                        ]
                    }
                ]
            }
        ]
    },
    {
        "client_msg_id": "6d5ff092-c898-4413-b234-a70ea7ba1833",
        "type": "message",
        "text": "All MHP, Supper 8, NC 11",
        "user": "UTP4932RW",
        "ts": "1586888338.001200",
        "team": "TTP4V3YS1",
        "user_team": "TTP4V3YS1",
        "source_team": "TTP4V3YS1",
        "user_profile": {
            "avatar_hash": "74e069427e2a",
            "image_72": "https:\/\/avatars.slack-edge.com\/2020-05-19\/1127425449142_74e069427e2aaa40f188_72.jpg",
            "first_name": "Anthony",
            "real_name": "Anthony R. Illobre",
            "display_name": "ARI",
            "team": "TTP4V3YS1",
            "name": "anthony",
            "is_restricted": false,
            "is_ultra_restricted": false
        },
        "blocks": [
            {
                "type": "rich_text",
                "block_id": "iRoJ",
                "elements": [
                    {
                        "type": "rich_text_section",
                        "elements": [
                            {
                                "type": "text",
                                "text": "All MHP, Supper 8, NC 11"
                            }
                        ]
                    }
                ]
            }
        ]
    },
    {
        "client_msg_id": "f4e085eb-601e-4f71-acb4-186a2e47b9d2",
        "type": "message",
        "text": "FYI I thought I could pull this data because the feilds used appear to be coming from RM, but when I tried to replicate the report using RM, I got the same totals I used before. Once the bender report is shared with us I can see what the source of those #s are",
        "user": "UTP4932RW",
        "ts": "1586888434.003100",
        "team": "TTP4V3YS1",
        "user_team": "TTP4V3YS1",
        "source_team": "TTP4V3YS1",
        "user_profile": {
            "avatar_hash": "74e069427e2a",
            "image_72": "https:\/\/avatars.slack-edge.com\/2020-05-19\/1127425449142_74e069427e2aaa40f188_72.jpg",
            "first_name": "Anthony",
            "real_name": "Anthony R. Illobre",
            "display_name": "ARI",
            "team": "TTP4V3YS1",
            "name": "anthony",
            "is_restricted": false,
            "is_ultra_restricted": false
        },
        "blocks": [
            {
                "type": "rich_text",
                "block_id": "57TY",
                "elements": [
                    {
                        "type": "rich_text_section",
                        "elements": [
                            {
                                "type": "text",
                                "text": "FYI I thought I could pull this data because the feilds used appear to be coming from RM, but when I tried to replicate the report using RM, I got the same totals I used before. Once the bender report is shared with us I can see what the source of those #s are"
                            }
                        ]
                    }
                ]
            }
        ]
    },
    {
        "client_msg_id": "1a472d15-642f-41a0-90f1-1f42bef72e16",
        "type": "message",
        "text": "Thanks!",
        "user": "UTRAESNUW",
        "ts": "1586888572.003300",
        "team": "TTP4V3YS1",
        "user_team": "TTP4V3YS1",
        "source_team": "TTP4V3YS1",
        "user_profile": {
            "avatar_hash": "g8d095fb8b4a",
            "image_72": "https:\/\/secure.gravatar.com\/avatar\/8d095fb8b4ad808e7f2252ed0c896b65.jpg?s=72&d=https%3A%2F%2Fa.slack-edge.com%2Fdf10d%2Fimg%2Favatars%2Fava_0025-72.png",
            "first_name": "Jeff",
            "real_name": "Jeff",
            "display_name": "",
            "team": "TTP4V3YS1",
            "name": "jeff",
            "is_restricted": false,
            "is_ultra_restricted": false
        },
        "blocks": [
            {
                "type": "rich_text",
                "block_id": "qE=W9",
                "elements": [
                    {
                        "type": "rich_text_section",
                        "elements": [
                            {
                                "type": "text",
                                "text": "Thanks!"
                            }
                        ]
                    }
                ]
            }
        ]
    },
    {
        "client_msg_id": "c6a73228-f83f-4448-b268-91eef4f3d692",
        "type": "message",
        "text": "So BvA is done",
        "user": "UTRAESNUW",
        "ts": "1586888603.003800",
        "team": "TTP4V3YS1",
        "user_team": "TTP4V3YS1",
        "source_team": "TTP4V3YS1",
        "user_profile": {
            "avatar_hash": "g8d095fb8b4a",
            "image_72": "https:\/\/secure.gravatar.com\/avatar\/8d095fb8b4ad808e7f2252ed0c896b65.jpg?s=72&d=https%3A%2F%2Fa.slack-edge.com%2Fdf10d%2Fimg%2Favatars%2Fava_0025-72.png",
            "first_name": "Jeff",
            "real_name": "Jeff",
            "display_name": "",
            "team": "TTP4V3YS1",
            "name": "jeff",
            "is_restricted": false,
            "is_ultra_restricted": false
        },
        "blocks": [
            {
                "type": "rich_text",
                "block_id": "3Jp+3",
                "elements": [
                    {
                        "type": "rich_text_section",
                        "elements": [
                            {
                                "type": "text",
                                "text": "So BvA is done"
                            }
                        ]
                    }
                ]
            }
        ]
    },
    {
        "client_msg_id": "a198018a-eec8-4216-a1e0-1124697577b4",
        "type": "message",
        "text": "And now you're feeding everything through to the models?",
        "user": "UTRAESNUW",
        "ts": "1586888612.004100",
        "team": "TTP4V3YS1",
        "user_team": "TTP4V3YS1",
        "source_team": "TTP4V3YS1",
        "user_profile": {
            "avatar_hash": "g8d095fb8b4a",
            "image_72": "https:\/\/secure.gravatar.com\/avatar\/8d095fb8b4ad808e7f2252ed0c896b65.jpg?s=72&d=https%3A%2F%2Fa.slack-edge.com%2Fdf10d%2Fimg%2Favatars%2Fava_0025-72.png",
            "first_name": "Jeff",
            "real_name": "Jeff",
            "display_name": "",
            "team": "TTP4V3YS1",
            "name": "jeff",
            "is_restricted": false,
            "is_ultra_restricted": false
        },
        "blocks": [
            {
                "type": "rich_text",
                "block_id": "DQ8",
                "elements": [
                    {
                        "type": "rich_text_section",
                        "elements": [
                            {
                                "type": "text",
                                "text": "And now you're feeding everything through to the models?"
                            }
                        ]
                    }
                ]
            }
        ]
    },
    {
        "client_msg_id": "d1fd0c3a-8b49-4c8c-a345-95c70999c3c4",
        "type": "message",
        "text": "With the Occupancy data",
        "user": "UTRAESNUW",
        "ts": "1586888624.004400",
        "team": "TTP4V3YS1",
        "user_team": "TTP4V3YS1",
        "source_team": "TTP4V3YS1",
        "user_profile": {
            "avatar_hash": "g8d095fb8b4a",
            "image_72": "https:\/\/secure.gravatar.com\/avatar\/8d095fb8b4ad808e7f2252ed0c896b65.jpg?s=72&d=https%3A%2F%2Fa.slack-edge.com%2Fdf10d%2Fimg%2Favatars%2Fava_0025-72.png",
            "first_name": "Jeff",
            "real_name": "Jeff",
            "display_name": "",
            "team": "TTP4V3YS1",
            "name": "jeff",
            "is_restricted": false,
            "is_ultra_restricted": false
        },
        "blocks": [
            {
                "type": "rich_text",
                "block_id": "XGHd+",
                "elements": [
                    {
                        "type": "rich_text_section",
                        "elements": [
                            {
                                "type": "text",
                                "text": "With the Occupancy data"
                            }
                        ]
                    }
                ]
            }
        ]
    },
    {
        "client_msg_id": "e44ec463-0226-4d89-ac1a-cbc28c610088",
        "type": "message",
        "text": "Yep",
        "user": "UTP4932RW",
        "ts": "1586888654.004600",
        "team": "TTP4V3YS1",
        "user_team": "TTP4V3YS1",
        "source_team": "TTP4V3YS1",
        "user_profile": {
            "avatar_hash": "74e069427e2a",
            "image_72": "https:\/\/avatars.slack-edge.com\/2020-05-19\/1127425449142_74e069427e2aaa40f188_72.jpg",
            "first_name": "Anthony",
            "real_name": "Anthony R. Illobre",
            "display_name": "ARI",
            "team": "TTP4V3YS1",
            "name": "anthony",
            "is_restricted": false,
            "is_ultra_restricted": false
        },
        "blocks": [
            {
                "type": "rich_text",
                "block_id": "6MXkC",
                "elements": [
                    {
                        "type": "rich_text_section",
                        "elements": [
                            {
                                "type": "text",
                                "text": "Yep"
                            }
                        ]
                    }
                ]
            }
        ]
    },
    {
        "client_msg_id": "1dfa2ceb-40b1-4635-aaad-56eea646caef",
        "type": "message",
        "text": "I havent created a new budget scenario using the new occupancy, If thats what you mean. The Total HR is flowing into the 3 deliverables tho.",
        "user": "UTP4932RW",
        "ts": "1586888718.005800",
        "team": "TTP4V3YS1",
        "user_team": "TTP4V3YS1",
        "source_team": "TTP4V3YS1",
        "user_profile": {
            "avatar_hash": "74e069427e2a",
            "image_72": "https:\/\/avatars.slack-edge.com\/2020-05-19\/1127425449142_74e069427e2aaa40f188_72.jpg",
            "first_name": "Anthony",
            "real_name": "Anthony R. Illobre",
            "display_name": "ARI",
            "team": "TTP4V3YS1",
            "name": "anthony",
            "is_restricted": false,
            "is_ultra_restricted": false
        },
        "blocks": [
            {
                "type": "rich_text",
                "block_id": "Ijs0",
                "elements": [
                    {
                        "type": "rich_text_section",
                        "elements": [
                            {
                                "type": "text",
                                "text": "I havent created a new budget scenario using the new occupancy, If thats what you mean. The Total HR is flowing into the 3 deliverables tho."
                            }
                        ]
                    }
                ]
            }
        ]
    },
    {
        "client_msg_id": "62d235ed-c5c8-460d-bb97-e85caa519492",
        "type": "message",
        "text": "Oh sorry, I didn't explain it right. Three deliverables are just the models, not the occupancy.",
        "user": "UTRAESNUW",
        "ts": "1586888878.006400",
        "team": "TTP4V3YS1",
        "user_team": "TTP4V3YS1",
        "source_team": "TTP4V3YS1",
        "user_profile": {
            "avatar_hash": "g8d095fb8b4a",
            "image_72": "https:\/\/secure.gravatar.com\/avatar\/8d095fb8b4ad808e7f2252ed0c896b65.jpg?s=72&d=https%3A%2F%2Fa.slack-edge.com%2Fdf10d%2Fimg%2Favatars%2Fava_0025-72.png",
            "first_name": "Jeff",
            "real_name": "Jeff",
            "display_name": "",
            "team": "TTP4V3YS1",
            "name": "jeff",
            "is_restricted": false,
            "is_ultra_restricted": false
        },
        "blocks": [
            {
                "type": "rich_text",
                "block_id": "ddHs\/",
                "elements": [
                    {
                        "type": "rich_text_section",
                        "elements": [
                            {
                                "type": "text",
                                "text": "Oh sorry, I didn't explain it right. Three deliverables are just the models, not the occupancy."
                            }
                        ]
                    }
                ]
            }
        ]
    },
    {
        "client_msg_id": "5f5ebbef-3217-4229-9172-b0b61e4dc71a",
        "type": "message",
        "text": "They just need the models separated to be able to provide the 2 financing scenarios to the lender",
        "user": "UTRAESNUW",
        "ts": "1586888905.007200",
        "team": "TTP4V3YS1",
        "user_team": "TTP4V3YS1",
        "source_team": "TTP4V3YS1",
        "user_profile": {
            "avatar_hash": "g8d095fb8b4a",
            "image_72": "https:\/\/secure.gravatar.com\/avatar\/8d095fb8b4ad808e7f2252ed0c896b65.jpg?s=72&d=https%3A%2F%2Fa.slack-edge.com%2Fdf10d%2Fimg%2Favatars%2Fava_0025-72.png",
            "first_name": "Jeff",
            "real_name": "Jeff",
            "display_name": "",
            "team": "TTP4V3YS1",
            "name": "jeff",
            "is_restricted": false,
            "is_ultra_restricted": false
        },
        "blocks": [
            {
                "type": "rich_text",
                "block_id": "hMAC",
                "elements": [
                    {
                        "type": "rich_text_section",
                        "elements": [
                            {
                                "type": "text",
                                "text": "They just need the models separated to be able to provide the 2 financing scenarios to the lender"
                            }
                        ]
                    }
                ]
            }
        ]
    },
    {
        "client_msg_id": "78fa9fae-3695-495a-8c7d-56fc8fde46c7",
        "type": "message",
        "text": "So you want the new forecast using the new occupancy?",
        "user": "UTP4932RW",
        "ts": "1586888923.007700",
        "team": "TTP4V3YS1",
        "user_team": "TTP4V3YS1",
        "source_team": "TTP4V3YS1",
        "user_profile": {
            "avatar_hash": "74e069427e2a",
            "image_72": "https:\/\/avatars.slack-edge.com\/2020-05-19\/1127425449142_74e069427e2aaa40f188_72.jpg",
            "first_name": "Anthony",
            "real_name": "Anthony R. Illobre",
            "display_name": "ARI",
            "team": "TTP4V3YS1",
            "name": "anthony",
            "is_restricted": false,
            "is_ultra_restricted": false
        },
        "blocks": [
            {
                "type": "rich_text",
                "block_id": "SCzHm",
                "elements": [
                    {
                        "type": "rich_text_section",
                        "elements": [
                            {
                                "type": "text",
                                "text": "So you want the new forecast using the new occupancy?"
                            }
                        ]
                    }
                ]
            }
        ]
    },
    {
        "client_msg_id": "2f80656b-cf0d-463d-a6fc-44f60c104190",
        "type": "message",
        "text": "Right exactly. They need the parks model updated with the new occupancy.",
        "user": "UTRAESNUW",
        "ts": "1586889210.008100",
        "team": "TTP4V3YS1",
        "user_team": "TTP4V3YS1",
        "source_team": "TTP4V3YS1",
        "user_profile": {
            "avatar_hash": "g8d095fb8b4a",
            "image_72": "https:\/\/secure.gravatar.com\/avatar\/8d095fb8b4ad808e7f2252ed0c896b65.jpg?s=72&d=https%3A%2F%2Fa.slack-edge.com%2Fdf10d%2Fimg%2Favatars%2Fava_0025-72.png",
            "first_name": "Jeff",
            "real_name": "Jeff",
            "display_name": "",
            "team": "TTP4V3YS1",
            "name": "jeff",
            "is_restricted": false,
            "is_ultra_restricted": false
        },
        "blocks": [
            {
                "type": "rich_text",
                "block_id": "AhKW",
                "elements": [
                    {
                        "type": "rich_text_section",
                        "elements": [
                            {
                                "type": "text",
                                "text": "Right exactly. They need the parks model updated with the new occupancy."
                            }
                        ]
                    }
                ]
            }
        ]
    },
    {
        "client_msg_id": "6b164d59-2bef-48bf-a7db-d9a7b98d7d0f",
        "type": "message",
        "text": "The park by park model",
        "user": "UTRAESNUW",
        "ts": "1586889221.008300",
        "team": "TTP4V3YS1",
        "user_team": "TTP4V3YS1",
        "source_team": "TTP4V3YS1",
        "user_profile": {
            "avatar_hash": "g8d095fb8b4a",
            "image_72": "https:\/\/secure.gravatar.com\/avatar\/8d095fb8b4ad808e7f2252ed0c896b65.jpg?s=72&d=https%3A%2F%2Fa.slack-edge.com%2Fdf10d%2Fimg%2Favatars%2Fava_0025-72.png",
            "first_name": "Jeff",
            "real_name": "Jeff",
            "display_name": "",
            "team": "TTP4V3YS1",
            "name": "jeff",
            "is_restricted": false,
            "is_ultra_restricted": false
        },
        "blocks": [
            {
                "type": "rich_text",
                "block_id": "cnARk",
                "elements": [
                    {
                        "type": "rich_text_section",
                        "elements": [
                            {
                                "type": "text",
                                "text": "The park by park model"
                            }
                        ]
                    }
                ]
            }
        ]
    },
    {
        "client_msg_id": "b4a62fc6-7a68-4291-9e80-06bf9b0719fd",
        "type": "message",
        "text": "How long do you think it will take you to flow through the YTD Actuals and updated Occupancy figures to the model?",
        "user": "UTRAESNUW",
        "ts": "1586889795.008800",
        "team": "TTP4V3YS1",
        "user_team": "TTP4V3YS1",
        "source_team": "TTP4V3YS1",
        "user_profile": {
            "avatar_hash": "g8d095fb8b4a",
            "image_72": "https:\/\/secure.gravatar.com\/avatar\/8d095fb8b4ad808e7f2252ed0c896b65.jpg?s=72&d=https%3A%2F%2Fa.slack-edge.com%2Fdf10d%2Fimg%2Favatars%2Fava_0025-72.png",
            "first_name": "Jeff",
            "real_name": "Jeff",
            "display_name": "",
            "team": "TTP4V3YS1",
            "name": "jeff",
            "is_restricted": false,
            "is_ultra_restricted": false
        },
        "blocks": [
            {
                "type": "rich_text",
                "block_id": "Tyi",
                "elements": [
                    {
                        "type": "rich_text_section",
                        "elements": [
                            {
                                "type": "text",
                                "text": "How long do you think it will take you to flow through the YTD Actuals and updated Occupancy figures to the model?"
                            }
                        ]
                    }
                ]
            }
        ]
    },
    {
        "client_msg_id": "b6d42081-700a-4e78-9f96-f3a792082744",
        "type": "message",
        "text": "I just did",
        "user": "UTP4932RW",
        "ts": "1586891214.009000",
        "team": "TTP4V3YS1",
        "user_team": "TTP4V3YS1",
        "source_team": "TTP4V3YS1",
        "user_profile": {
            "avatar_hash": "74e069427e2a",
            "image_72": "https:\/\/avatars.slack-edge.com\/2020-05-19\/1127425449142_74e069427e2aaa40f188_72.jpg",
            "first_name": "Anthony",
            "real_name": "Anthony R. Illobre",
            "display_name": "ARI",
            "team": "TTP4V3YS1",
            "name": "anthony",
            "is_restricted": false,
            "is_ultra_restricted": false
        },
        "blocks": [
            {
                "type": "rich_text",
                "block_id": "YqmD",
                "elements": [
                    {
                        "type": "rich_text_section",
                        "elements": [
                            {
                                "type": "text",
                                "text": "I just did"
                            }
                        ]
                    }
                ]
            }
        ]
    },
    {
        "client_msg_id": "139eb232-5bb9-46dd-bb30-867d41da77ba",
        "type": "message",
        "text": "Oh nice",
        "user": "UTRAESNUW",
        "ts": "1586891249.009900",
        "team": "TTP4V3YS1",
        "user_team": "TTP4V3YS1",
        "source_team": "TTP4V3YS1",
        "user_profile": {
            "avatar_hash": "g8d095fb8b4a",
            "image_72": "https:\/\/secure.gravatar.com\/avatar\/8d095fb8b4ad808e7f2252ed0c896b65.jpg?s=72&d=https%3A%2F%2Fa.slack-edge.com%2Fdf10d%2Fimg%2Favatars%2Fava_0025-72.png",
            "first_name": "Jeff",
            "real_name": "Jeff",
            "display_name": "",
            "team": "TTP4V3YS1",
            "name": "jeff",
            "is_restricted": false,
            "is_ultra_restricted": false
        },
        "blocks": [
            {
                "type": "rich_text",
                "block_id": "xuXer",
                "elements": [
                    {
                        "type": "rich_text_section",
                        "elements": [
                            {
                                "type": "text",
                                "text": "Oh nice"
                            }
                        ]
                    }
                ]
            }
        ]
    },
    {
        "client_msg_id": "62ccc7af-5d49-46e6-9f1b-5802f91e2299",
        "type": "message",
        "text": "In the Mar20 folder. File is called Timeout MHP Budget Working",
        "user": "UTP4932RW",
        "ts": "1586891259.010200",
        "team": "TTP4V3YS1",
        "user_team": "TTP4V3YS1",
        "source_team": "TTP4V3YS1",
        "user_profile": {
            "avatar_hash": "74e069427e2a",
            "image_72": "https:\/\/avatars.slack-edge.com\/2020-05-19\/1127425449142_74e069427e2aaa40f188_72.jpg",
            "first_name": "Anthony",
            "real_name": "Anthony R. Illobre",
            "display_name": "ARI",
            "team": "TTP4V3YS1",
            "name": "anthony",
            "is_restricted": false,
            "is_ultra_restricted": false
        },
        "blocks": [
            {
                "type": "rich_text",
                "block_id": "rmk8",
                "elements": [
                    {
                        "type": "rich_text_section",
                        "elements": [
                            {
                                "type": "text",
                                "text": "In the Mar20 folder. File is called Timeout MHP Budget Working"
                            }
                        ]
                    }
                ]
            }
        ]
    },
    {
        "client_msg_id": "b05b3fc4-5124-464f-9eb0-720c767f02ec",
        "type": "message",
        "text": "Amazing",
        "user": "UTRAESNUW",
        "ts": "1586891264.010500",
        "team": "TTP4V3YS1",
        "user_team": "TTP4V3YS1",
        "source_team": "TTP4V3YS1",
        "user_profile": {
            "avatar_hash": "g8d095fb8b4a",
            "image_72": "https:\/\/secure.gravatar.com\/avatar\/8d095fb8b4ad808e7f2252ed0c896b65.jpg?s=72&d=https%3A%2F%2Fa.slack-edge.com%2Fdf10d%2Fimg%2Favatars%2Fava_0025-72.png",
            "first_name": "Jeff",
            "real_name": "Jeff",
            "display_name": "",
            "team": "TTP4V3YS1",
            "name": "jeff",
            "is_restricted": false,
            "is_ultra_restricted": false
        },
        "blocks": [
            {
                "type": "rich_text",
                "block_id": "yGL",
                "elements": [
                    {
                        "type": "rich_text_section",
                        "elements": [
                            {
                                "type": "text",
                                "text": "Amazing"
                            }
                        ]
                    }
                ]
            }
        ]
    },
    {
        "client_msg_id": "4823da20-8420-40a9-976a-6c50de1b0fed",
        "type": "message",
        "text": "Last request. Can we pull together a comparison of the original budget to the updated budget so they know what the overall change was",
        "user": "UTRAESNUW",
        "ts": "1586891287.011100",
        "team": "TTP4V3YS1",
        "user_team": "TTP4V3YS1",
        "source_team": "TTP4V3YS1",
        "user_profile": {
            "avatar_hash": "g8d095fb8b4a",
            "image_72": "https:\/\/secure.gravatar.com\/avatar\/8d095fb8b4ad808e7f2252ed0c896b65.jpg?s=72&d=https%3A%2F%2Fa.slack-edge.com%2Fdf10d%2Fimg%2Favatars%2Fava_0025-72.png",
            "first_name": "Jeff",
            "real_name": "Jeff",
            "display_name": "",
            "team": "TTP4V3YS1",
            "name": "jeff",
            "is_restricted": false,
            "is_ultra_restricted": false
        },
        "blocks": [
            {
                "type": "rich_text",
                "block_id": "6tu",
                "elements": [
                    {
                        "type": "rich_text_section",
                        "elements": [
                            {
                                "type": "text",
                                "text": "Last request. Can we pull together a comparison of the original budget to the updated budget so they know what the overall change was"
                            }
                        ]
                    }
                ]
            }
        ]
    },
    {
        "client_msg_id": "bef1f1fb-06f3-4957-bb4e-041f3e9121e5",
        "type": "message",
        "text": "so they know how things changed for the portfolios\/",
        "user": "UTRAESNUW",
        "ts": "1586891299.011500",
        "team": "TTP4V3YS1",
        "user_team": "TTP4V3YS1",
        "source_team": "TTP4V3YS1",
        "user_profile": {
            "avatar_hash": "g8d095fb8b4a",
            "image_72": "https:\/\/secure.gravatar.com\/avatar\/8d095fb8b4ad808e7f2252ed0c896b65.jpg?s=72&d=https%3A%2F%2Fa.slack-edge.com%2Fdf10d%2Fimg%2Favatars%2Fava_0025-72.png",
            "first_name": "Jeff",
            "real_name": "Jeff",
            "display_name": "",
            "team": "TTP4V3YS1",
            "name": "jeff",
            "is_restricted": false,
            "is_ultra_restricted": false
        },
        "blocks": [
            {
                "type": "rich_text",
                "block_id": "27SH",
                "elements": [
                    {
                        "type": "rich_text_section",
                        "elements": [
                            {
                                "type": "text",
                                "text": "so they know how things changed for the portfolios\/"
                            }
                        ]
                    }
                ]
            }
        ]
    },
    {
        "client_msg_id": "d77db321-4609-4385-b66b-e07da8c4b12e",
        "type": "message",
        "text": "before sending to the lender",
        "user": "UTRAESNUW",
        "ts": "1586891305.011700",
        "team": "TTP4V3YS1",
        "user_team": "TTP4V3YS1",
        "source_team": "TTP4V3YS1",
        "user_profile": {
            "avatar_hash": "g8d095fb8b4a",
            "image_72": "https:\/\/secure.gravatar.com\/avatar\/8d095fb8b4ad808e7f2252ed0c896b65.jpg?s=72&d=https%3A%2F%2Fa.slack-edge.com%2Fdf10d%2Fimg%2Favatars%2Fava_0025-72.png",
            "first_name": "Jeff",
            "real_name": "Jeff",
            "display_name": "",
            "team": "TTP4V3YS1",
            "name": "jeff",
            "is_restricted": false,
            "is_ultra_restricted": false
        },
        "blocks": [
            {
                "type": "rich_text",
                "block_id": "1u9",
                "elements": [
                    {
                        "type": "rich_text_section",
                        "elements": [
                            {
                                "type": "text",
                                "text": "before sending to the lender"
                            }
                        ]
                    }
                ]
            }
        ]
    },
    {
        "client_msg_id": "53195873-1c46-4220-9258-362a320159e8",
        "type": "message",
        "text": "I need some time fot that. I created the new scenario for occupancy, which fuels the budget model, but now I have to extract the data from the budget model to add the financials to the new scenario. I haven't built that part yet. It'll probably take me an hour to build that mechanism, but then it'll never have to be done again.",
        "user": "UTP4932RW",
        "ts": "1586891699.014100",
        "team": "TTP4V3YS1",
        "user_team": "TTP4V3YS1",
        "source_team": "TTP4V3YS1",
        "user_profile": {
            "avatar_hash": "74e069427e2a",
            "image_72": "https:\/\/avatars.slack-edge.com\/2020-05-19\/1127425449142_74e069427e2aaa40f188_72.jpg",
            "first_name": "Anthony",
            "real_name": "Anthony R. Illobre",
            "display_name": "ARI",
            "team": "TTP4V3YS1",
            "name": "anthony",
            "is_restricted": false,
            "is_ultra_restricted": false
        },
        "blocks": [
            {
                "type": "rich_text",
                "block_id": "g7k3Q",
                "elements": [
                    {
                        "type": "rich_text_section",
                        "elements": [
                            {
                                "type": "text",
                                "text": "I need some time fot that. I created the new scenario for occupancy, which fuels the budget model, but now I have to extract the data from the budget model to add the financials to the new scenario. I haven't built that part yet. It'll probably take me an hour to build that mechanism, but then it'll never have to be done again."
                            }
                        ]
                    }
                ]
            }
        ]
    },
    {
        "client_msg_id": "912ad194-9822-4d75-999c-f40656960e6c",
        "type": "message",
        "text": "But after I'm done i can just use the BvA template but instead of budget v actuals I can change the values to budget v forecast.",
        "user": "UTP4932RW",
        "ts": "1586891794.015200",
        "team": "TTP4V3YS1",
        "user_team": "TTP4V3YS1",
        "source_team": "TTP4V3YS1",
        "user_profile": {
            "avatar_hash": "74e069427e2a",
            "image_72": "https:\/\/avatars.slack-edge.com\/2020-05-19\/1127425449142_74e069427e2aaa40f188_72.jpg",
            "first_name": "Anthony",
            "real_name": "Anthony R. Illobre",
            "display_name": "ARI",
            "team": "TTP4V3YS1",
            "name": "anthony",
            "is_restricted": false,
            "is_ultra_restricted": false
        },
        "blocks": [
            {
                "type": "rich_text",
                "block_id": "xD1c",
                "elements": [
                    {
                        "type": "rich_text_section",
                        "elements": [
                            {
                                "type": "text",
                                "text": "But after I'm done i can just use the BvA template but instead of budget v actuals I can change the values to budget v forecast."
                            }
                        ]
                    }
                ]
            }
        ]
    },
    {
        "client_msg_id": "f944aeb3-662b-4590-937d-ee4b3a1c63f4",
        "type": "message",
        "text": "Got it, so the financial aspect needs to be added- it only includes the occupancy right now",
        "user": "UTRAESNUW",
        "ts": "1586891830.015500",
        "team": "TTP4V3YS1",
        "user_team": "TTP4V3YS1",
        "source_team": "TTP4V3YS1",
        "user_profile": {
            "avatar_hash": "g8d095fb8b4a",
            "image_72": "https:\/\/secure.gravatar.com\/avatar\/8d095fb8b4ad808e7f2252ed0c896b65.jpg?s=72&d=https%3A%2F%2Fa.slack-edge.com%2Fdf10d%2Fimg%2Favatars%2Fava_0025-72.png",
            "first_name": "Jeff",
            "real_name": "Jeff",
            "display_name": "",
            "team": "TTP4V3YS1",
            "name": "jeff",
            "is_restricted": false,
            "is_ultra_restricted": false
        },
        "blocks": [
            {
                "type": "rich_text",
                "block_id": "Po9+",
                "elements": [
                    {
                        "type": "rich_text_section",
                        "elements": [
                            {
                                "type": "text",
                                "text": "Got it, so the financial aspect needs to be added- it only includes the occupancy right now"
                            }
                        ]
                    }
                ]
            }
        ]
    },
    {
        "client_msg_id": "96f4242e-b254-444e-a3cf-b3b0e3814ec7",
        "type": "message",
        "text": "so you have to add YTD actual data?",
        "user": "UTRAESNUW",
        "ts": "1586891834.015700",
        "team": "TTP4V3YS1",
        "user_team": "TTP4V3YS1",
        "source_team": "TTP4V3YS1",
        "user_profile": {
            "avatar_hash": "g8d095fb8b4a",
            "image_72": "https:\/\/secure.gravatar.com\/avatar\/8d095fb8b4ad808e7f2252ed0c896b65.jpg?s=72&d=https%3A%2F%2Fa.slack-edge.com%2Fdf10d%2Fimg%2Favatars%2Fava_0025-72.png",
            "first_name": "Jeff",
            "real_name": "Jeff",
            "display_name": "",
            "team": "TTP4V3YS1",
            "name": "jeff",
            "is_restricted": false,
            "is_ultra_restricted": false
        },
        "blocks": [
            {
                "type": "rich_text",
                "block_id": "64pv7",
                "elements": [
                    {
                        "type": "rich_text_section",
                        "elements": [
                            {
                                "type": "text",
                                "text": "so you have to add YTD actual data?"
                            }
                        ]
                    }
                ]
            }
        ]
    },
    {
        "client_msg_id": "697b8335-b72b-449c-a5d9-c2d67b2fc8c3",
        "type": "message",
        "text": "just trying to understand",
        "user": "UTRAESNUW",
        "ts": "1586891841.016000",
        "team": "TTP4V3YS1",
        "user_team": "TTP4V3YS1",
        "source_team": "TTP4V3YS1",
        "user_profile": {
            "avatar_hash": "g8d095fb8b4a",
            "image_72": "https:\/\/secure.gravatar.com\/avatar\/8d095fb8b4ad808e7f2252ed0c896b65.jpg?s=72&d=https%3A%2F%2Fa.slack-edge.com%2Fdf10d%2Fimg%2Favatars%2Fava_0025-72.png",
            "first_name": "Jeff",
            "real_name": "Jeff",
            "display_name": "",
            "team": "TTP4V3YS1",
            "name": "jeff",
            "is_restricted": false,
            "is_ultra_restricted": false
        },
        "blocks": [
            {
                "type": "rich_text",
                "block_id": "Vmx",
                "elements": [
                    {
                        "type": "rich_text_section",
                        "elements": [
                            {
                                "type": "text",
                                "text": "just trying to understand"
                            }
                        ]
                    }
                ]
            }
        ]
    },
    {
        "client_msg_id": "e3fe250e-fa87-42b9-9176-4cdcc95b7118",
        "type": "message",
        "text": "no worries either way",
        "user": "UTRAESNUW",
        "ts": "1586891848.016300",
        "team": "TTP4V3YS1",
        "user_team": "TTP4V3YS1",
        "source_team": "TTP4V3YS1",
        "user_profile": {
            "avatar_hash": "g8d095fb8b4a",
            "image_72": "https:\/\/secure.gravatar.com\/avatar\/8d095fb8b4ad808e7f2252ed0c896b65.jpg?s=72&d=https%3A%2F%2Fa.slack-edge.com%2Fdf10d%2Fimg%2Favatars%2Fava_0025-72.png",
            "first_name": "Jeff",
            "real_name": "Jeff",
            "display_name": "",
            "team": "TTP4V3YS1",
            "name": "jeff",
            "is_restricted": false,
            "is_ultra_restricted": false
        },
        "blocks": [
            {
                "type": "rich_text",
                "block_id": "kTPV",
                "elements": [
                    {
                        "type": "rich_text_section",
                        "elements": [
                            {
                                "type": "text",
                                "text": "no worries either way"
                            }
                        ]
                    }
                ]
            }
        ]
    },
    {
        "client_msg_id": "c0112afb-204c-4931-b15d-7f57cfb1d0c0",
        "type": "message",
        "text": "sorry not trying to attack, just want to get a good idea of where it stands",
        "user": "UTRAESNUW",
        "ts": "1586892031.020000",
        "team": "TTP4V3YS1",
        "user_team": "TTP4V3YS1",
        "source_team": "TTP4V3YS1",
        "user_profile": {
            "avatar_hash": "g8d095fb8b4a",
            "image_72": "https:\/\/secure.gravatar.com\/avatar\/8d095fb8b4ad808e7f2252ed0c896b65.jpg?s=72&d=https%3A%2F%2Fa.slack-edge.com%2Fdf10d%2Fimg%2Favatars%2Fava_0025-72.png",
            "first_name": "Jeff",
            "real_name": "Jeff",
            "display_name": "",
            "team": "TTP4V3YS1",
            "name": "jeff",
            "is_restricted": false,
            "is_ultra_restricted": false
        },
        "blocks": [
            {
                "type": "rich_text",
                "block_id": "OIada",
                "elements": [
                    {
                        "type": "rich_text_section",
                        "elements": [
                            {
                                "type": "text",
                                "text": "sorry not trying to attack, just want to get a good idea of where it stands"
                            }
                        ]
                    }
                ]
            }
        ]
    },
    {
        "client_msg_id": "906da2ad-c740-4b48-8890-54dfbf973f45",
        "type": "message",
        "text": "looks like the occupancy is flowing through, but not YTD data, right?",
        "user": "UTRAESNUW",
        "ts": "1586892042.020500",
        "team": "TTP4V3YS1",
        "user_team": "TTP4V3YS1",
        "source_team": "TTP4V3YS1",
        "user_profile": {
            "avatar_hash": "g8d095fb8b4a",
            "image_72": "https:\/\/secure.gravatar.com\/avatar\/8d095fb8b4ad808e7f2252ed0c896b65.jpg?s=72&d=https%3A%2F%2Fa.slack-edge.com%2Fdf10d%2Fimg%2Favatars%2Fava_0025-72.png",
            "first_name": "Jeff",
            "real_name": "Jeff",
            "display_name": "",
            "team": "TTP4V3YS1",
            "name": "jeff",
            "is_restricted": false,
            "is_ultra_restricted": false
        },
        "blocks": [
            {
                "type": "rich_text",
                "block_id": "oK5Jm",
                "elements": [
                    {
                        "type": "rich_text_section",
                        "elements": [
                            {
                                "type": "text",
                                "text": "looks like the occupancy is flowing through, but not YTD data, right?"
                            }
                        ]
                    }
                ]
            }
        ]
    },
    {
        "client_msg_id": "c512cc36-c3fc-457a-a0b4-e894ad8a3f90",
        "type": "message",
        "text": "The YTD actuals are fine in the budget model.\nThis morning the budget model worked like this:\nJan19-Mar20 used scenario #1 (actuals)\nApr20-Dec21 used scenario #2 (the original budget)\n\nCurrently:\nJan19-Mar20 uses scenario #1 (actuals)\nApr20-Dec21 uses scenario #3 occupancy (from the occupancy forecast)\n\nIn order to finalize scenario #3, I need to pull the new projected financials into the database. Then it will be set for comparison v future actuals, or the previous budget scenario",
        "user": "UTP4932RW",
        "ts": "1586892205.023000",
        "team": "TTP4V3YS1",
        "user_team": "TTP4V3YS1",
        "source_team": "TTP4V3YS1",
        "user_profile": {
            "avatar_hash": "74e069427e2a",
            "image_72": "https:\/\/avatars.slack-edge.com\/2020-05-19\/1127425449142_74e069427e2aaa40f188_72.jpg",
            "first_name": "Anthony",
            "real_name": "Anthony R. Illobre",
            "display_name": "ARI",
            "team": "TTP4V3YS1",
            "name": "anthony",
            "is_restricted": false,
            "is_ultra_restricted": false
        },
        "edited": {
            "user": "UTP4932RW",
            "ts": "1586892426.000000"
        },
        "blocks": [
            {
                "type": "rich_text",
                "block_id": "50Jm",
                "elements": [
                    {
                        "type": "rich_text_section",
                        "elements": [
                            {
                                "type": "text",
                                "text": "The YTD actuals are fine in the budget model.\nThis morning the budget model worked like this:\nJan19-Mar20 used scenario #1 (actuals)\nApr20-Dec21 used scenario #2 (the original budget)\n\nCurrently:\nJan19-Mar20 uses scenario #1 (actuals)\nApr20-Dec21 uses scenario #3 occupancy (from the occupancy forecast)\n\nIn order to finalize scenario #3, I need to pull the new projected financials into the database. Then it will be set for comparison v future actuals, or the previous budget scenario"
                            }
                        ]
                    }
                ]
            }
        ]
    },
    {
        "client_msg_id": "6f26d4f5-f0ae-444f-aa16-eed2885fb882",
        "type": "message",
        "text": "OK cool, I think we are saying the same thing haha",
        "user": "UTRAESNUW",
        "ts": "1586892337.023300",
        "team": "TTP4V3YS1",
        "user_team": "TTP4V3YS1",
        "source_team": "TTP4V3YS1",
        "user_profile": {
            "avatar_hash": "g8d095fb8b4a",
            "image_72": "https:\/\/secure.gravatar.com\/avatar\/8d095fb8b4ad808e7f2252ed0c896b65.jpg?s=72&d=https%3A%2F%2Fa.slack-edge.com%2Fdf10d%2Fimg%2Favatars%2Fava_0025-72.png",
            "first_name": "Jeff",
            "real_name": "Jeff",
            "display_name": "",
            "team": "TTP4V3YS1",
            "name": "jeff",
            "is_restricted": false,
            "is_ultra_restricted": false
        },
        "blocks": [
            {
                "type": "rich_text",
                "block_id": "1b5h",
                "elements": [
                    {
                        "type": "rich_text_section",
                        "elements": [
                            {
                                "type": "text",
                                "text": "OK cool, I think we are saying the same thing haha"
                            }
                        ]
                    }
                ]
            }
        ]
    },
    {
        "client_msg_id": "23b5f8e1-132b-4d73-8187-027f2b27e5f4",
        "type": "message",
        "text": "Sounds good. You think we can have that sometime tomorrow?",
        "user": "UTRAESNUW",
        "ts": "1586892351.023700",
        "team": "TTP4V3YS1",
        "user_team": "TTP4V3YS1",
        "source_team": "TTP4V3YS1",
        "user_profile": {
            "avatar_hash": "g8d095fb8b4a",
            "image_72": "https:\/\/secure.gravatar.com\/avatar\/8d095fb8b4ad808e7f2252ed0c896b65.jpg?s=72&d=https%3A%2F%2Fa.slack-edge.com%2Fdf10d%2Fimg%2Favatars%2Fava_0025-72.png",
            "first_name": "Jeff",
            "real_name": "Jeff",
            "display_name": "",
            "team": "TTP4V3YS1",
            "name": "jeff",
            "is_restricted": false,
            "is_ultra_restricted": false
        },
        "blocks": [
            {
                "type": "rich_text",
                "block_id": "AsR",
                "elements": [
                    {
                        "type": "rich_text_section",
                        "elements": [
                            {
                                "type": "text",
                                "text": "Sounds good. You think we can have that sometime tomorrow?"
                            }
                        ]
                    }
                ]
            }
        ]
    },
    {
        "client_msg_id": "dcb86f63-8537-4fb7-b466-4eb35730625a",
        "type": "message",
        "text": "Tomorrow definitely, if it can wait. If not I can get it done by 5 no problem",
        "user": "UTP4932RW",
        "ts": "1586892450.024400",
        "team": "TTP4V3YS1",
        "user_team": "TTP4V3YS1",
        "source_team": "TTP4V3YS1",
        "user_profile": {
            "avatar_hash": "74e069427e2a",
            "image_72": "https:\/\/avatars.slack-edge.com\/2020-05-19\/1127425449142_74e069427e2aaa40f188_72.jpg",
            "first_name": "Anthony",
            "real_name": "Anthony R. Illobre",
            "display_name": "ARI",
            "team": "TTP4V3YS1",
            "name": "anthony",
            "is_restricted": false,
            "is_ultra_restricted": false
        },
        "edited": {
            "user": "UTP4932RW",
            "ts": "1586892468.000000"
        },
        "blocks": [
            {
                "type": "rich_text",
                "block_id": "l+1",
                "elements": [
                    {
                        "type": "rich_text_section",
                        "elements": [
                            {
                                "type": "text",
                                "text": "Tomorrow definitely, if it can wait. If not I can get it done by 5 no problem"
                            }
                        ]
                    }
                ]
            }
        ]
    },
    {
        "client_msg_id": "fa1ffe44-69b9-461a-a03e-99cd71c9fc02",
        "type": "message",
        "text": "Tomorrow is good. Would love to have everything done, but also have that comparison so we can show them the before and after",
        "user": "UTRAESNUW",
        "ts": "1586892743.025700",
        "team": "TTP4V3YS1",
        "user_team": "TTP4V3YS1",
        "source_team": "TTP4V3YS1",
        "user_profile": {
            "avatar_hash": "g8d095fb8b4a",
            "image_72": "https:\/\/secure.gravatar.com\/avatar\/8d095fb8b4ad808e7f2252ed0c896b65.jpg?s=72&d=https%3A%2F%2Fa.slack-edge.com%2Fdf10d%2Fimg%2Favatars%2Fava_0025-72.png",
            "first_name": "Jeff",
            "real_name": "Jeff",
            "display_name": "",
            "team": "TTP4V3YS1",
            "name": "jeff",
            "is_restricted": false,
            "is_ultra_restricted": false
        },
        "blocks": [
            {
                "type": "rich_text",
                "block_id": "wYrb",
                "elements": [
                    {
                        "type": "rich_text_section",
                        "elements": [
                            {
                                "type": "text",
                                "text": "Tomorrow is good. Would love to have everything done, but also have that comparison so we can show them the before and after"
                            }
                        ]
                    }
                ]
            }
        ]
    },
    {
        "client_msg_id": "64b68ffc-9555-40b4-ac6f-46c8eb91cdcb",
        "type": "message",
        "text": "BTW, the word I was looking for regarding how when you create a copy of a  template it will automatically be for the net park was \"elegance\"",
        "user": "UTP4932RW",
        "ts": "1586892770.026300",
        "team": "TTP4V3YS1",
        "user_team": "TTP4V3YS1",
        "source_team": "TTP4V3YS1",
        "user_profile": {
            "avatar_hash": "74e069427e2a",
            "image_72": "https:\/\/avatars.slack-edge.com\/2020-05-19\/1127425449142_74e069427e2aaa40f188_72.jpg",
            "first_name": "Anthony",
            "real_name": "Anthony R. Illobre",
            "display_name": "ARI",
            "team": "TTP4V3YS1",
            "name": "anthony",
            "is_restricted": false,
            "is_ultra_restricted": false
        },
        "blocks": [
            {
                "type": "rich_text",
                "block_id": "Ia=nh",
                "elements": [
                    {
                        "type": "rich_text_section",
                        "elements": [
                            {
                                "type": "text",
                                "text": "BTW, the word I was looking for regarding how when you create a copy of a  template it will automatically be for the net park was \"elegance\""
                            }
                        ]
                    }
                ]
            }
        ]
    },
    {
        "client_msg_id": "a4a700ea-4571-4871-97a4-a2949461ac72",
        "type": "message",
        "text": "oooo fancy!",
        "user": "UTRAESNUW",
        "ts": "1586892786.026600",
        "team": "TTP4V3YS1",
        "user_team": "TTP4V3YS1",
        "source_team": "TTP4V3YS1",
        "user_profile": {
            "avatar_hash": "g8d095fb8b4a",
            "image_72": "https:\/\/secure.gravatar.com\/avatar\/8d095fb8b4ad808e7f2252ed0c896b65.jpg?s=72&d=https%3A%2F%2Fa.slack-edge.com%2Fdf10d%2Fimg%2Favatars%2Fava_0025-72.png",
            "first_name": "Jeff",
            "real_name": "Jeff",
            "display_name": "",
            "team": "TTP4V3YS1",
            "name": "jeff",
            "is_restricted": false,
            "is_ultra_restricted": false
        },
        "blocks": [
            {
                "type": "rich_text",
                "block_id": "OITH",
                "elements": [
                    {
                        "type": "rich_text_section",
                        "elements": [
                            {
                                "type": "text",
                                "text": "oooo fancy!"
                            }
                        ]
                    }
                ]
            }
        ]
    },
    {
        "client_msg_id": "31632bb1-dedf-4a1e-9639-ae894af10b41",
        "type": "message",
        "text": "Thanks for clarifying :slightly_smiling_face:",
        "user": "UTRAESNUW",
        "ts": "1586892796.027200",
        "team": "TTP4V3YS1",
        "user_team": "TTP4V3YS1",
        "source_team": "TTP4V3YS1",
        "user_profile": {
            "avatar_hash": "g8d095fb8b4a",
            "image_72": "https:\/\/secure.gravatar.com\/avatar\/8d095fb8b4ad808e7f2252ed0c896b65.jpg?s=72&d=https%3A%2F%2Fa.slack-edge.com%2Fdf10d%2Fimg%2Favatars%2Fava_0025-72.png",
            "first_name": "Jeff",
            "real_name": "Jeff",
            "display_name": "",
            "team": "TTP4V3YS1",
            "name": "jeff",
            "is_restricted": false,
            "is_ultra_restricted": false
        },
        "blocks": [
            {
                "type": "rich_text",
                "block_id": "y=CL",
                "elements": [
                    {
                        "type": "rich_text_section",
                        "elements": [
                            {
                                "type": "text",
                                "text": "Thanks for clarifying "
                            },
                            {
                                "type": "emoji",
                                "name": "slightly_smiling_face"
                            }
                        ]
                    }
                ]
            }
        ]
    },
    {
        "client_msg_id": "66875525-25c3-4ebc-aadd-c418534f0b25",
        "type": "message",
        "text": "You taught me something new today",
        "user": "UTRAESNUW",
        "ts": "1586892856.028400",
        "team": "TTP4V3YS1",
        "user_team": "TTP4V3YS1",
        "source_team": "TTP4V3YS1",
        "user_profile": {
            "avatar_hash": "g8d095fb8b4a",
            "image_72": "https:\/\/secure.gravatar.com\/avatar\/8d095fb8b4ad808e7f2252ed0c896b65.jpg?s=72&d=https%3A%2F%2Fa.slack-edge.com%2Fdf10d%2Fimg%2Favatars%2Fava_0025-72.png",
            "first_name": "Jeff",
            "real_name": "Jeff",
            "display_name": "",
            "team": "TTP4V3YS1",
            "name": "jeff",
            "is_restricted": false,
            "is_ultra_restricted": false
        },
        "blocks": [
            {
                "type": "rich_text",
                "block_id": "AeXH",
                "elements": [
                    {
                        "type": "rich_text_section",
                        "elements": [
                            {
                                "type": "text",
                                "text": "You taught me something new today"
                            }
                        ]
                    }
                ]
            }
        ]
    },
    {
        "client_msg_id": "e8a2e50b-3b2a-46a6-9bd1-26d20ad3d020",
        "type": "message",
        "text": "No worries, you can have it first thing tomorrow. I just have to write VBA to extract all the park budget, stack them, remove all the non GLA rows, convert the data types, unpivot the data so there 1 row per park + month + account, then duplicate the #s &amp; recalc the duplicate to be the natural value (-revenue etc). That'll take an hour. Then I refresh the model &amp; the data will be ready.",
        "user": "UTP4932RW",
        "ts": "1586893047.031900",
        "team": "TTP4V3YS1",
        "user_team": "TTP4V3YS1",
        "source_team": "TTP4V3YS1",
        "user_profile": {
            "avatar_hash": "74e069427e2a",
            "image_72": "https:\/\/avatars.slack-edge.com\/2020-05-19\/1127425449142_74e069427e2aaa40f188_72.jpg",
            "first_name": "Anthony",
            "real_name": "Anthony R. Illobre",
            "display_name": "ARI",
            "team": "TTP4V3YS1",
            "name": "anthony",
            "is_restricted": false,
            "is_ultra_restricted": false
        },
        "blocks": [
            {
                "type": "rich_text",
                "block_id": "55j",
                "elements": [
                    {
                        "type": "rich_text_section",
                        "elements": [
                            {
                                "type": "text",
                                "text": "No worries, you can have it first thing tomorrow. I just have to write VBA to extract all the park budget, stack them, remove all the non GLA rows, convert the data types, unpivot the data so there 1 row per park + month + account, then duplicate the #s & recalc the duplicate to be the natural value (-revenue etc). That'll take an hour. Then I refresh the model & the data will be ready."
                            }
                        ]
                    }
                ]
            }
        ]
    },
    {
        "client_msg_id": "e23ea4db-fd98-47ee-b6e9-6fda23ef2c00",
        "type": "message",
        "text": "Awesome. Are you rebuilding the model, or just pulling the data in to the existing file?",
        "user": "UTRAESNUW",
        "ts": "1586893096.032600",
        "team": "TTP4V3YS1",
        "user_team": "TTP4V3YS1",
        "source_team": "TTP4V3YS1",
        "user_profile": {
            "avatar_hash": "g8d095fb8b4a",
            "image_72": "https:\/\/secure.gravatar.com\/avatar\/8d095fb8b4ad808e7f2252ed0c896b65.jpg?s=72&d=https%3A%2F%2Fa.slack-edge.com%2Fdf10d%2Fimg%2Favatars%2Fava_0025-72.png",
            "first_name": "Jeff",
            "real_name": "Jeff",
            "display_name": "",
            "team": "TTP4V3YS1",
            "name": "jeff",
            "is_restricted": false,
            "is_ultra_restricted": false
        },
        "blocks": [
            {
                "type": "rich_text",
                "block_id": "mcenL",
                "elements": [
                    {
                        "type": "rich_text_section",
                        "elements": [
                            {
                                "type": "text",
                                "text": "Awesome. Are you rebuilding the model, or just pulling the data in to the existing file?"
                            }
                        ]
                    }
                ]
            }
        ]
    },
    {
        "client_msg_id": "76dddcdc-8cc1-4fe0-928c-e21af7f2cf40",
        "type": "message",
        "text": "Scenario #3 will then flow into the other entity templates &amp; we can then review the assumptions with Brett.",
        "user": "UTP4932RW",
        "ts": "1586893129.033200",
        "team": "TTP4V3YS1",
        "user_team": "TTP4V3YS1",
        "source_team": "TTP4V3YS1",
        "user_profile": {
            "avatar_hash": "74e069427e2a",
            "image_72": "https:\/\/avatars.slack-edge.com\/2020-05-19\/1127425449142_74e069427e2aaa40f188_72.jpg",
            "first_name": "Anthony",
            "real_name": "Anthony R. Illobre",
            "display_name": "ARI",
            "team": "TTP4V3YS1",
            "name": "anthony",
            "is_restricted": false,
            "is_ultra_restricted": false
        },
        "blocks": [
            {
                "type": "rich_text",
                "block_id": "xaDCS",
                "elements": [
                    {
                        "type": "rich_text_section",
                        "elements": [
                            {
                                "type": "text",
                                "text": "Scenario #3 will then flow into the other entity templates & we can then review the assumptions with Brett."
                            }
                        ]
                    }
                ]
            }
        ]
    },
    {
        "client_msg_id": "1652d164-96ad-4aa5-afe0-de4989a06431",
        "type": "message",
        "text": "just pulling in the new data",
        "user": "UTP4932RW",
        "ts": "1586893139.033400",
        "team": "TTP4V3YS1",
        "user_team": "TTP4V3YS1",
        "source_team": "TTP4V3YS1",
        "user_profile": {
            "avatar_hash": "74e069427e2a",
            "image_72": "https:\/\/avatars.slack-edge.com\/2020-05-19\/1127425449142_74e069427e2aaa40f188_72.jpg",
            "first_name": "Anthony",
            "real_name": "Anthony R. Illobre",
            "display_name": "ARI",
            "team": "TTP4V3YS1",
            "name": "anthony",
            "is_restricted": false,
            "is_ultra_restricted": false
        },
        "blocks": [
            {
                "type": "rich_text",
                "block_id": "c4j",
                "elements": [
                    {
                        "type": "rich_text_section",
                        "elements": [
                            {
                                "type": "text",
                                "text": "just pulling in the new data"
                            }
                        ]
                    }
                ]
            }
        ]
    },
    {
        "client_msg_id": "b531efb7-7b5a-43a4-936f-2ae96d777ab5",
        "type": "message",
        "text": "Just park data right?",
        "user": "UTRAESNUW",
        "ts": "1586893156.033800",
        "team": "TTP4V3YS1",
        "user_team": "TTP4V3YS1",
        "source_team": "TTP4V3YS1",
        "user_profile": {
            "avatar_hash": "g8d095fb8b4a",
            "image_72": "https:\/\/secure.gravatar.com\/avatar\/8d095fb8b4ad808e7f2252ed0c896b65.jpg?s=72&d=https%3A%2F%2Fa.slack-edge.com%2Fdf10d%2Fimg%2Favatars%2Fava_0025-72.png",
            "first_name": "Jeff",
            "real_name": "Jeff",
            "display_name": "",
            "team": "TTP4V3YS1",
            "name": "jeff",
            "is_restricted": false,
            "is_ultra_restricted": false
        },
        "blocks": [
            {
                "type": "rich_text",
                "block_id": "H4rsN",
                "elements": [
                    {
                        "type": "rich_text_section",
                        "elements": [
                            {
                                "type": "text",
                                "text": "Just park data right?"
                            }
                        ]
                    }
                ]
            }
        ]
    },
    {
        "client_msg_id": "14ee92b1-3a8f-4b0f-84da-a7fedbc6dd42",
        "type": "message",
        "text": "I only see 1 tab in the file. Where do you have the scenarios?",
        "user": "UTRAESNUW",
        "ts": "1586893191.034800",
        "team": "TTP4V3YS1",
        "user_team": "TTP4V3YS1",
        "source_team": "TTP4V3YS1",
        "user_profile": {
            "avatar_hash": "g8d095fb8b4a",
            "image_72": "https:\/\/secure.gravatar.com\/avatar\/8d095fb8b4ad808e7f2252ed0c896b65.jpg?s=72&d=https%3A%2F%2Fa.slack-edge.com%2Fdf10d%2Fimg%2Favatars%2Fava_0025-72.png",
            "first_name": "Jeff",
            "real_name": "Jeff",
            "display_name": "",
            "team": "TTP4V3YS1",
            "name": "jeff",
            "is_restricted": false,
            "is_ultra_restricted": false
        },
        "blocks": [
            {
                "type": "rich_text",
                "block_id": "1YIH",
                "elements": [
                    {
                        "type": "rich_text_section",
                        "elements": [
                            {
                                "type": "text",
                                "text": "I only see 1 tab in the file. Where do you have the scenarios?"
                            }
                        ]
                    }
                ]
            }
        ]
    },
    {
        "client_msg_id": "f7238fb5-7469-4be9-9bc4-a68ed132488a",
        "type": "message",
        "text": "Reopen?",
        "user": "UTP4932RW",
        "ts": "1586893215.035000",
        "team": "TTP4V3YS1",
        "user_team": "TTP4V3YS1",
        "source_team": "TTP4V3YS1",
        "user_profile": {
            "avatar_hash": "74e069427e2a",
            "image_72": "https:\/\/avatars.slack-edge.com\/2020-05-19\/1127425449142_74e069427e2aaa40f188_72.jpg",
            "first_name": "Anthony",
            "real_name": "Anthony R. Illobre",
            "display_name": "ARI",
            "team": "TTP4V3YS1",
            "name": "anthony",
            "is_restricted": false,
            "is_ultra_restricted": false
        },
        "blocks": [
            {
                "type": "rich_text",
                "block_id": "3RFOl",
                "elements": [
                    {
                        "type": "rich_text_section",
                        "elements": [
                            {
                                "type": "text",
                                "text": "Reopen?"
                            }
                        ]
                    }
                ]
            }
        ]
    },
    {
        "client_msg_id": "cbb24c9b-2dd4-4afb-841d-0475a0c1d34f",
        "type": "message",
        "text": "the budget working file?",
        "user": "UTRAESNUW",
        "ts": "1586893226.035400",
        "team": "TTP4V3YS1",
        "user_team": "TTP4V3YS1",
        "source_team": "TTP4V3YS1",
        "user_profile": {
            "avatar_hash": "g8d095fb8b4a",
            "image_72": "https:\/\/secure.gravatar.com\/avatar\/8d095fb8b4ad808e7f2252ed0c896b65.jpg?s=72&d=https%3A%2F%2Fa.slack-edge.com%2Fdf10d%2Fimg%2Favatars%2Fava_0025-72.png",
            "first_name": "Jeff",
            "real_name": "Jeff",
            "display_name": "",
            "team": "TTP4V3YS1",
            "name": "jeff",
            "is_restricted": false,
            "is_ultra_restricted": false
        },
        "blocks": [
            {
                "type": "rich_text",
                "block_id": "Zv43N",
                "elements": [
                    {
                        "type": "rich_text_section",
                        "elements": [
                            {
                                "type": "text",
                                "text": "the budget working file?"
                            }
                        ]
                    }
                ]
            }
        ]
    },
    {
        "client_msg_id": "36353b8b-098e-4b36-a156-83fa9c9a2ac6",
        "type": "message",
        "text": "Timeout_MHP_BudgetWorking",
        "user": "UTP4932RW",
        "ts": "1586893230.035500",
        "team": "TTP4V3YS1",
        "user_team": "TTP4V3YS1",
        "source_team": "TTP4V3YS1",
        "user_profile": {
            "avatar_hash": "74e069427e2a",
            "image_72": "https:\/\/avatars.slack-edge.com\/2020-05-19\/1127425449142_74e069427e2aaa40f188_72.jpg",
            "first_name": "Anthony",
            "real_name": "Anthony R. Illobre",
            "display_name": "ARI",
            "team": "TTP4V3YS1",
            "name": "anthony",
            "is_restricted": false,
            "is_ultra_restricted": false
        },
        "blocks": [
            {
                "type": "rich_text",
                "block_id": "GES",
                "elements": [
                    {
                        "type": "rich_text_section",
                        "elements": [
                            {
                                "type": "text",
                                "text": "Timeout_MHP_BudgetWorking"
                            }
                        ]
                    }
                ]
            }
        ]
    },
    {
        "client_msg_id": "6b17a91b-3c0b-4dfd-9542-51f96b084ebf",
        "type": "message",
        "text": "Oh, lots of hidden tabs",
        "user": "UTRAESNUW",
        "ts": "1586893249.036100",
        "team": "TTP4V3YS1",
        "user_team": "TTP4V3YS1",
        "source_team": "TTP4V3YS1",
        "user_profile": {
            "avatar_hash": "g8d095fb8b4a",
            "image_72": "https:\/\/secure.gravatar.com\/avatar\/8d095fb8b4ad808e7f2252ed0c896b65.jpg?s=72&d=https%3A%2F%2Fa.slack-edge.com%2Fdf10d%2Fimg%2Favatars%2Fava_0025-72.png",
            "first_name": "Jeff",
            "real_name": "Jeff",
            "display_name": "",
            "team": "TTP4V3YS1",
            "name": "jeff",
            "is_restricted": false,
            "is_ultra_restricted": false
        },
        "blocks": [
            {
                "type": "rich_text",
                "block_id": "z+IsS",
                "elements": [
                    {
                        "type": "rich_text_section",
                        "elements": [
                            {
                                "type": "text",
                                "text": "Oh, lots of hidden tabs"
                            }
                        ]
                    }
                ]
            }
        ]
    },
    {
        "client_msg_id": "371124da-c8d3-4e68-a505-742a1205348a",
        "type": "message",
        "text": "Theres a tab for each park w\/ the scenario blend I descripbed",
        "user": "UTP4932RW",
        "ts": "1586893265.036500",
        "team": "TTP4V3YS1",
        "user_team": "TTP4V3YS1",
        "source_team": "TTP4V3YS1",
        "user_profile": {
            "avatar_hash": "74e069427e2a",
            "image_72": "https:\/\/avatars.slack-edge.com\/2020-05-19\/1127425449142_74e069427e2aaa40f188_72.jpg",
            "first_name": "Anthony",
            "real_name": "Anthony R. Illobre",
            "display_name": "ARI",
            "team": "TTP4V3YS1",
            "name": "anthony",
            "is_restricted": false,
            "is_ultra_restricted": false
        },
        "blocks": [
            {
                "type": "rich_text",
                "block_id": "f3IrJ",
                "elements": [
                    {
                        "type": "rich_text_section",
                        "elements": [
                            {
                                "type": "text",
                                "text": "Theres a tab for each park w\/ the scenario blend I descripbed"
                            }
                        ]
                    }
                ]
            }
        ]
    },
    {
        "client_msg_id": "5cb04a98-dde2-41ba-a2ce-0d9c17751aa6",
        "type": "message",
        "text": "No they're not hideen. Were have a dropbox issue",
        "user": "UTP4932RW",
        "ts": "1586893287.037100",
        "team": "TTP4V3YS1",
        "user_team": "TTP4V3YS1",
        "source_team": "TTP4V3YS1",
        "user_profile": {
            "avatar_hash": "74e069427e2a",
            "image_72": "https:\/\/avatars.slack-edge.com\/2020-05-19\/1127425449142_74e069427e2aaa40f188_72.jpg",
            "first_name": "Anthony",
            "real_name": "Anthony R. Illobre",
            "display_name": "ARI",
            "team": "TTP4V3YS1",
            "name": "anthony",
            "is_restricted": false,
            "is_ultra_restricted": false
        },
        "blocks": [
            {
                "type": "rich_text",
                "block_id": "=Vp1",
                "elements": [
                    {
                        "type": "rich_text_section",
                        "elements": [
                            {
                                "type": "text",
                                "text": "No they're not hideen. Were have a dropbox issue"
                            }
                        ]
                    }
                ]
            }
        ]
    },
    {
        "client_msg_id": "5d924f57-247a-44a4-bde0-576ec12196e6",
        "type": "message",
        "text": "Right, where are the scenarios",
        "user": "UTRAESNUW",
        "ts": "1586893288.037200",
        "team": "TTP4V3YS1",
        "user_team": "TTP4V3YS1",
        "source_team": "TTP4V3YS1",
        "user_profile": {
            "avatar_hash": "g8d095fb8b4a",
            "image_72": "https:\/\/secure.gravatar.com\/avatar\/8d095fb8b4ad808e7f2252ed0c896b65.jpg?s=72&d=https%3A%2F%2Fa.slack-edge.com%2Fdf10d%2Fimg%2Favatars%2Fava_0025-72.png",
            "first_name": "Jeff",
            "real_name": "Jeff",
            "display_name": "",
            "team": "TTP4V3YS1",
            "name": "jeff",
            "is_restricted": false,
            "is_ultra_restricted": false
        },
        "blocks": [
            {
                "type": "rich_text",
                "block_id": "zszG",
                "elements": [
                    {
                        "type": "rich_text_section",
                        "elements": [
                            {
                                "type": "text",
                                "text": "Right, where are the scenarios"
                            }
                        ]
                    }
                ]
            }
        ]
    },
    {
        "client_msg_id": "b3bd34fe-fecd-4758-8364-35330955593d",
        "type": "message",
        "text": "Ah ok",
        "user": "UTRAESNUW",
        "ts": "1586893292.037400",
        "team": "TTP4V3YS1",
        "user_team": "TTP4V3YS1",
        "source_team": "TTP4V3YS1",
        "user_profile": {
            "avatar_hash": "g8d095fb8b4a",
            "image_72": "https:\/\/secure.gravatar.com\/avatar\/8d095fb8b4ad808e7f2252ed0c896b65.jpg?s=72&d=https%3A%2F%2Fa.slack-edge.com%2Fdf10d%2Fimg%2Favatars%2Fava_0025-72.png",
            "first_name": "Jeff",
            "real_name": "Jeff",
            "display_name": "",
            "team": "TTP4V3YS1",
            "name": "jeff",
            "is_restricted": false,
            "is_ultra_restricted": false
        },
        "blocks": [
            {
                "type": "rich_text",
                "block_id": "IyL",
                "elements": [
                    {
                        "type": "rich_text_section",
                        "elements": [
                            {
                                "type": "text",
                                "text": "Ah ok"
                            }
                        ]
                    }
                ]
            }
        ]
    },
    {
        "client_msg_id": "1402c1f4-815b-4bec-a810-401a7262932e",
        "type": "message",
        "text": "Just trying to understand what you mean by \"scenario\" and where I can see it in the file",
        "user": "UTRAESNUW",
        "ts": "1586893323.038000",
        "team": "TTP4V3YS1",
        "user_team": "TTP4V3YS1",
        "source_team": "TTP4V3YS1",
        "user_profile": {
            "avatar_hash": "g8d095fb8b4a",
            "image_72": "https:\/\/secure.gravatar.com\/avatar\/8d095fb8b4ad808e7f2252ed0c896b65.jpg?s=72&d=https%3A%2F%2Fa.slack-edge.com%2Fdf10d%2Fimg%2Favatars%2Fava_0025-72.png",
            "first_name": "Jeff",
            "real_name": "Jeff",
            "display_name": "",
            "team": "TTP4V3YS1",
            "name": "jeff",
            "is_restricted": false,
            "is_ultra_restricted": false
        },
        "blocks": [
            {
                "type": "rich_text",
                "block_id": "2uVW",
                "elements": [
                    {
                        "type": "rich_text_section",
                        "elements": [
                            {
                                "type": "text",
                                "text": "Just trying to understand what you mean by \"scenario\" and where I can see it in the file"
                            }
                        ]
                    }
                ]
            }
        ]
    },
    {
        "client_msg_id": "ad6efd66-d234-4e8b-8293-9aade1035036",
        "type": "message",
        "text": "DrobBox shows the most recent copy on my end",
        "user": "UTP4932RW",
        "ts": "1586893436.038600",
        "team": "TTP4V3YS1",
        "user_team": "TTP4V3YS1",
        "source_team": "TTP4V3YS1",
        "user_profile": {
            "avatar_hash": "74e069427e2a",
            "image_72": "https:\/\/avatars.slack-edge.com\/2020-05-19\/1127425449142_74e069427e2aaa40f188_72.jpg",
            "first_name": "Anthony",
            "real_name": "Anthony R. Illobre",
            "display_name": "ARI",
            "team": "TTP4V3YS1",
            "name": "anthony",
            "is_restricted": false,
            "is_ultra_restricted": false
        },
        "blocks": [
            {
                "type": "rich_text",
                "block_id": "wuLk",
                "elements": [
                    {
                        "type": "rich_text_section",
                        "elements": [
                            {
                                "type": "text",
                                "text": "DrobBox shows the most recent copy on my end"
                            }
                        ]
                    }
                ]
            }
        ]
    },
    {
        "client_msg_id": "f0e0ef39-7ab6-41b9-b60b-59864a69fbf6",
        "type": "message",
        "text": "OK I see it now. So what do you mean by \"scenario\"",
        "user": "UTRAESNUW",
        "ts": "1586893473.039000",
        "team": "TTP4V3YS1",
        "user_team": "TTP4V3YS1",
        "source_team": "TTP4V3YS1",
        "user_profile": {
            "avatar_hash": "g8d095fb8b4a",
            "image_72": "https:\/\/secure.gravatar.com\/avatar\/8d095fb8b4ad808e7f2252ed0c896b65.jpg?s=72&d=https%3A%2F%2Fa.slack-edge.com%2Fdf10d%2Fimg%2Favatars%2Fava_0025-72.png",
            "first_name": "Jeff",
            "real_name": "Jeff",
            "display_name": "",
            "team": "TTP4V3YS1",
            "name": "jeff",
            "is_restricted": false,
            "is_ultra_restricted": false
        },
        "edited": {
            "user": "UTRAESNUW",
            "ts": "1586893488.000000"
        },
        "blocks": [
            {
                "type": "rich_text",
                "block_id": "uOZP",
                "elements": [
                    {
                        "type": "rich_text_section",
                        "elements": [
                            {
                                "type": "text",
                                "text": "OK I see it now. So what do you mean by \"scenario\""
                            }
                        ]
                    }
                ]
            }
        ]
    },
    {
        "type": "message",
        "text": "",
        "files": [
            {
                "id": "F011SV4LHEZ",
                "created": 1586893524,
                "timestamp": 1586893524,
                "name": "image.png",
                "title": "image.png",
                "mimetype": "image\/png",
                "filetype": "png",
                "pretty_type": "PNG",
                "user": "UTP4932RW",
                "editable": false,
                "size": 166299,
                "mode": "hosted",
                "is_external": false,
                "external_type": "",
                "is_public": true,
                "public_url_shared": false,
                "display_as_bot": false,
                "username": "",
                "url_private": "https:\/\/files.slack.com\/files-pri\/TTP4V3YS1-F011SV4LHEZ\/image.png?t=xoxe-941165134885-1162655895171-1161068338021-407a1cef78b9833e75f3a32df341ed60",
                "url_private_download": "https:\/\/files.slack.com\/files-pri\/TTP4V3YS1-F011SV4LHEZ\/download\/image.png?t=xoxe-941165134885-1162655895171-1161068338021-407a1cef78b9833e75f3a32df341ed60",
                "thumb_64": "https:\/\/files.slack.com\/files-tmb\/TTP4V3YS1-F011SV4LHEZ-fb78924751\/image_64.png?t=xoxe-941165134885-1162655895171-1161068338021-407a1cef78b9833e75f3a32df341ed60",
                "thumb_80": "https:\/\/files.slack.com\/files-tmb\/TTP4V3YS1-F011SV4LHEZ-fb78924751\/image_80.png?t=xoxe-941165134885-1162655895171-1161068338021-407a1cef78b9833e75f3a32df341ed60",
                "thumb_360": "https:\/\/files.slack.com\/files-tmb\/TTP4V3YS1-F011SV4LHEZ-fb78924751\/image_360.png?t=xoxe-941165134885-1162655895171-1161068338021-407a1cef78b9833e75f3a32df341ed60",
                "thumb_360_w": 360,
                "thumb_360_h": 93,
                "thumb_480": "https:\/\/files.slack.com\/files-tmb\/TTP4V3YS1-F011SV4LHEZ-fb78924751\/image_480.png?t=xoxe-941165134885-1162655895171-1161068338021-407a1cef78b9833e75f3a32df341ed60",
                "thumb_480_w": 480,
                "thumb_480_h": 123,
                "thumb_160": "https:\/\/files.slack.com\/files-tmb\/TTP4V3YS1-F011SV4LHEZ-fb78924751\/image_160.png?t=xoxe-941165134885-1162655895171-1161068338021-407a1cef78b9833e75f3a32df341ed60",
                "thumb_720": "https:\/\/files.slack.com\/files-tmb\/TTP4V3YS1-F011SV4LHEZ-fb78924751\/image_720.png?t=xoxe-941165134885-1162655895171-1161068338021-407a1cef78b9833e75f3a32df341ed60",
                "thumb_720_w": 720,
                "thumb_720_h": 185,
                "thumb_800": "https:\/\/files.slack.com\/files-tmb\/TTP4V3YS1-F011SV4LHEZ-fb78924751\/image_800.png?t=xoxe-941165134885-1162655895171-1161068338021-407a1cef78b9833e75f3a32df341ed60",
                "thumb_800_w": 800,
                "thumb_800_h": 206,
                "thumb_960": "https:\/\/files.slack.com\/files-tmb\/TTP4V3YS1-F011SV4LHEZ-fb78924751\/image_960.png?t=xoxe-941165134885-1162655895171-1161068338021-407a1cef78b9833e75f3a32df341ed60",
                "thumb_960_w": 960,
                "thumb_960_h": 247,
                "thumb_1024": "https:\/\/files.slack.com\/files-tmb\/TTP4V3YS1-F011SV4LHEZ-fb78924751\/image_1024.png?t=xoxe-941165134885-1162655895171-1161068338021-407a1cef78b9833e75f3a32df341ed60",
                "thumb_1024_w": 1024,
                "thumb_1024_h": 263,
                "original_w": 3494,
                "original_h": 898,
                "thumb_tiny": "AwAMADDRAHBoYgDNJ\/d+lK3SgBu9f8ijcv8AkUUUrABdR1\/lS7lz\/wDWpKQ9PyoA\/9k=",
                "permalink": "https:\/\/qwinzy.slack.com\/files\/UTP4932RW\/F011SV4LHEZ\/image.png",
                "permalink_public": "https:\/\/slack-files.com\/TTP4V3YS1-F011SV4LHEZ-4316756c4e",
                "is_starred": false,
                "has_rich_preview": false
            }
        ],
        "upload": true,
        "user": "UTP4932RW",
        "display_as_bot": false,
        "ts": "1586893526.039200",
        "client_msg_id": "47bbe395-fbdc-4f9f-b82f-983ab05bd787"
    },
    {
        "client_msg_id": "4095227a-773c-4593-95b2-9dc571710e4e",
        "type": "message",
        "text": "OOOOOHHHH, sorry. Of course.",
        "user": "UTRAESNUW",
        "ts": "1586893543.039700",
        "team": "TTP4V3YS1",
        "user_team": "TTP4V3YS1",
        "source_team": "TTP4V3YS1",
        "user_profile": {
            "avatar_hash": "g8d095fb8b4a",
            "image_72": "https:\/\/secure.gravatar.com\/avatar\/8d095fb8b4ad808e7f2252ed0c896b65.jpg?s=72&d=https%3A%2F%2Fa.slack-edge.com%2Fdf10d%2Fimg%2Favatars%2Fava_0025-72.png",
            "first_name": "Jeff",
            "real_name": "Jeff",
            "display_name": "",
            "team": "TTP4V3YS1",
            "name": "jeff",
            "is_restricted": false,
            "is_ultra_restricted": false
        },
        "blocks": [
            {
                "type": "rich_text",
                "block_id": "RFc",
                "elements": [
                    {
                        "type": "rich_text_section",
                        "elements": [
                            {
                                "type": "text",
                                "text": "OOOOOHHHH, sorry. Of course."
                            }
                        ]
                    }
                ]
            }
        ]
    },
    {
        "client_msg_id": "af410839-ad50-440f-b705-d6d3d67986f1",
        "type": "message",
        "text": "And #3?",
        "user": "UTRAESNUW",
        "ts": "1586893564.039900",
        "team": "TTP4V3YS1",
        "user_team": "TTP4V3YS1",
        "source_team": "TTP4V3YS1",
        "user_profile": {
            "avatar_hash": "g8d095fb8b4a",
            "image_72": "https:\/\/secure.gravatar.com\/avatar\/8d095fb8b4ad808e7f2252ed0c896b65.jpg?s=72&d=https%3A%2F%2Fa.slack-edge.com%2Fdf10d%2Fimg%2Favatars%2Fava_0025-72.png",
            "first_name": "Jeff",
            "real_name": "Jeff",
            "display_name": "",
            "team": "TTP4V3YS1",
            "name": "jeff",
            "is_restricted": false,
            "is_ultra_restricted": false
        },
        "blocks": [
            {
                "type": "rich_text",
                "block_id": "DcS",
                "elements": [
                    {
                        "type": "rich_text_section",
                        "elements": [
                            {
                                "type": "text",
                                "text": "And #3?"
                            }
                        ]
                    }
                ]
            }
        ]
    },
    {
        "type": "message",
        "text": "",
        "files": [
            {
                "id": "F011UBBA7NE",
                "created": 1586893908,
                "timestamp": 1586893908,
                "name": "image.png",
                "title": "image.png",
                "mimetype": "image\/png",
                "filetype": "png",
                "pretty_type": "PNG",
                "user": "UTP4932RW",
                "editable": false,
                "size": 223953,
                "mode": "hosted",
                "is_external": false,
                "external_type": "",
                "is_public": true,
                "public_url_shared": false,
                "display_as_bot": false,
                "username": "",
                "url_private": "https:\/\/files.slack.com\/files-pri\/TTP4V3YS1-F011UBBA7NE\/image.png?t=xoxe-941165134885-1162655895171-1161068338021-407a1cef78b9833e75f3a32df341ed60",
                "url_private_download": "https:\/\/files.slack.com\/files-pri\/TTP4V3YS1-F011UBBA7NE\/download\/image.png?t=xoxe-941165134885-1162655895171-1161068338021-407a1cef78b9833e75f3a32df341ed60",
                "thumb_64": "https:\/\/files.slack.com\/files-tmb\/TTP4V3YS1-F011UBBA7NE-cb2a2e0696\/image_64.png?t=xoxe-941165134885-1162655895171-1161068338021-407a1cef78b9833e75f3a32df341ed60",
                "thumb_80": "https:\/\/files.slack.com\/files-tmb\/TTP4V3YS1-F011UBBA7NE-cb2a2e0696\/image_80.png?t=xoxe-941165134885-1162655895171-1161068338021-407a1cef78b9833e75f3a32df341ed60",
                "thumb_360": "https:\/\/files.slack.com\/files-tmb\/TTP4V3YS1-F011UBBA7NE-cb2a2e0696\/image_360.png?t=xoxe-941165134885-1162655895171-1161068338021-407a1cef78b9833e75f3a32df341ed60",
                "thumb_360_w": 360,
                "thumb_360_h": 104,
                "thumb_480": "https:\/\/files.slack.com\/files-tmb\/TTP4V3YS1-F011UBBA7NE-cb2a2e0696\/image_480.png?t=xoxe-941165134885-1162655895171-1161068338021-407a1cef78b9833e75f3a32df341ed60",
                "thumb_480_w": 480,
                "thumb_480_h": 139,
                "thumb_160": "https:\/\/files.slack.com\/files-tmb\/TTP4V3YS1-F011UBBA7NE-cb2a2e0696\/image_160.png?t=xoxe-941165134885-1162655895171-1161068338021-407a1cef78b9833e75f3a32df341ed60",
                "thumb_720": "https:\/\/files.slack.com\/files-tmb\/TTP4V3YS1-F011UBBA7NE-cb2a2e0696\/image_720.png?t=xoxe-941165134885-1162655895171-1161068338021-407a1cef78b9833e75f3a32df341ed60",
                "thumb_720_w": 720,
                "thumb_720_h": 208,
                "thumb_800": "https:\/\/files.slack.com\/files-tmb\/TTP4V3YS1-F011UBBA7NE-cb2a2e0696\/image_800.png?t=xoxe-941165134885-1162655895171-1161068338021-407a1cef78b9833e75f3a32df341ed60",
                "thumb_800_w": 800,
                "thumb_800_h": 231,
                "thumb_960": "https:\/\/files.slack.com\/files-tmb\/TTP4V3YS1-F011UBBA7NE-cb2a2e0696\/image_960.png?t=xoxe-941165134885-1162655895171-1161068338021-407a1cef78b9833e75f3a32df341ed60",
                "thumb_960_w": 960,
                "thumb_960_h": 278,
                "thumb_1024": "https:\/\/files.slack.com\/files-tmb\/TTP4V3YS1-F011UBBA7NE-cb2a2e0696\/image_1024.png?t=xoxe-941165134885-1162655895171-1161068338021-407a1cef78b9833e75f3a32df341ed60",
                "thumb_1024_w": 1024,
                "thumb_1024_h": 296,
                "original_w": 3681,
                "original_h": 1065,
                "thumb_tiny": "AwANADC\/twueKUDPTFKF4HJpce5oAbk+3XFB3eo\/KnYpCvuaAEyfajn1H5Uu33NG33NAH\/\/Z",
                "permalink": "https:\/\/qwinzy.slack.com\/files\/UTP4932RW\/F011UBBA7NE\/image.png",
                "permalink_public": "https:\/\/slack-files.com\/TTP4V3YS1-F011UBBA7NE-cc4134f176",
                "is_starred": false,
                "has_rich_preview": false
            }
        ],
        "upload": true,
        "user": "UTP4932RW",
        "display_as_bot": false,
        "ts": "1586893911.040000",
        "client_msg_id": "e1baf3c3-0775-450b-b5a4-363e6d4ba0d5"
    },
    {
        "client_msg_id": "cc1697dc-47d4-4b83-a38a-bde0a53016c3",
        "type": "message",
        "text": "Raw value is the natural value for the financials",
        "user": "UTP4932RW",
        "ts": "1586893943.041000",
        "team": "TTP4V3YS1",
        "user_team": "TTP4V3YS1",
        "source_team": "TTP4V3YS1",
        "user_profile": {
            "avatar_hash": "74e069427e2a",
            "image_72": "https:\/\/avatars.slack-edge.com\/2020-05-19\/1127425449142_74e069427e2aaa40f188_72.jpg",
            "first_name": "Anthony",
            "real_name": "Anthony R. Illobre",
            "display_name": "ARI",
            "team": "TTP4V3YS1",
            "name": "anthony",
            "is_restricted": false,
            "is_ultra_restricted": false
        },
        "blocks": [
            {
                "type": "rich_text",
                "block_id": "VhFx4",
                "elements": [
                    {
                        "type": "rich_text_section",
                        "elements": [
                            {
                                "type": "text",
                                "text": "Raw value is the natural value for the financials"
                            }
                        ]
                    }
                ]
            }
        ]
    },
    {
        "client_msg_id": "f47067f7-5900-4438-bb6a-55da64d3593b",
        "type": "message",
        "text": "<@UTP4932RW> Let me know when you have a few minutes",
        "user": "UTRAESNUW",
        "ts": "1586897602.042000",
        "team": "TTP4V3YS1",
        "user_team": "TTP4V3YS1",
        "source_team": "TTP4V3YS1",
        "user_profile": {
            "avatar_hash": "g8d095fb8b4a",
            "image_72": "https:\/\/secure.gravatar.com\/avatar\/8d095fb8b4ad808e7f2252ed0c896b65.jpg?s=72&d=https%3A%2F%2Fa.slack-edge.com%2Fdf10d%2Fimg%2Favatars%2Fava_0025-72.png",
            "first_name": "Jeff",
            "real_name": "Jeff",
            "display_name": "",
            "team": "TTP4V3YS1",
            "name": "jeff",
            "is_restricted": false,
            "is_ultra_restricted": false
        },
        "blocks": [
            {
                "type": "rich_text",
                "block_id": "CtW",
                "elements": [
                    {
                        "type": "rich_text_section",
                        "elements": [
                            {
                                "type": "user",
                                "user_id": "UTP4932RW"
                            },
                            {
                                "type": "text",
                                "text": " Let me know when you have a few minutes"
                            }
                        ]
                    }
                ]
            }
        ]
    },
    {
        "client_msg_id": "c875b63b-1127-402c-9b65-89b486669ec0",
        "type": "message",
        "text": "im free",
        "user": "UTP4932RW",
        "ts": "1586897665.042200",
        "team": "TTP4V3YS1",
        "user_team": "TTP4V3YS1",
        "source_team": "TTP4V3YS1",
        "user_profile": {
            "avatar_hash": "74e069427e2a",
            "image_72": "https:\/\/avatars.slack-edge.com\/2020-05-19\/1127425449142_74e069427e2aaa40f188_72.jpg",
            "first_name": "Anthony",
            "real_name": "Anthony R. Illobre",
            "display_name": "ARI",
            "team": "TTP4V3YS1",
            "name": "anthony",
            "is_restricted": false,
            "is_ultra_restricted": false
        },
        "blocks": [
            {
                "type": "rich_text",
                "block_id": "NAhe",
                "elements": [
                    {
                        "type": "rich_text_section",
                        "elements": [
                            {
                                "type": "text",
                                "text": "im free"
                            }
                        ]
                    }
                ]
            }
        ]
    },
    {
        "client_msg_id": "85baa4a3-18c1-4c28-b2cf-dd9d2a19351c",
        "type": "message",
        "text": "<@UTP4932RW> For the forecast files we should review the 2021 occupancy projections for the parks that are not stabilized as of 12\/31\/2020 and continue whatever growth rates we set in order to get them to normalized status in 2021. Forgot to mention that earlier. Thanks!",
        "user": "UTRAESNUW",
        "ts": "1586904693.001700",
        "team": "TTP4V3YS1",
        "user_team": "TTP4V3YS1",
        "source_team": "TTP4V3YS1",
        "user_profile": {
            "avatar_hash": "g8d095fb8b4a",
            "image_72": "https:\/\/secure.gravatar.com\/avatar\/8d095fb8b4ad808e7f2252ed0c896b65.jpg?s=72&d=https%3A%2F%2Fa.slack-edge.com%2Fdf10d%2Fimg%2Favatars%2Fava_0025-72.png",
            "first_name": "Jeff",
            "real_name": "Jeff",
            "display_name": "",
            "team": "TTP4V3YS1",
            "name": "jeff",
            "is_restricted": false,
            "is_ultra_restricted": false
        },
        "blocks": [
            {
                "type": "rich_text",
                "block_id": "yzR",
                "elements": [
                    {
                        "type": "rich_text_section",
                        "elements": [
                            {
                                "type": "user",
                                "user_id": "UTP4932RW"
                            },
                            {
                                "type": "text",
                                "text": " For the forecast files we should review the 2021 occupancy projections for the parks that are not stabilized as of 12\/31\/2020 and continue whatever growth rates we set in order to get them to normalized status in 2021. Forgot to mention that earlier. Thanks!"
                            }
                        ]
                    }
                ]
            }
        ]
    }
]