[
    {
        "type": "message",
        "subtype": "channel_join",
        "ts": "1582310806.000200",
        "user": "UTP4932RW",
        "text": "<@UTP4932RW> has joined the channel"
    },
    {
        "type": "message",
        "subtype": "channel_join",
        "ts": "1582310812.000400",
        "user": "UTRAESNUW",
        "text": "<@UTRAESNUW> has joined the channel",
        "inviter": "UTP4932RW"
    },
    {
        "client_msg_id": "b1efbb5a-e68b-4b0e-9040-c0ac3480ad41",
        "type": "message",
        "text": "I have v2 of the budget done other than adding in the changes for Victoria Estates because I don't see a 2020 budget file with that name in the folder. <@UTRAESNUW>",
        "user": "UTP4932RW",
        "ts": "1582310962.002500",
        "team": "TTP4V3YS1",
        "user_team": "TTP4V3YS1",
        "source_team": "TTP4V3YS1",
        "user_profile": {
            "avatar_hash": "74e069427e2a",
            "image_72": "https:\/\/avatars.slack-edge.com\/2020-05-19\/1127425449142_74e069427e2aaa40f188_72.jpg",
            "first_name": "Anthony",
            "real_name": "Anthony R. Illobre",
            "display_name": "ARI",
            "team": "TTP4V3YS1",
            "name": "anthony",
            "is_restricted": false,
            "is_ultra_restricted": false
        },
        "edited": {
            "user": "UTP4932RW",
            "ts": "1582311000.000000"
        },
        "blocks": [
            {
                "type": "rich_text",
                "block_id": "Caku",
                "elements": [
                    {
                        "type": "rich_text_section",
                        "elements": [
                            {
                                "type": "text",
                                "text": "I have v2 of the budget done other than adding in the changes for Victoria Estates because I don't see a 2020 budget file with that name in the folder. "
                            },
                            {
                                "type": "user",
                                "user_id": "UTRAESNUW"
                            }
                        ]
                    }
                ]
            }
        ]
    },
    {
        "client_msg_id": "e22dbd04-67c0-4e3d-aa61-6e3a95efff71",
        "type": "message",
        "text": "<@UTP4932RW> Just added. Sorry!",
        "user": "UTRAESNUW",
        "ts": "1582311320.003000",
        "team": "TTP4V3YS1",
        "user_team": "TTP4V3YS1",
        "source_team": "TTP4V3YS1",
        "user_profile": {
            "avatar_hash": "g8d095fb8b4a",
            "image_72": "https:\/\/secure.gravatar.com\/avatar\/8d095fb8b4ad808e7f2252ed0c896b65.jpg?s=72&d=https%3A%2F%2Fa.slack-edge.com%2Fdf10d%2Fimg%2Favatars%2Fava_0025-72.png",
            "first_name": "Jeff",
            "real_name": "Jeff",
            "display_name": "",
            "team": "TTP4V3YS1",
            "name": "jeff",
            "is_restricted": false,
            "is_ultra_restricted": false
        },
        "edited": {
            "user": "UTRAESNUW",
            "ts": "1582311491.000000"
        },
        "blocks": [
            {
                "type": "rich_text",
                "block_id": "m2S\/n",
                "elements": [
                    {
                        "type": "rich_text_section",
                        "elements": [
                            {
                                "type": "user",
                                "user_id": "UTP4932RW"
                            },
                            {
                                "type": "text",
                                "text": " Just added. Sorry!"
                            }
                        ]
                    }
                ]
            }
        ]
    },
    {
        "client_msg_id": "3e38916f-6b85-47b3-ba6d-1f84d782e4dc",
        "type": "message",
        "text": "Oh VE doesn't have those expense lines in it anyway. Thanks. All set!",
        "user": "UTP4932RW",
        "ts": "1582311554.004200",
        "team": "TTP4V3YS1",
        "user_team": "TTP4V3YS1",
        "source_team": "TTP4V3YS1",
        "user_profile": {
            "avatar_hash": "74e069427e2a",
            "image_72": "https:\/\/avatars.slack-edge.com\/2020-05-19\/1127425449142_74e069427e2aaa40f188_72.jpg",
            "first_name": "Anthony",
            "real_name": "Anthony R. Illobre",
            "display_name": "ARI",
            "team": "TTP4V3YS1",
            "name": "anthony",
            "is_restricted": false,
            "is_ultra_restricted": false
        },
        "blocks": [
            {
                "type": "rich_text",
                "block_id": "rOI9",
                "elements": [
                    {
                        "type": "rich_text_section",
                        "elements": [
                            {
                                "type": "text",
                                "text": "Oh VE doesn't have those expense lines in it anyway. Thanks. All set!"
                            }
                        ]
                    }
                ]
            }
        ]
    },
    {
        "client_msg_id": "1f17cd27-e6e0-4537-809f-63be3f134439",
        "type": "message",
        "text": "Thanks. One thing to update. The monthly budget for 2020 should be the same amount for each month. So taking the 2019 total, dividing by 12 and keeping it constant for every month",
        "user": "UTRAESNUW",
        "ts": "1582311675.005000",
        "team": "TTP4V3YS1",
        "user_team": "TTP4V3YS1",
        "source_team": "TTP4V3YS1",
        "user_profile": {
            "avatar_hash": "g8d095fb8b4a",
            "image_72": "https:\/\/secure.gravatar.com\/avatar\/8d095fb8b4ad808e7f2252ed0c896b65.jpg?s=72&d=https%3A%2F%2Fa.slack-edge.com%2Fdf10d%2Fimg%2Favatars%2Fava_0025-72.png",
            "first_name": "Jeff",
            "real_name": "Jeff",
            "display_name": "",
            "team": "TTP4V3YS1",
            "name": "jeff",
            "is_restricted": false,
            "is_ultra_restricted": false
        },
        "blocks": [
            {
                "type": "rich_text",
                "block_id": "iQ8",
                "elements": [
                    {
                        "type": "rich_text_section",
                        "elements": [
                            {
                                "type": "text",
                                "text": "Thanks. One thing to update. The monthly budget for 2020 should be the same amount for each month. So taking the 2019 total, dividing by 12 and keeping it constant for every month"
                            }
                        ]
                    }
                ]
            }
        ]
    },
    {
        "client_msg_id": "1eb8ca1e-74ee-4b5a-96be-6c9e14548a5a",
        "type": "message",
        "text": "So just copy the 2021 figures in to 2020 by month",
        "user": "UTRAESNUW",
        "ts": "1582311696.005500",
        "team": "TTP4V3YS1",
        "user_team": "TTP4V3YS1",
        "source_team": "TTP4V3YS1",
        "user_profile": {
            "avatar_hash": "g8d095fb8b4a",
            "image_72": "https:\/\/secure.gravatar.com\/avatar\/8d095fb8b4ad808e7f2252ed0c896b65.jpg?s=72&d=https%3A%2F%2Fa.slack-edge.com%2Fdf10d%2Fimg%2Favatars%2Fava_0025-72.png",
            "first_name": "Jeff",
            "real_name": "Jeff",
            "display_name": "",
            "team": "TTP4V3YS1",
            "name": "jeff",
            "is_restricted": false,
            "is_ultra_restricted": false
        },
        "blocks": [
            {
                "type": "rich_text",
                "block_id": "GKB6",
                "elements": [
                    {
                        "type": "rich_text_section",
                        "elements": [
                            {
                                "type": "text",
                                "text": "So just copy the 2021 figures in to 2020 by month"
                            }
                        ]
                    }
                ]
            }
        ]
    },
    {
        "client_msg_id": "b6ef2aeb-e7e5-4712-ba30-c09f056e0bfa",
        "type": "message",
        "text": "Oh my confusion I straightlined 2021 based off 2020. I'll fix",
        "user": "UTP4932RW",
        "ts": "1582312043.006200",
        "team": "TTP4V3YS1",
        "user_team": "TTP4V3YS1",
        "source_team": "TTP4V3YS1",
        "user_profile": {
            "avatar_hash": "74e069427e2a",
            "image_72": "https:\/\/avatars.slack-edge.com\/2020-05-19\/1127425449142_74e069427e2aaa40f188_72.jpg",
            "first_name": "Anthony",
            "real_name": "Anthony R. Illobre",
            "display_name": "ARI",
            "team": "TTP4V3YS1",
            "name": "anthony",
            "is_restricted": false,
            "is_ultra_restricted": false
        },
        "blocks": [
            {
                "type": "rich_text",
                "block_id": "6JZiz",
                "elements": [
                    {
                        "type": "rich_text_section",
                        "elements": [
                            {
                                "type": "text",
                                "text": "Oh my confusion I straightlined 2021 based off 2020. I'll fix"
                            }
                        ]
                    }
                ]
            }
        ]
    },
    {
        "client_msg_id": "c0ab0286-f5d0-4a53-860e-104549f34563",
        "type": "message",
        "text": "No problem. Same end result but just want to straightline for both years. Thanks!",
        "user": "UTRAESNUW",
        "ts": "1582312295.006600",
        "team": "TTP4V3YS1",
        "user_team": "TTP4V3YS1",
        "source_team": "TTP4V3YS1",
        "user_profile": {
            "avatar_hash": "g8d095fb8b4a",
            "image_72": "https:\/\/secure.gravatar.com\/avatar\/8d095fb8b4ad808e7f2252ed0c896b65.jpg?s=72&d=https%3A%2F%2Fa.slack-edge.com%2Fdf10d%2Fimg%2Favatars%2Fava_0025-72.png",
            "first_name": "Jeff",
            "real_name": "Jeff",
            "display_name": "",
            "team": "TTP4V3YS1",
            "name": "jeff",
            "is_restricted": false,
            "is_ultra_restricted": false
        },
        "blocks": [
            {
                "type": "rich_text",
                "block_id": "ifs",
                "elements": [
                    {
                        "type": "rich_text_section",
                        "elements": [
                            {
                                "type": "text",
                                "text": "No problem. Same end result but just want to straightline for both years. Thanks!"
                            }
                        ]
                    }
                ]
            }
        ]
    },
    {
        "client_msg_id": "463c7cb0-68c8-4fde-b8b9-24a221a344f8",
        "type": "message",
        "text": "Ok you got it",
        "user": "UTP4932RW",
        "ts": "1582312382.007100",
        "team": "TTP4V3YS1",
        "user_team": "TTP4V3YS1",
        "source_team": "TTP4V3YS1",
        "user_profile": {
            "avatar_hash": "74e069427e2a",
            "image_72": "https:\/\/avatars.slack-edge.com\/2020-05-19\/1127425449142_74e069427e2aaa40f188_72.jpg",
            "first_name": "Anthony",
            "real_name": "Anthony R. Illobre",
            "display_name": "ARI",
            "team": "TTP4V3YS1",
            "name": "anthony",
            "is_restricted": false,
            "is_ultra_restricted": false
        },
        "blocks": [
            {
                "type": "rich_text",
                "block_id": "61jm",
                "elements": [
                    {
                        "type": "rich_text_section",
                        "elements": [
                            {
                                "type": "text",
                                "text": "Ok you got it"
                            }
                        ]
                    }
                ]
            }
        ]
    },
    {
        "client_msg_id": "95ae3447-252d-452b-8c12-75e851c6b11a",
        "type": "message",
        "text": "All set in v3",
        "user": "UTP4932RW",
        "ts": "1582314467.007300",
        "team": "TTP4V3YS1",
        "user_team": "TTP4V3YS1",
        "source_team": "TTP4V3YS1",
        "user_profile": {
            "avatar_hash": "74e069427e2a",
            "image_72": "https:\/\/avatars.slack-edge.com\/2020-05-19\/1127425449142_74e069427e2aaa40f188_72.jpg",
            "first_name": "Anthony",
            "real_name": "Anthony R. Illobre",
            "display_name": "ARI",
            "team": "TTP4V3YS1",
            "name": "anthony",
            "is_restricted": false,
            "is_ultra_restricted": false
        },
        "blocks": [
            {
                "type": "rich_text",
                "block_id": "Fv5js",
                "elements": [
                    {
                        "type": "rich_text_section",
                        "elements": [
                            {
                                "type": "text",
                                "text": "All set in v3"
                            }
                        ]
                    }
                ]
            }
        ]
    },
    {
        "client_msg_id": "3b5d7180-7c73-40dd-8dbc-8c023ff16076",
        "type": "message",
        "text": "Awesome!",
        "user": "UTRAESNUW",
        "ts": "1582314554.007500",
        "team": "TTP4V3YS1",
        "user_team": "TTP4V3YS1",
        "source_team": "TTP4V3YS1",
        "user_profile": {
            "avatar_hash": "g8d095fb8b4a",
            "image_72": "https:\/\/secure.gravatar.com\/avatar\/8d095fb8b4ad808e7f2252ed0c896b65.jpg?s=72&d=https%3A%2F%2Fa.slack-edge.com%2Fdf10d%2Fimg%2Favatars%2Fava_0025-72.png",
            "first_name": "Jeff",
            "real_name": "Jeff",
            "display_name": "",
            "team": "TTP4V3YS1",
            "name": "jeff",
            "is_restricted": false,
            "is_ultra_restricted": false
        },
        "blocks": [
            {
                "type": "rich_text",
                "block_id": "J9L",
                "elements": [
                    {
                        "type": "rich_text_section",
                        "elements": [
                            {
                                "type": "text",
                                "text": "Awesome!"
                            }
                        ]
                    }
                ]
            }
        ]
    }
]