[
    {
        "client_msg_id": "05657090-bea3-4c9f-94cd-d9f299e3de2c",
        "type": "message",
        "text": "<@UTP4932RW> is the v8 of the occupancy forecast good to go to Matt &amp; Mike to review?",
        "user": "UTRAESNUW",
        "ts": "1586787405.000600",
        "team": "TTP4V3YS1",
        "user_team": "TTP4V3YS1",
        "source_team": "TTP4V3YS1",
        "user_profile": {
            "avatar_hash": "g8d095fb8b4a",
            "image_72": "https:\/\/secure.gravatar.com\/avatar\/8d095fb8b4ad808e7f2252ed0c896b65.jpg?s=72&d=https%3A%2F%2Fa.slack-edge.com%2Fdf10d%2Fimg%2Favatars%2Fava_0025-72.png",
            "first_name": "Jeff",
            "real_name": "Jeff",
            "display_name": "",
            "team": "TTP4V3YS1",
            "name": "jeff",
            "is_restricted": false,
            "is_ultra_restricted": false
        },
        "blocks": [
            {
                "type": "rich_text",
                "block_id": "mRrJP",
                "elements": [
                    {
                        "type": "rich_text_section",
                        "elements": [
                            {
                                "type": "user",
                                "user_id": "UTP4932RW"
                            },
                            {
                                "type": "text",
                                "text": " is the v8 of the occupancy forecast good to go to Matt & Mike to review?"
                            }
                        ]
                    }
                ]
            }
        ]
    }
]