[
    {
        "client_msg_id": "d4cf006b-8d46-4f4b-8847-03ddb94b1e34",
        "type": "message",
        "text": "Hey <@UTP4932RW> I just spoke with Brett. He should be getting us February financials today so we will run that through the Budget vs Actual to send across tomorrow or Friday when they come through. Just wanted to give you the heads up on the timeline",
        "user": "UTRAESNUW",
        "ts": "1583937813.001000",
        "team": "TTP4V3YS1",
        "user_team": "TTP4V3YS1",
        "source_team": "TTP4V3YS1",
        "user_profile": {
            "avatar_hash": "g8d095fb8b4a",
            "image_72": "https:\/\/secure.gravatar.com\/avatar\/8d095fb8b4ad808e7f2252ed0c896b65.jpg?s=72&d=https%3A%2F%2Fa.slack-edge.com%2Fdf10d%2Fimg%2Favatars%2Fava_0025-72.png",
            "first_name": "Jeff",
            "real_name": "Jeff",
            "display_name": "",
            "team": "TTP4V3YS1",
            "name": "jeff",
            "is_restricted": false,
            "is_ultra_restricted": false
        },
        "blocks": [
            {
                "type": "rich_text",
                "block_id": "tQKOg",
                "elements": [
                    {
                        "type": "rich_text_section",
                        "elements": [
                            {
                                "type": "text",
                                "text": "Hey "
                            },
                            {
                                "type": "user",
                                "user_id": "UTP4932RW"
                            },
                            {
                                "type": "text",
                                "text": " I just spoke with Brett. He should be getting us February financials today so we will run that through the Budget vs Actual to send across tomorrow or Friday when they come through. Just wanted to give you the heads up on the timeline"
                            }
                        ]
                    }
                ]
            }
        ]
    },
    {
        "client_msg_id": "b7aab3f7-acbb-481a-822c-0d170248bf34",
        "type": "message",
        "text": "Ok thanks",
        "user": "UTP4932RW",
        "ts": "1583937899.001300",
        "team": "TTP4V3YS1",
        "user_team": "TTP4V3YS1",
        "source_team": "TTP4V3YS1",
        "user_profile": {
            "avatar_hash": "74e069427e2a",
            "image_72": "https:\/\/avatars.slack-edge.com\/2020-05-19\/1127425449142_74e069427e2aaa40f188_72.jpg",
            "first_name": "Anthony",
            "real_name": "Anthony R. Illobre",
            "display_name": "ARI",
            "team": "TTP4V3YS1",
            "name": "anthony",
            "is_restricted": false,
            "is_ultra_restricted": false
        },
        "blocks": [
            {
                "type": "rich_text",
                "block_id": "9RE5",
                "elements": [
                    {
                        "type": "rich_text_section",
                        "elements": [
                            {
                                "type": "text",
                                "text": "Ok thanks"
                            }
                        ]
                    }
                ]
            }
        ]
    },
    {
        "client_msg_id": "412b0141-e545-4e98-865f-e7eeacc4ebb7",
        "type": "message",
        "text": "What happened in the TO alloc file was that the individual P&amp;Ls had cell merging and images at the bottom this month. Because the P&amp;Ls were all different lengths the merging was preventing my pasting my formulas from last time simultaneously. Instead of pasting them on all tabs individually I tried that quick fix which work for the properties I spot checked, but not for all. I'll make sure I can pull the P&amp;Ls myself so I don't get the versions with the merging &amp; images",
        "user": "UTP4932RW",
        "ts": "1583960681.006200",
        "team": "TTP4V3YS1",
        "user_team": "TTP4V3YS1",
        "source_team": "TTP4V3YS1",
        "user_profile": {
            "avatar_hash": "74e069427e2a",
            "image_72": "https:\/\/avatars.slack-edge.com\/2020-05-19\/1127425449142_74e069427e2aaa40f188_72.jpg",
            "first_name": "Anthony",
            "real_name": "Anthony R. Illobre",
            "display_name": "ARI",
            "team": "TTP4V3YS1",
            "name": "anthony",
            "is_restricted": false,
            "is_ultra_restricted": false
        },
        "blocks": [
            {
                "type": "rich_text",
                "block_id": "3wmgf",
                "elements": [
                    {
                        "type": "rich_text_section",
                        "elements": [
                            {
                                "type": "text",
                                "text": "What happened in the TO alloc file was that the individual P&Ls had cell merging and images at the bottom this month. Because the P&Ls were all different lengths the merging was preventing my pasting my formulas from last time simultaneously. Instead of pasting them on all tabs individually I tried that quick fix which work for the properties I spot checked, but not for all. I'll make sure I can pull the P&Ls myself so I don't get the versions with the merging & images"
                            }
                        ]
                    }
                ]
            }
        ]
    },
    {
        "client_msg_id": "D16A8070-F6E5-43C8-80A2-24CCECD1CC2D",
        "type": "message",
        "text": "No problem I know they don’t come out in the same format. I also fixed a formula for February ratio calculations in the allocation file. I can show you what changed when we connect. Have a good night!",
        "user": "UTRAESNUW",
        "ts": "1583967436.001700",
        "team": "TTP4V3YS1",
        "user_team": "TTP4V3YS1",
        "source_team": "TTP4V3YS1",
        "user_profile": {
            "avatar_hash": "g8d095fb8b4a",
            "image_72": "https:\/\/secure.gravatar.com\/avatar\/8d095fb8b4ad808e7f2252ed0c896b65.jpg?s=72&d=https%3A%2F%2Fa.slack-edge.com%2Fdf10d%2Fimg%2Favatars%2Fava_0025-72.png",
            "first_name": "Jeff",
            "real_name": "Jeff",
            "display_name": "",
            "team": "TTP4V3YS1",
            "name": "jeff",
            "is_restricted": false,
            "is_ultra_restricted": false
        },
        "blocks": [
            {
                "type": "rich_text",
                "block_id": "62G",
                "elements": [
                    {
                        "type": "rich_text_section",
                        "elements": [
                            {
                                "type": "text",
                                "text": "No problem I know they don’t come out in the same format. I also fixed a formula for February ratio calculations in the allocation file. I can show you what changed when we connect. Have a good night!"
                            }
                        ]
                    }
                ]
            }
        ]
    },
    {
        "client_msg_id": "7dabfeae-0835-4a35-9e8d-6ed57ad3df6f",
        "type": "message",
        "text": "I saw that file go out &amp; compared the formulas &amp; I think it was still flawed. I made a v3 just in case.",
        "user": "UTP4932RW",
        "ts": "1583969162.001600",
        "team": "TTP4V3YS1",
        "user_team": "TTP4V3YS1",
        "source_team": "TTP4V3YS1",
        "user_profile": {
            "avatar_hash": "74e069427e2a",
            "image_72": "https:\/\/avatars.slack-edge.com\/2020-05-19\/1127425449142_74e069427e2aaa40f188_72.jpg",
            "first_name": "Anthony",
            "real_name": "Anthony R. Illobre",
            "display_name": "ARI",
            "team": "TTP4V3YS1",
            "name": "anthony",
            "is_restricted": false,
            "is_ultra_restricted": false
        },
        "blocks": [
            {
                "type": "rich_text",
                "block_id": "w0Ke",
                "elements": [
                    {
                        "type": "rich_text_section",
                        "elements": [
                            {
                                "type": "text",
                                "text": "I saw that file go out & compared the formulas & I think it was still flawed. I made a v3 just in case."
                            }
                        ]
                    }
                ]
            }
        ]
    },
    {
        "client_msg_id": "893A22BD-8C8D-41DE-932B-A738824FD9C6",
        "type": "message",
        "text": "Ok let’s catch up in the am. I think we are good now.",
        "user": "UTRAESNUW",
        "ts": "1583973285.000800",
        "team": "TTP4V3YS1",
        "user_team": "TTP4V3YS1",
        "source_team": "TTP4V3YS1",
        "user_profile": {
            "avatar_hash": "g8d095fb8b4a",
            "image_72": "https:\/\/secure.gravatar.com\/avatar\/8d095fb8b4ad808e7f2252ed0c896b65.jpg?s=72&d=https%3A%2F%2Fa.slack-edge.com%2Fdf10d%2Fimg%2Favatars%2Fava_0025-72.png",
            "first_name": "Jeff",
            "real_name": "Jeff",
            "display_name": "",
            "team": "TTP4V3YS1",
            "name": "jeff",
            "is_restricted": false,
            "is_ultra_restricted": false
        },
        "blocks": [
            {
                "type": "rich_text",
                "block_id": "GYvDv",
                "elements": [
                    {
                        "type": "rich_text_section",
                        "elements": [
                            {
                                "type": "text",
                                "text": "Ok let’s catch up in the am. I think we are good now."
                            }
                        ]
                    }
                ]
            }
        ]
    }
]