[
    {
        "client_msg_id": "693d5698-c60c-4cb2-b4df-ab46b93c5f1b",
        "type": "message",
        "text": "<@UTP4932RW> Would it be possible for us to estimate an average churn percentage for fills so we can get that \"net\" estimate?",
        "user": "UTRAESNUW",
        "ts": "1588691272.000700",
        "team": "TTP4V3YS1",
        "user_team": "TTP4V3YS1",
        "source_team": "TTP4V3YS1",
        "user_profile": {
            "avatar_hash": "g8d095fb8b4a",
            "image_72": "https:\/\/secure.gravatar.com\/avatar\/8d095fb8b4ad808e7f2252ed0c896b65.jpg?s=72&d=https%3A%2F%2Fa.slack-edge.com%2Fdf10d%2Fimg%2Favatars%2Fava_0025-72.png",
            "first_name": "Jeff",
            "real_name": "Jeff",
            "display_name": "",
            "team": "TTP4V3YS1",
            "name": "jeff",
            "is_restricted": false,
            "is_ultra_restricted": false
        },
        "blocks": [
            {
                "type": "rich_text",
                "block_id": "HMKQc",
                "elements": [
                    {
                        "type": "rich_text_section",
                        "elements": [
                            {
                                "type": "user",
                                "user_id": "UTP4932RW"
                            },
                            {
                                "type": "text",
                                "text": " Would it be possible for us to estimate an average churn percentage for fills so we can get that \"net\" estimate?"
                            }
                        ]
                    }
                ]
            }
        ]
    },
    {
        "client_msg_id": "ee781613-0ae9-4d40-bc1e-c6b8e5f9dfad",
        "type": "message",
        "text": "It's possible, but I don't think it'd be very accurate. Are all of these month to month or do they have lease terms? I ask because the move-ins seem very seasonal or are the result of park construction creating new lots.",
        "user": "UTP4932RW",
        "ts": "1588691850.005900",
        "team": "TTP4V3YS1",
        "user_team": "TTP4V3YS1",
        "source_team": "TTP4V3YS1",
        "user_profile": {
            "avatar_hash": "74e069427e2a",
            "image_72": "https:\/\/avatars.slack-edge.com\/2020-05-19\/1127425449142_74e069427e2aaa40f188_72.jpg",
            "first_name": "Anthony",
            "real_name": "Anthony R. Illobre",
            "display_name": "ARI",
            "team": "TTP4V3YS1",
            "name": "anthony",
            "is_restricted": false,
            "is_ultra_restricted": false
        },
        "blocks": [
            {
                "type": "rich_text",
                "block_id": "+AXFi",
                "elements": [
                    {
                        "type": "rich_text_section",
                        "elements": [
                            {
                                "type": "text",
                                "text": "It's possible, but I don't think it'd be very accurate. Are all of these month to month or do they have lease terms? I ask because the move-ins seem very seasonal or are the result of park construction creating new lots."
                            }
                        ]
                    }
                ]
            }
        ]
    },
    {
        "client_msg_id": "24deb622-9a4a-4671-9782-aeed994b4da8",
        "type": "message",
        "text": "Yes, move ins are very seasonal. Great point. We can talk to Bret about it on the call.",
        "user": "UTRAESNUW",
        "ts": "1588692900.006400",
        "team": "TTP4V3YS1",
        "user_team": "TTP4V3YS1",
        "source_team": "TTP4V3YS1",
        "user_profile": {
            "avatar_hash": "g8d095fb8b4a",
            "image_72": "https:\/\/secure.gravatar.com\/avatar\/8d095fb8b4ad808e7f2252ed0c896b65.jpg?s=72&d=https%3A%2F%2Fa.slack-edge.com%2Fdf10d%2Fimg%2Favatars%2Fava_0025-72.png",
            "first_name": "Jeff",
            "real_name": "Jeff",
            "display_name": "",
            "team": "TTP4V3YS1",
            "name": "jeff",
            "is_restricted": false,
            "is_ultra_restricted": false
        },
        "blocks": [
            {
                "type": "rich_text",
                "block_id": "4nD\/",
                "elements": [
                    {
                        "type": "rich_text_section",
                        "elements": [
                            {
                                "type": "text",
                                "text": "Yes, move ins are very seasonal. Great point. We can talk to Bret about it on the call."
                            }
                        ]
                    }
                ]
            }
        ]
    },
    {
        "client_msg_id": "ddc8b478-2569-4475-88b0-a312718d5808",
        "type": "message",
        "text": "Great work on the Time Out items and feedback. Let's discuss with Brett on the call.",
        "user": "UTRAESNUW",
        "ts": "1588697037.006800",
        "team": "TTP4V3YS1",
        "user_team": "TTP4V3YS1",
        "source_team": "TTP4V3YS1",
        "user_profile": {
            "avatar_hash": "g8d095fb8b4a",
            "image_72": "https:\/\/secure.gravatar.com\/avatar\/8d095fb8b4ad808e7f2252ed0c896b65.jpg?s=72&d=https%3A%2F%2Fa.slack-edge.com%2Fdf10d%2Fimg%2Favatars%2Fava_0025-72.png",
            "first_name": "Jeff",
            "real_name": "Jeff",
            "display_name": "",
            "team": "TTP4V3YS1",
            "name": "jeff",
            "is_restricted": false,
            "is_ultra_restricted": false
        },
        "blocks": [
            {
                "type": "rich_text",
                "block_id": "P8QN",
                "elements": [
                    {
                        "type": "rich_text_section",
                        "elements": [
                            {
                                "type": "text",
                                "text": "Great work on the Time Out items and feedback. Let's discuss with Brett on the call."
                            }
                        ]
                    }
                ]
            }
        ]
    },
    {
        "client_msg_id": "a58b824d-eb5b-44e9-9187-ed005c22c1d2",
        "type": "message",
        "text": "ok",
        "user": "UTP4932RW",
        "ts": "1588697050.007000",
        "team": "TTP4V3YS1",
        "user_team": "TTP4V3YS1",
        "source_team": "TTP4V3YS1",
        "user_profile": {
            "avatar_hash": "74e069427e2a",
            "image_72": "https:\/\/avatars.slack-edge.com\/2020-05-19\/1127425449142_74e069427e2aaa40f188_72.jpg",
            "first_name": "Anthony",
            "real_name": "Anthony R. Illobre",
            "display_name": "ARI",
            "team": "TTP4V3YS1",
            "name": "anthony",
            "is_restricted": false,
            "is_ultra_restricted": false
        },
        "blocks": [
            {
                "type": "rich_text",
                "block_id": "1oi",
                "elements": [
                    {
                        "type": "rich_text_section",
                        "elements": [
                            {
                                "type": "text",
                                "text": "ok"
                            }
                        ]
                    }
                ]
            }
        ]
    },
    {
        "type": "message",
        "text": "These are the 3 records where HR>LR.\nWe originally had HR capped not to exceed LR, but then we reduced the total lots for a couple parks & I has to lower LR not to exceed it, but didn't lower HR from there.",
        "files": [
            {
                "id": "F013T7TE6CQ",
                "created": 1588703768,
                "timestamp": 1588703768,
                "name": "image.png",
                "title": "image.png",
                "mimetype": "image\/png",
                "filetype": "png",
                "pretty_type": "PNG",
                "user": "UTP4932RW",
                "editable": false,
                "size": 8179,
                "mode": "hosted",
                "is_external": false,
                "external_type": "",
                "is_public": true,
                "public_url_shared": false,
                "display_as_bot": false,
                "username": "",
                "url_private": "https:\/\/files.slack.com\/files-pri\/TTP4V3YS1-F013T7TE6CQ\/image.png?t=xoxe-941165134885-1162655895171-1161068338021-407a1cef78b9833e75f3a32df341ed60",
                "url_private_download": "https:\/\/files.slack.com\/files-pri\/TTP4V3YS1-F013T7TE6CQ\/download\/image.png?t=xoxe-941165134885-1162655895171-1161068338021-407a1cef78b9833e75f3a32df341ed60",
                "thumb_64": "https:\/\/files.slack.com\/files-tmb\/TTP4V3YS1-F013T7TE6CQ-62e91cf297\/image_64.png?t=xoxe-941165134885-1162655895171-1161068338021-407a1cef78b9833e75f3a32df341ed60",
                "thumb_80": "https:\/\/files.slack.com\/files-tmb\/TTP4V3YS1-F013T7TE6CQ-62e91cf297\/image_80.png?t=xoxe-941165134885-1162655895171-1161068338021-407a1cef78b9833e75f3a32df341ed60",
                "thumb_360": "https:\/\/files.slack.com\/files-tmb\/TTP4V3YS1-F013T7TE6CQ-62e91cf297\/image_360.png?t=xoxe-941165134885-1162655895171-1161068338021-407a1cef78b9833e75f3a32df341ed60",
                "thumb_360_w": 360,
                "thumb_360_h": 61,
                "thumb_480": "https:\/\/files.slack.com\/files-tmb\/TTP4V3YS1-F013T7TE6CQ-62e91cf297\/image_480.png?t=xoxe-941165134885-1162655895171-1161068338021-407a1cef78b9833e75f3a32df341ed60",
                "thumb_480_w": 480,
                "thumb_480_h": 81,
                "thumb_160": "https:\/\/files.slack.com\/files-tmb\/TTP4V3YS1-F013T7TE6CQ-62e91cf297\/image_160.png?t=xoxe-941165134885-1162655895171-1161068338021-407a1cef78b9833e75f3a32df341ed60",
                "original_w": 697,
                "original_h": 118,
                "thumb_tiny": "AwAIADC\/tPBGPyoKnHGKkooAjCnvil2n2\/Kn0UAM2\/Sjb9Pyp9FAH\/\/Z",
                "permalink": "https:\/\/qwinzy.slack.com\/files\/UTP4932RW\/F013T7TE6CQ\/image.png",
                "permalink_public": "https:\/\/slack-files.com\/TTP4V3YS1-F013T7TE6CQ-e9a45443cb",
                "is_starred": false,
                "has_rich_preview": false
            }
        ],
        "upload": true,
        "blocks": [
            {
                "type": "rich_text",
                "block_id": "Vtl",
                "elements": [
                    {
                        "type": "rich_text_section",
                        "elements": [
                            {
                                "type": "text",
                                "text": "These are the 3 records where HR>LR.\nWe originally had HR capped not to exceed LR, but then we reduced the total lots for a couple parks & I has to lower LR not to exceed it, but didn't lower HR from there."
                            }
                        ]
                    }
                ]
            }
        ],
        "user": "UTP4932RW",
        "display_as_bot": false,
        "ts": "1588703769.009500",
        "client_msg_id": "c42b8a77-ac3b-4372-a002-8fb158e57574"
    },
    {
        "client_msg_id": "1bcfaa7c-9b93-40ec-8c6f-03e0cc3e7f32",
        "type": "message",
        "text": "It's just 3 records I can just update it so we don't lose credibility over something so small.",
        "user": "UTP4932RW",
        "ts": "1588703831.010700",
        "team": "TTP4V3YS1",
        "user_team": "TTP4V3YS1",
        "source_team": "TTP4V3YS1",
        "user_profile": {
            "avatar_hash": "74e069427e2a",
            "image_72": "https:\/\/avatars.slack-edge.com\/2020-05-19\/1127425449142_74e069427e2aaa40f188_72.jpg",
            "first_name": "Anthony",
            "real_name": "Anthony R. Illobre",
            "display_name": "ARI",
            "team": "TTP4V3YS1",
            "name": "anthony",
            "is_restricted": false,
            "is_ultra_restricted": false
        },
        "blocks": [
            {
                "type": "rich_text",
                "block_id": "FF4R",
                "elements": [
                    {
                        "type": "rich_text_section",
                        "elements": [
                            {
                                "type": "text",
                                "text": "It's just 3 records I can just update it so we don't lose credibility over something so small."
                            }
                        ]
                    }
                ]
            }
        ]
    },
    {
        "client_msg_id": "c505fb6c-2c12-4082-90bc-105cf14c12f6",
        "type": "message",
        "text": "Let's keep the master the master",
        "user": "UTRAESNUW",
        "ts": "1588708262.011100",
        "team": "TTP4V3YS1",
        "user_team": "TTP4V3YS1",
        "source_team": "TTP4V3YS1",
        "user_profile": {
            "avatar_hash": "g8d095fb8b4a",
            "image_72": "https:\/\/secure.gravatar.com\/avatar\/8d095fb8b4ad808e7f2252ed0c896b65.jpg?s=72&d=https%3A%2F%2Fa.slack-edge.com%2Fdf10d%2Fimg%2Favatars%2Fava_0025-72.png",
            "first_name": "Jeff",
            "real_name": "Jeff",
            "display_name": "",
            "team": "TTP4V3YS1",
            "name": "jeff",
            "is_restricted": false,
            "is_ultra_restricted": false
        },
        "blocks": [
            {
                "type": "rich_text",
                "block_id": "p0fa5",
                "elements": [
                    {
                        "type": "rich_text_section",
                        "elements": [
                            {
                                "type": "text",
                                "text": "Let's keep the master the master"
                            }
                        ]
                    }
                ]
            }
        ]
    },
    {
        "client_msg_id": "9231cd38-7a43-4a37-9cd4-1aa4df2dd5d6",
        "type": "message",
        "text": "Since this has already gone out and we don't want to have multiple versions",
        "user": "UTRAESNUW",
        "ts": "1588708279.011600",
        "team": "TTP4V3YS1",
        "user_team": "TTP4V3YS1",
        "source_team": "TTP4V3YS1",
        "user_profile": {
            "avatar_hash": "g8d095fb8b4a",
            "image_72": "https:\/\/secure.gravatar.com\/avatar\/8d095fb8b4ad808e7f2252ed0c896b65.jpg?s=72&d=https%3A%2F%2Fa.slack-edge.com%2Fdf10d%2Fimg%2Favatars%2Fava_0025-72.png",
            "first_name": "Jeff",
            "real_name": "Jeff",
            "display_name": "",
            "team": "TTP4V3YS1",
            "name": "jeff",
            "is_restricted": false,
            "is_ultra_restricted": false
        },
        "blocks": [
            {
                "type": "rich_text",
                "block_id": "P3r",
                "elements": [
                    {
                        "type": "rich_text_section",
                        "elements": [
                            {
                                "type": "text",
                                "text": "Since this has already gone out and we don't want to have multiple versions"
                            }
                        ]
                    }
                ]
            }
        ]
    },
    {
        "client_msg_id": "6d82e343-7680-4142-91fa-cab855c6569e",
        "type": "message",
        "text": "And we can update next quarter",
        "user": "UTRAESNUW",
        "ts": "1588708304.012200",
        "team": "TTP4V3YS1",
        "user_team": "TTP4V3YS1",
        "source_team": "TTP4V3YS1",
        "user_profile": {
            "avatar_hash": "g8d095fb8b4a",
            "image_72": "https:\/\/secure.gravatar.com\/avatar\/8d095fb8b4ad808e7f2252ed0c896b65.jpg?s=72&d=https%3A%2F%2Fa.slack-edge.com%2Fdf10d%2Fimg%2Favatars%2Fava_0025-72.png",
            "first_name": "Jeff",
            "real_name": "Jeff",
            "display_name": "",
            "team": "TTP4V3YS1",
            "name": "jeff",
            "is_restricted": false,
            "is_ultra_restricted": false
        },
        "blocks": [
            {
                "type": "rich_text",
                "block_id": "RA6",
                "elements": [
                    {
                        "type": "rich_text_section",
                        "elements": [
                            {
                                "type": "text",
                                "text": "And we can update next quarter"
                            }
                        ]
                    }
                ]
            }
        ]
    }
]