[
    {
        "type": "message",
        "subtype": "channel_join",
        "ts": "1584457308.000200",
        "user": "UTRAESNUW",
        "text": "<@UTRAESNUW> has joined the channel"
    },
    {
        "type": "message",
        "subtype": "channel_join",
        "ts": "1584457314.000400",
        "user": "UTP4932RW",
        "text": "<@UTP4932RW> has joined the channel",
        "inviter": "UTRAESNUW"
    },
    {
        "client_msg_id": "5496db94-1fe6-4909-9463-ab5c0c167369",
        "type": "message",
        "text": "<@UTP4932RW> Looking at scheduling a call for Project Cars at 4pm if you are available. Will keep you posted",
        "user": "UTRAESNUW",
        "ts": "1584457333.000900",
        "team": "TTP4V3YS1",
        "user_team": "TTP4V3YS1",
        "source_team": "TTP4V3YS1",
        "user_profile": {
            "avatar_hash": "g8d095fb8b4a",
            "image_72": "https:\/\/secure.gravatar.com\/avatar\/8d095fb8b4ad808e7f2252ed0c896b65.jpg?s=72&d=https%3A%2F%2Fa.slack-edge.com%2Fdf10d%2Fimg%2Favatars%2Fava_0025-72.png",
            "first_name": "Jeff",
            "real_name": "Jeff",
            "display_name": "",
            "team": "TTP4V3YS1",
            "name": "jeff",
            "is_restricted": false,
            "is_ultra_restricted": false
        },
        "blocks": [
            {
                "type": "rich_text",
                "block_id": "Szpr",
                "elements": [
                    {
                        "type": "rich_text_section",
                        "elements": [
                            {
                                "type": "user",
                                "user_id": "UTP4932RW"
                            },
                            {
                                "type": "text",
                                "text": " Looking at scheduling a call for Project Cars at 4pm if you are available. Will keep you posted"
                            }
                        ]
                    }
                ]
            }
        ]
    },
    {
        "client_msg_id": "34de5edc-e693-4064-a94a-6127fff76b7f",
        "type": "message",
        "text": "Ok",
        "user": "UTP4932RW",
        "ts": "1584457343.001100",
        "team": "TTP4V3YS1",
        "user_team": "TTP4V3YS1",
        "source_team": "TTP4V3YS1",
        "user_profile": {
            "avatar_hash": "74e069427e2a",
            "image_72": "https:\/\/avatars.slack-edge.com\/2020-05-19\/1127425449142_74e069427e2aaa40f188_72.jpg",
            "first_name": "Anthony",
            "real_name": "Anthony R. Illobre",
            "display_name": "ARI",
            "team": "TTP4V3YS1",
            "name": "anthony",
            "is_restricted": false,
            "is_ultra_restricted": false
        },
        "blocks": [
            {
                "type": "rich_text",
                "block_id": "k9n",
                "elements": [
                    {
                        "type": "rich_text_section",
                        "elements": [
                            {
                                "type": "text",
                                "text": "Ok"
                            }
                        ]
                    }
                ]
            }
        ]
    }
]