[
    {
        "client_msg_id": "c19345d8-84de-4e27-a71e-b59b9830fcdc",
        "type": "message",
        "text": "<@UTP4932RW> Jeff, MixPanel is going to be around $170 x month and Klipfolio $50 x month....from Joaquin",
        "user": "UTRAESNUW",
        "ts": "1587577527.000300",
        "team": "TTP4V3YS1",
        "user_team": "TTP4V3YS1",
        "source_team": "TTP4V3YS1",
        "user_profile": {
            "avatar_hash": "g8d095fb8b4a",
            "image_72": "https:\/\/secure.gravatar.com\/avatar\/8d095fb8b4ad808e7f2252ed0c896b65.jpg?s=72&d=https%3A%2F%2Fa.slack-edge.com%2Fdf10d%2Fimg%2Favatars%2Fava_0025-72.png",
            "first_name": "Jeff",
            "real_name": "Jeff",
            "display_name": "",
            "team": "TTP4V3YS1",
            "name": "jeff",
            "is_restricted": false,
            "is_ultra_restricted": false
        },
        "blocks": [
            {
                "type": "rich_text",
                "block_id": "T2ZJ",
                "elements": [
                    {
                        "type": "rich_text_section",
                        "elements": [
                            {
                                "type": "user",
                                "user_id": "UTP4932RW"
                            },
                            {
                                "type": "text",
                                "text": " Jeff, MixPanel is going to be around $170 x month and Klipfolio $50 x month....from Joaquin"
                            }
                        ]
                    }
                ]
            }
        ]
    },
    {
        "client_msg_id": "c969b40e-9ea7-4ac3-b360-98c179c5cafb",
        "type": "message",
        "text": "<@UTP4932RW> We also have a kickoff call with the new marketing team at 5pm if you are interested",
        "user": "UTRAESNUW",
        "ts": "1587582818.000800",
        "team": "TTP4V3YS1",
        "user_team": "TTP4V3YS1",
        "source_team": "TTP4V3YS1",
        "user_profile": {
            "avatar_hash": "g8d095fb8b4a",
            "image_72": "https:\/\/secure.gravatar.com\/avatar\/8d095fb8b4ad808e7f2252ed0c896b65.jpg?s=72&d=https%3A%2F%2Fa.slack-edge.com%2Fdf10d%2Fimg%2Favatars%2Fava_0025-72.png",
            "first_name": "Jeff",
            "real_name": "Jeff",
            "display_name": "",
            "team": "TTP4V3YS1",
            "name": "jeff",
            "is_restricted": false,
            "is_ultra_restricted": false
        },
        "blocks": [
            {
                "type": "rich_text",
                "block_id": "ChV",
                "elements": [
                    {
                        "type": "rich_text_section",
                        "elements": [
                            {
                                "type": "user",
                                "user_id": "UTP4932RW"
                            },
                            {
                                "type": "text",
                                "text": " We also have a kickoff call with the new marketing team at 5pm if you are interested"
                            }
                        ]
                    }
                ]
            }
        ]
    },
    {
        "client_msg_id": "503f5b45-0dd6-4d03-bb49-bac8fb80b780",
        "type": "message",
        "text": "Ok I'd be happy to listen in",
        "user": "UTP4932RW",
        "ts": "1587582914.001500",
        "team": "TTP4V3YS1",
        "user_team": "TTP4V3YS1",
        "source_team": "TTP4V3YS1",
        "user_profile": {
            "avatar_hash": "74e069427e2a",
            "image_72": "https:\/\/avatars.slack-edge.com\/2020-05-19\/1127425449142_74e069427e2aaa40f188_72.jpg",
            "first_name": "Anthony",
            "real_name": "Anthony R. Illobre",
            "display_name": "ARI",
            "team": "TTP4V3YS1",
            "name": "anthony",
            "is_restricted": false,
            "is_ultra_restricted": false
        },
        "blocks": [
            {
                "type": "rich_text",
                "block_id": "dJiL",
                "elements": [
                    {
                        "type": "rich_text_section",
                        "elements": [
                            {
                                "type": "text",
                                "text": "Ok I'd be happy to listen in"
                            }
                        ]
                    }
                ]
            }
        ]
    },
    {
        "client_msg_id": "502f431b-9140-4024-b35f-fe7aedf6cab1",
        "type": "message",
        "text": "Cool",
        "user": "UTRAESNUW",
        "ts": "1587583009.001700",
        "team": "TTP4V3YS1",
        "user_team": "TTP4V3YS1",
        "source_team": "TTP4V3YS1",
        "user_profile": {
            "avatar_hash": "g8d095fb8b4a",
            "image_72": "https:\/\/secure.gravatar.com\/avatar\/8d095fb8b4ad808e7f2252ed0c896b65.jpg?s=72&d=https%3A%2F%2Fa.slack-edge.com%2Fdf10d%2Fimg%2Favatars%2Fava_0025-72.png",
            "first_name": "Jeff",
            "real_name": "Jeff",
            "display_name": "",
            "team": "TTP4V3YS1",
            "name": "jeff",
            "is_restricted": false,
            "is_ultra_restricted": false
        },
        "blocks": [
            {
                "type": "rich_text",
                "block_id": "7u\/",
                "elements": [
                    {
                        "type": "rich_text_section",
                        "elements": [
                            {
                                "type": "text",
                                "text": "Cool"
                            }
                        ]
                    }
                ]
            }
        ]
    },
    {
        "client_msg_id": "84998357-4b5d-4287-a563-1ba18d2f159f",
        "type": "message",
        "text": "Think it would be good for you to learn more about the goals, but only if you are interested. Definitely no required",
        "user": "UTRAESNUW",
        "ts": "1587583028.002200",
        "team": "TTP4V3YS1",
        "user_team": "TTP4V3YS1",
        "source_team": "TTP4V3YS1",
        "user_profile": {
            "avatar_hash": "g8d095fb8b4a",
            "image_72": "https:\/\/secure.gravatar.com\/avatar\/8d095fb8b4ad808e7f2252ed0c896b65.jpg?s=72&d=https%3A%2F%2Fa.slack-edge.com%2Fdf10d%2Fimg%2Favatars%2Fava_0025-72.png",
            "first_name": "Jeff",
            "real_name": "Jeff",
            "display_name": "",
            "team": "TTP4V3YS1",
            "name": "jeff",
            "is_restricted": false,
            "is_ultra_restricted": false
        },
        "blocks": [
            {
                "type": "rich_text",
                "block_id": "rF=0g",
                "elements": [
                    {
                        "type": "rich_text_section",
                        "elements": [
                            {
                                "type": "text",
                                "text": "Think it would be good for you to learn more about the goals, but only if you are interested. Definitely no required"
                            }
                        ]
                    }
                ]
            }
        ]
    },
    {
        "client_msg_id": "40743ef8-bfaf-4933-bc7f-c14c2944ee61",
        "type": "message",
        "text": "Klipfolio Log In\n<mailto:jeff@qwinzy.com|jeff@qwinzy.com>\n@Smarthop2020",
        "user": "UTRAESNUW",
        "ts": "1587584356.002600",
        "team": "TTP4V3YS1",
        "user_team": "TTP4V3YS1",
        "source_team": "TTP4V3YS1",
        "user_profile": {
            "avatar_hash": "g8d095fb8b4a",
            "image_72": "https:\/\/secure.gravatar.com\/avatar\/8d095fb8b4ad808e7f2252ed0c896b65.jpg?s=72&d=https%3A%2F%2Fa.slack-edge.com%2Fdf10d%2Fimg%2Favatars%2Fava_0025-72.png",
            "first_name": "Jeff",
            "real_name": "Jeff",
            "display_name": "",
            "team": "TTP4V3YS1",
            "name": "jeff",
            "is_restricted": false,
            "is_ultra_restricted": false
        },
        "blocks": [
            {
                "type": "rich_text",
                "block_id": "gw0",
                "elements": [
                    {
                        "type": "rich_text_section",
                        "elements": [
                            {
                                "type": "text",
                                "text": "Klipfolio Log In\n"
                            },
                            {
                                "type": "link",
                                "url": "mailto:jeff@qwinzy.com",
                                "text": "jeff@qwinzy.com"
                            },
                            {
                                "type": "text",
                                "text": "\n@Smarthop2020"
                            }
                        ]
                    }
                ]
            }
        ]
    }
]