[
    {
        "client_msg_id": "4c9cfce1-d18f-45b2-a225-a6a4102f976b",
        "type": "message",
        "text": "I'm about to do the above. This is a note to discuss active trucks as a metric (in general not just klipfolio)",
        "user": "UTP4932RW",
        "ts": "1588685743.005000",
        "team": "TTP4V3YS1",
        "user_team": "TTP4V3YS1",
        "source_team": "TTP4V3YS1",
        "user_profile": {
            "avatar_hash": "74e069427e2a",
            "image_72": "https:\/\/avatars.slack-edge.com\/2020-05-19\/1127425449142_74e069427e2aaa40f188_72.jpg",
            "first_name": "Anthony",
            "real_name": "Anthony R. Illobre",
            "display_name": "ARI",
            "team": "TTP4V3YS1",
            "name": "anthony",
            "is_restricted": false,
            "is_ultra_restricted": false
        },
        "blocks": [
            {
                "type": "rich_text",
                "block_id": "Lz0On",
                "elements": [
                    {
                        "type": "rich_text_section",
                        "elements": [
                            {
                                "type": "text",
                                "text": "I'm about to do the above. This is a note to discuss active trucks as a metric (in general not just klipfolio)"
                            }
                        ]
                    }
                ]
            }
        ]
    },
    {
        "client_msg_id": "dd7a575a-ef66-4272-b553-bae38899aff1",
        "type": "message",
        "text": "go into: <http:\/\/app.smarthop.co|app.smarthop.co>\nuser: <mailto:jeff@qwinzy.com|jeff@qwinzy.com>\npasswd: smarthop2020",
        "user": "UTRAESNUW",
        "ts": "1588689090.005300",
        "team": "TTP4V3YS1",
        "user_team": "TTP4V3YS1",
        "source_team": "TTP4V3YS1",
        "user_profile": {
            "avatar_hash": "g8d095fb8b4a",
            "image_72": "https:\/\/secure.gravatar.com\/avatar\/8d095fb8b4ad808e7f2252ed0c896b65.jpg?s=72&d=https%3A%2F%2Fa.slack-edge.com%2Fdf10d%2Fimg%2Favatars%2Fava_0025-72.png",
            "first_name": "Jeff",
            "real_name": "Jeff",
            "display_name": "",
            "team": "TTP4V3YS1",
            "name": "jeff",
            "is_restricted": false,
            "is_ultra_restricted": false
        },
        "blocks": [
            {
                "type": "rich_text",
                "block_id": "aBl",
                "elements": [
                    {
                        "type": "rich_text_section",
                        "elements": [
                            {
                                "type": "text",
                                "text": "go into: "
                            },
                            {
                                "type": "link",
                                "url": "http:\/\/app.smarthop.co",
                                "text": "app.smarthop.co"
                            },
                            {
                                "type": "text",
                                "text": "\nuser: "
                            },
                            {
                                "type": "link",
                                "url": "mailto:jeff@qwinzy.com",
                                "text": "jeff@qwinzy.com"
                            },
                            {
                                "type": "text",
                                "text": "\npasswd: smarthop2020"
                            }
                        ]
                    }
                ]
            }
        ]
    },
    {
        "client_msg_id": "6eb59b76-dee0-4c67-b283-be607bb18904",
        "type": "message",
        "text": "The user is his email address\n\n[10:40 AM] passwd: smarthop2020",
        "user": "UTRAESNUW",
        "ts": "1588689671.005500",
        "team": "TTP4V3YS1",
        "user_team": "TTP4V3YS1",
        "source_team": "TTP4V3YS1",
        "user_profile": {
            "avatar_hash": "g8d095fb8b4a",
            "image_72": "https:\/\/secure.gravatar.com\/avatar\/8d095fb8b4ad808e7f2252ed0c896b65.jpg?s=72&d=https%3A%2F%2Fa.slack-edge.com%2Fdf10d%2Fimg%2Favatars%2Fava_0025-72.png",
            "first_name": "Jeff",
            "real_name": "Jeff",
            "display_name": "",
            "team": "TTP4V3YS1",
            "name": "jeff",
            "is_restricted": false,
            "is_ultra_restricted": false
        },
        "blocks": [
            {
                "type": "rich_text",
                "block_id": "YP9Oo",
                "elements": [
                    {
                        "type": "rich_text_section",
                        "elements": [
                            {
                                "type": "text",
                                "text": "The user is his email address\n\n[10:40 AM] passwd: smarthop2020"
                            }
                        ]
                    }
                ]
            }
        ]
    }
]