[
    {
        "type": "message",
        "text": "",
        "files": [
            {
                "id": "F013EQ77X6X",
                "created": 1589217310,
                "timestamp": 1589217310,
                "name": "loads_to_bill_report_0509.csv",
                "title": "loads_to_bill_report_0509.csv",
                "mimetype": "text\/csv",
                "filetype": "csv",
                "pretty_type": "CSV",
                "user": "UTRAESNUW",
                "editable": true,
                "size": 366234,
                "mode": "snippet",
                "is_external": false,
                "external_type": "",
                "is_public": true,
                "public_url_shared": false,
                "display_as_bot": false,
                "username": "",
                "url_private": "https:\/\/files.slack.com\/files-pri\/TTP4V3YS1-F013EQ77X6X\/loads_to_bill_report_0509.csv?t=xoxe-941165134885-1162655895171-1161068338021-407a1cef78b9833e75f3a32df341ed60",
                "url_private_download": "https:\/\/files.slack.com\/files-pri\/TTP4V3YS1-F013EQ77X6X\/download\/loads_to_bill_report_0509.csv?t=xoxe-941165134885-1162655895171-1161068338021-407a1cef78b9833e75f3a32df341ed60",
                "permalink": "https:\/\/qwinzy.slack.com\/files\/UTRAESNUW\/F013EQ77X6X\/loads_to_bill_report_0509.csv",
                "permalink_public": "https:\/\/slack-files.com\/TTP4V3YS1-F013EQ77X6X-9fc602c58e",
                "edit_link": "https:\/\/qwinzy.slack.com\/files\/UTRAESNUW\/F013EQ77X6X\/loads_to_bill_report_0509.csv\/edit",
                "is_starred": false,
                "has_rich_preview": false
            }
        ],
        "upload": true,
        "user": "UTRAESNUW",
        "display_as_bot": false,
        "ts": "1589217312.001800",
        "client_msg_id": "c291d3f7-1a8d-4242-bc9e-c6fce1181bd3"
    }
]