[
    {
        "client_msg_id": "a353b98c-4658-4140-af15-125fb293d45d",
        "type": "message",
        "text": "<https:\/\/www.icloud.com\/keynote\/0nCFgmFC_g75VtdLyfZZ86Y-w#SmartHop_Board_Meeting_-_March_2020>",
        "user": "UTRAESNUW",
        "ts": "1583168399.000200",
        "team": "TTP4V3YS1",
        "user_team": "TTP4V3YS1",
        "source_team": "TTP4V3YS1",
        "user_profile": {
            "avatar_hash": "g8d095fb8b4a",
            "image_72": "https:\/\/secure.gravatar.com\/avatar\/8d095fb8b4ad808e7f2252ed0c896b65.jpg?s=72&d=https%3A%2F%2Fa.slack-edge.com%2Fdf10d%2Fimg%2Favatars%2Fava_0025-72.png",
            "first_name": "Jeff",
            "real_name": "Jeff",
            "display_name": "",
            "team": "TTP4V3YS1",
            "name": "jeff",
            "is_restricted": false,
            "is_ultra_restricted": false
        },
        "attachments": [
            {
                "service_name": "Keynote",
                "title": "SmartHop Board Meeting - March 2020 v1",
                "title_link": "https:\/\/www.icloud.com\/keynote\/0nCFgmFC_g75VtdLyfZZ86Y-w#SmartHop_Board_Meeting_-_March_2020",
                "text": "Shared by Guillermo Garcia",
                "fallback": "Keynote: SmartHop Board Meeting - March 2020 v1",
                "image_url": "https:\/\/p44-iworkthumbnailws.icloud.com\/iw\/ws\/thumbnail?short_token=0nCFgmFC_g75VtdLyfZZ86Y-w&maxWidth=2048&forceLandscape=true&cropAspectRatioHint=2&socialMetaTagsForApp=keynote",
                "from_url": "https:\/\/www.icloud.com\/keynote\/0nCFgmFC_g75VtdLyfZZ86Y-w#SmartHop_Board_Meeting_-_March_2020",
                "image_width": 444,
                "image_height": 250,
                "image_bytes": 27977,
                "service_icon": "https:\/\/www.icloud.com\/favicon.ico",
                "id": 1,
                "original_url": "https:\/\/www.icloud.com\/keynote\/0nCFgmFC_g75VtdLyfZZ86Y-w#SmartHop_Board_Meeting_-_March_2020"
            }
        ],
        "blocks": [
            {
                "type": "rich_text",
                "block_id": "KI3NY",
                "elements": [
                    {
                        "type": "rich_text_section",
                        "elements": [
                            {
                                "type": "link",
                                "url": "https:\/\/www.icloud.com\/keynote\/0nCFgmFC_g75VtdLyfZZ86Y-w#SmartHop_Board_Meeting_-_March_2020"
                            }
                        ]
                    }
                ]
            }
        ]
    },
    {
        "client_msg_id": "e9fd4fba-8295-4518-9dd2-6f9e69d42c52",
        "type": "message",
        "text": "The summary financials (slide 10) matches the v13 budget file",
        "user": "UTP4932RW",
        "ts": "1583168815.001100",
        "team": "TTP4V3YS1",
        "user_team": "TTP4V3YS1",
        "source_team": "TTP4V3YS1",
        "user_profile": {
            "avatar_hash": "74e069427e2a",
            "image_72": "https:\/\/avatars.slack-edge.com\/2020-05-19\/1127425449142_74e069427e2aaa40f188_72.jpg",
            "first_name": "Anthony",
            "real_name": "Anthony R. Illobre",
            "display_name": "ARI",
            "team": "TTP4V3YS1",
            "name": "anthony",
            "is_restricted": false,
            "is_ultra_restricted": false
        },
        "blocks": [
            {
                "type": "rich_text",
                "block_id": "H1pBk",
                "elements": [
                    {
                        "type": "rich_text_section",
                        "elements": [
                            {
                                "type": "text",
                                "text": "The summary financials (slide 10) matches the v13 budget file"
                            }
                        ]
                    }
                ]
            }
        ],
        "reactions": [
            {
                "name": "+1",
                "users": [
                    "UTRAESNUW"
                ],
                "count": 1
            }
        ]
    }
]