[
    {
        "client_msg_id": "7a005d95-4735-4727-b105-1c6630be69eb",
        "type": "message",
        "text": "FYI I added the 5% MoM improvement for overnight dispatcher. I also added quarterly hires for inside sales in 2021. I got dropped from the meeting after that so I didn't hear if you guys settles on a different salary or hiring other positions.",
        "user": "UTP4932RW",
        "ts": "1588342378.030800",
        "team": "TTP4V3YS1",
        "user_team": "TTP4V3YS1",
        "source_team": "TTP4V3YS1",
        "user_profile": {
            "avatar_hash": "74e069427e2a",
            "image_72": "https:\/\/avatars.slack-edge.com\/2020-05-19\/1127425449142_74e069427e2aaa40f188_72.jpg",
            "first_name": "Anthony",
            "real_name": "Anthony R. Illobre",
            "display_name": "ARI",
            "team": "TTP4V3YS1",
            "name": "anthony",
            "is_restricted": false,
            "is_ultra_restricted": false
        },
        "blocks": [
            {
                "type": "rich_text",
                "block_id": "BEhI9",
                "elements": [
                    {
                        "type": "rich_text_section",
                        "elements": [
                            {
                                "type": "text",
                                "text": "FYI I added the 5% MoM improvement for overnight dispatcher. I also added quarterly hires for inside sales in 2021. I got dropped from the meeting after that so I didn't hear if you guys settles on a different salary or hiring other positions."
                            }
                        ]
                    }
                ]
            }
        ]
    },
    {
        "client_msg_id": "208c1e67-72b5-4e94-b084-c91e4d65461f",
        "type": "message",
        "text": "No problem! One more update was to add a business development every 6 months.",
        "user": "UTRAESNUW",
        "ts": "1588344394.031200",
        "team": "TTP4V3YS1",
        "user_team": "TTP4V3YS1",
        "source_team": "TTP4V3YS1",
        "user_profile": {
            "avatar_hash": "g8d095fb8b4a",
            "image_72": "https:\/\/secure.gravatar.com\/avatar\/8d095fb8b4ad808e7f2252ed0c896b65.jpg?s=72&d=https%3A%2F%2Fa.slack-edge.com%2Fdf10d%2Fimg%2Favatars%2Fava_0025-72.png",
            "first_name": "Jeff",
            "real_name": "Jeff",
            "display_name": "",
            "team": "TTP4V3YS1",
            "name": "jeff",
            "is_restricted": false,
            "is_ultra_restricted": false
        },
        "blocks": [
            {
                "type": "rich_text",
                "block_id": "iQC",
                "elements": [
                    {
                        "type": "rich_text_section",
                        "elements": [
                            {
                                "type": "text",
                                "text": "No problem! One more update was to add a business development every 6 months."
                            }
                        ]
                    }
                ]
            }
        ]
    },
    {
        "client_msg_id": "8df8c8f2-24b0-4260-98bb-7fff323b1269",
        "type": "message",
        "text": "Ok. New BE date is March2022",
        "user": "UTP4932RW",
        "ts": "1588344582.031500",
        "team": "TTP4V3YS1",
        "user_team": "TTP4V3YS1",
        "source_team": "TTP4V3YS1",
        "user_profile": {
            "avatar_hash": "74e069427e2a",
            "image_72": "https:\/\/avatars.slack-edge.com\/2020-05-19\/1127425449142_74e069427e2aaa40f188_72.jpg",
            "first_name": "Anthony",
            "real_name": "Anthony R. Illobre",
            "display_name": "ARI",
            "team": "TTP4V3YS1",
            "name": "anthony",
            "is_restricted": false,
            "is_ultra_restricted": false
        },
        "blocks": [
            {
                "type": "rich_text",
                "block_id": "c\/8",
                "elements": [
                    {
                        "type": "rich_text_section",
                        "elements": [
                            {
                                "type": "text",
                                "text": "Ok. New BE date is March2022"
                            }
                        ]
                    }
                ]
            }
        ]
    }
]