[
    {
        "client_msg_id": "cef390e4-5763-4769-b210-2210d14e3afa",
        "type": "message",
        "text": "<@UTP4932RW> A few BI addtional queries-\n• Breakdown of loads booked by broker\n• Need to look at individual owner operators and see how they behave vs larger trucking companies (ERT) on the platform",
        "user": "UTRAESNUW",
        "ts": "1588621437.001500",
        "team": "TTP4V3YS1",
        "user_team": "TTP4V3YS1",
        "source_team": "TTP4V3YS1",
        "user_profile": {
            "avatar_hash": "g8d095fb8b4a",
            "image_72": "https:\/\/secure.gravatar.com\/avatar\/8d095fb8b4ad808e7f2252ed0c896b65.jpg?s=72&d=https%3A%2F%2Fa.slack-edge.com%2Fdf10d%2Fimg%2Favatars%2Fava_0025-72.png",
            "first_name": "Jeff",
            "real_name": "Jeff",
            "display_name": "",
            "team": "TTP4V3YS1",
            "name": "jeff",
            "is_restricted": false,
            "is_ultra_restricted": false
        },
        "blocks": [
            {
                "type": "rich_text",
                "block_id": "6nn=",
                "elements": [
                    {
                        "type": "rich_text_section",
                        "elements": [
                            {
                                "type": "user",
                                "user_id": "UTP4932RW"
                            },
                            {
                                "type": "text",
                                "text": " A few BI addtional queries-\n"
                            }
                        ]
                    },
                    {
                        "type": "rich_text_list",
                        "elements": [
                            {
                                "type": "rich_text_section",
                                "elements": [
                                    {
                                        "type": "text",
                                        "text": "Breakdown of loads booked by broker"
                                    }
                                ]
                            },
                            {
                                "type": "rich_text_section",
                                "elements": [
                                    {
                                        "type": "text",
                                        "text": "Need to look at individual owner operators and see how they behave vs larger trucking companies (ERT) on the platform"
                                    }
                                ]
                            }
                        ],
                        "style": "bullet",
                        "indent": 0
                    }
                ]
            }
        ]
    },
    {
        "client_msg_id": "29497cda-b793-4316-9af8-e4bb37689979",
        "type": "message",
        "text": "Tomorrow (Tuesday) Can you pull together the listing of all employees who SH has and plans to hire through 2020? Just looking for the position, start date, salary for anyone that will be on the payroll as of 12\/31\/2020",
        "user": "UTRAESNUW",
        "ts": "1588639604.002600",
        "team": "TTP4V3YS1",
        "user_team": "TTP4V3YS1",
        "source_team": "TTP4V3YS1",
        "user_profile": {
            "avatar_hash": "g8d095fb8b4a",
            "image_72": "https:\/\/secure.gravatar.com\/avatar\/8d095fb8b4ad808e7f2252ed0c896b65.jpg?s=72&d=https%3A%2F%2Fa.slack-edge.com%2Fdf10d%2Fimg%2Favatars%2Fava_0025-72.png",
            "first_name": "Jeff",
            "real_name": "Jeff",
            "display_name": "",
            "team": "TTP4V3YS1",
            "name": "jeff",
            "is_restricted": false,
            "is_ultra_restricted": false
        },
        "blocks": [
            {
                "type": "rich_text",
                "block_id": "l4y",
                "elements": [
                    {
                        "type": "rich_text_section",
                        "elements": [
                            {
                                "type": "text",
                                "text": "Tomorrow (Tuesday) Can you pull together the listing of all employees who SH has and plans to hire through 2020? Just looking for the position, start date, salary for anyone that will be on the payroll as of 12\/31\/2020"
                            }
                        ]
                    }
                ]
            }
        ]
    },
    {
        "client_msg_id": "2d596eb9-7cf2-441a-9980-dfef15b69fb8",
        "type": "message",
        "text": "Trying to help them understand allocating the stock options for their employees- how to allocate the stock by employee and should we differentiate by level (manager, exec, staff, etc).",
        "user": "UTRAESNUW",
        "ts": "1588639660.003800",
        "team": "TTP4V3YS1",
        "user_team": "TTP4V3YS1",
        "source_team": "TTP4V3YS1",
        "user_profile": {
            "avatar_hash": "g8d095fb8b4a",
            "image_72": "https:\/\/secure.gravatar.com\/avatar\/8d095fb8b4ad808e7f2252ed0c896b65.jpg?s=72&d=https%3A%2F%2Fa.slack-edge.com%2Fdf10d%2Fimg%2Favatars%2Fava_0025-72.png",
            "first_name": "Jeff",
            "real_name": "Jeff",
            "display_name": "",
            "team": "TTP4V3YS1",
            "name": "jeff",
            "is_restricted": false,
            "is_ultra_restricted": false
        },
        "blocks": [
            {
                "type": "rich_text",
                "block_id": "Zop",
                "elements": [
                    {
                        "type": "rich_text_section",
                        "elements": [
                            {
                                "type": "text",
                                "text": "Trying to help them understand allocating the stock options for their employees- how to allocate the stock by employee and should we differentiate by level (manager, exec, staff, etc)."
                            }
                        ]
                    }
                ]
            }
        ]
    }
]