[
    {
        "client_msg_id": "79478515-2d0b-446a-9cc6-d54144389507",
        "type": "message",
        "text": "<@UTP4932RW> Jeff, here’s my update of the model. I made the following changes:\n1. Change the number of new trucks per month up to Q1 2021\n2. Divided the acquisition spend into: a) agency retainer, b) Ad spend, and c) agency Ad fee\n3. Highlighted the Total Marketing Costs to understand the impact _(just for the visual)_\n",
        "user": "UTRAESNUW",
        "ts": "1581963475.000200",
        "team": "TTP4V3YS1",
        "user_team": "TTP4V3YS1",
        "source_team": "TTP4V3YS1",
        "user_profile": {
            "avatar_hash": "g8d095fb8b4a",
            "image_72": "https:\/\/secure.gravatar.com\/avatar\/8d095fb8b4ad808e7f2252ed0c896b65.jpg?s=72&d=https%3A%2F%2Fa.slack-edge.com%2Fdf10d%2Fimg%2Favatars%2Fava_0025-72.png",
            "first_name": "Jeff",
            "real_name": "Jeff",
            "display_name": "",
            "team": "TTP4V3YS1",
            "name": "jeff",
            "is_restricted": false,
            "is_ultra_restricted": false
        },
        "blocks": [
            {
                "type": "rich_text",
                "block_id": "p9lb",
                "elements": [
                    {
                        "type": "rich_text_section",
                        "elements": [
                            {
                                "type": "user",
                                "user_id": "UTP4932RW"
                            },
                            {
                                "type": "text",
                                "text": " Jeff, here’s my update of the model. I made the following changes:\n"
                            }
                        ]
                    },
                    {
                        "type": "rich_text_list",
                        "elements": [
                            {
                                "type": "rich_text_section",
                                "elements": [
                                    {
                                        "type": "text",
                                        "text": "Change the number of new trucks per month up to Q1 2021"
                                    }
                                ]
                            },
                            {
                                "type": "rich_text_section",
                                "elements": [
                                    {
                                        "type": "text",
                                        "text": "Divided the acquisition spend into: a) agency retainer, b) Ad spend, and c) agency Ad fee"
                                    }
                                ]
                            },
                            {
                                "type": "rich_text_section",
                                "elements": [
                                    {
                                        "type": "text",
                                        "text": "Highlighted the Total Marketing Costs to understand the impact "
                                    },
                                    {
                                        "type": "text",
                                        "text": "(just for the visual)",
                                        "style": {
                                            "italic": true
                                        }
                                    }
                                ]
                            }
                        ],
                        "style": "ordered",
                        "indent": 0
                    },
                    {
                        "type": "rich_text_section",
                        "elements": []
                    }
                ]
            }
        ]
    },
    {
        "client_msg_id": "c2159fc9-9181-44cd-b2f9-558189a42bb4",
        "type": "message",
        "text": "From Joaquin",
        "user": "UTRAESNUW",
        "ts": "1581963478.000400",
        "team": "TTP4V3YS1",
        "user_team": "TTP4V3YS1",
        "source_team": "TTP4V3YS1",
        "user_profile": {
            "avatar_hash": "g8d095fb8b4a",
            "image_72": "https:\/\/secure.gravatar.com\/avatar\/8d095fb8b4ad808e7f2252ed0c896b65.jpg?s=72&d=https%3A%2F%2Fa.slack-edge.com%2Fdf10d%2Fimg%2Favatars%2Fava_0025-72.png",
            "first_name": "Jeff",
            "real_name": "Jeff",
            "display_name": "",
            "team": "TTP4V3YS1",
            "name": "jeff",
            "is_restricted": false,
            "is_ultra_restricted": false
        },
        "blocks": [
            {
                "type": "rich_text",
                "block_id": "AL63",
                "elements": [
                    {
                        "type": "rich_text_section",
                        "elements": [
                            {
                                "type": "text",
                                "text": "From Joaquin"
                            }
                        ]
                    }
                ]
            }
        ]
    },
    {
        "type": "message",
        "text": "<@UTP4932RW> New model with operations payroll",
        "files": [
            {
                "id": "FTTV6HC7K",
                "created": 1581966589,
                "timestamp": 1581966589,
                "name": "SmartHop Financial Model vFinal2 (1).xlsx",
                "title": "SmartHop Financial Model vFinal2 (1).xlsx",
                "mimetype": "application\/vnd.openxmlformats-officedocument.spreadsheetml.sheet",
                "filetype": "xlsx",
                "pretty_type": "Excel Spreadsheet",
                "user": "UTRAESNUW",
                "editable": false,
                "size": 155526,
                "mode": "hosted",
                "is_external": false,
                "external_type": "",
                "is_public": true,
                "public_url_shared": false,
                "display_as_bot": false,
                "username": "",
                "url_private": "https:\/\/files.slack.com\/files-pri\/TTP4V3YS1-FTTV6HC7K\/smarthop_financial_model_vfinal2__1_.xlsx?t=xoxe-941165134885-1162655895171-1161068338021-407a1cef78b9833e75f3a32df341ed60",
                "url_private_download": "https:\/\/files.slack.com\/files-pri\/TTP4V3YS1-FTTV6HC7K\/download\/smarthop_financial_model_vfinal2__1_.xlsx?t=xoxe-941165134885-1162655895171-1161068338021-407a1cef78b9833e75f3a32df341ed60",
                "converted_pdf": "https:\/\/files.slack.com\/files-tmb\/TTP4V3YS1-FTTV6HC7K-ca6f108a8c\/smarthop_financial_model_vfinal2__1__converted.pdf?t=xoxe-941165134885-1162655895171-1161068338021-407a1cef78b9833e75f3a32df341ed60",
                "thumb_pdf": "https:\/\/files.slack.com\/files-tmb\/TTP4V3YS1-FTTV6HC7K-ca6f108a8c\/smarthop_financial_model_vfinal2__1__thumb_pdf.png?t=xoxe-941165134885-1162655895171-1161068338021-407a1cef78b9833e75f3a32df341ed60",
                "thumb_pdf_w": 1210,
                "thumb_pdf_h": 935,
                "permalink": "https:\/\/qwinzy.slack.com\/files\/UTRAESNUW\/FTTV6HC7K\/smarthop_financial_model_vfinal2__1_.xlsx",
                "permalink_public": "https:\/\/slack-files.com\/TTP4V3YS1-FTTV6HC7K-be4333fe91",
                "is_starred": false,
                "has_rich_preview": false
            }
        ],
        "upload": true,
        "blocks": [
            {
                "type": "rich_text",
                "block_id": "Pyi",
                "elements": [
                    {
                        "type": "rich_text_section",
                        "elements": [
                            {
                                "type": "user",
                                "user_id": "UTP4932RW"
                            },
                            {
                                "type": "text",
                                "text": " New model with operations payroll"
                            }
                        ]
                    }
                ]
            }
        ],
        "user": "UTRAESNUW",
        "display_as_bot": false,
        "ts": "1581966591.000500",
        "client_msg_id": "4fe6df06-cedd-4f11-b23f-48cc30f8dfa7"
    }
]