[
    {
        "client_msg_id": "8f7ab3d9-0dc8-48c4-939d-0c0e3ff2a77e",
        "type": "message",
        "text": "<@UTP4932RW> just met with manny on the operations payroll. I updated for the positions and salaries. It looks like there are some formula issues in the summary for total ops salaries and count. Can you take a look at the V5 file I just saved (in Smarthop-&gt;Finance-&gt;Model-&gt;Budget) and update the highlighted summary sections on the payroll tab (row 106-109) to make sure we are counting correctly? Also, take a look at the other summary rows to make sure everything is calculating correctly now please. For reference, we should have 8 total Ops employees in February.",
        "user": "UTRAESNUW",
        "ts": "1582643968.002200",
        "team": "TTP4V3YS1",
        "user_team": "TTP4V3YS1",
        "source_team": "TTP4V3YS1",
        "user_profile": {
            "avatar_hash": "g8d095fb8b4a",
            "image_72": "https:\/\/secure.gravatar.com\/avatar\/8d095fb8b4ad808e7f2252ed0c896b65.jpg?s=72&d=https%3A%2F%2Fa.slack-edge.com%2Fdf10d%2Fimg%2Favatars%2Fava_0025-72.png",
            "first_name": "Jeff",
            "real_name": "Jeff",
            "display_name": "",
            "team": "TTP4V3YS1",
            "name": "jeff",
            "is_restricted": false,
            "is_ultra_restricted": false
        },
        "blocks": [
            {
                "type": "rich_text",
                "block_id": "CEXM",
                "elements": [
                    {
                        "type": "rich_text_section",
                        "elements": [
                            {
                                "type": "user",
                                "user_id": "UTP4932RW"
                            },
                            {
                                "type": "text",
                                "text": " just met with manny on the operations payroll. I updated for the positions and salaries. It looks like there are some formula issues in the summary for total ops salaries and count. Can you take a look at the V5 file I just saved (in Smarthop->Finance->Model->Budget) and update the highlighted summary sections on the payroll tab (row 106-109) to make sure we are counting correctly? Also, take a look at the other summary rows to make sure everything is calculating correctly now please. For reference, we should have 8 total Ops employees in February."
                            }
                        ]
                    }
                ]
            }
        ]
    },
    {
        "client_msg_id": "de8b3c9f-98a7-459c-89ae-e90a99464705",
        "type": "message",
        "text": "On it",
        "user": "UTP4932RW",
        "ts": "1582643995.002400",
        "team": "TTP4V3YS1",
        "user_team": "TTP4V3YS1",
        "source_team": "TTP4V3YS1",
        "user_profile": {
            "avatar_hash": "74e069427e2a",
            "image_72": "https:\/\/avatars.slack-edge.com\/2020-05-19\/1127425449142_74e069427e2aaa40f188_72.jpg",
            "first_name": "Anthony",
            "real_name": "Anthony R. Illobre",
            "display_name": "ARI",
            "team": "TTP4V3YS1",
            "name": "anthony",
            "is_restricted": false,
            "is_ultra_restricted": false
        },
        "blocks": [
            {
                "type": "rich_text",
                "block_id": "ypP",
                "elements": [
                    {
                        "type": "rich_text_section",
                        "elements": [
                            {
                                "type": "text",
                                "text": "On it"
                            }
                        ]
                    }
                ]
            }
        ]
    },
    {
        "client_msg_id": "37a1d05e-6818-48c3-b2de-27ca008138ef",
        "type": "message",
        "text": "Thanks. Please save as v6",
        "user": "UTRAESNUW",
        "ts": "1582644255.002800",
        "team": "TTP4V3YS1",
        "user_team": "TTP4V3YS1",
        "source_team": "TTP4V3YS1",
        "user_profile": {
            "avatar_hash": "g8d095fb8b4a",
            "image_72": "https:\/\/secure.gravatar.com\/avatar\/8d095fb8b4ad808e7f2252ed0c896b65.jpg?s=72&d=https%3A%2F%2Fa.slack-edge.com%2Fdf10d%2Fimg%2Favatars%2Fava_0025-72.png",
            "first_name": "Jeff",
            "real_name": "Jeff",
            "display_name": "",
            "team": "TTP4V3YS1",
            "name": "jeff",
            "is_restricted": false,
            "is_ultra_restricted": false
        },
        "blocks": [
            {
                "type": "rich_text",
                "block_id": "hdtSs",
                "elements": [
                    {
                        "type": "rich_text_section",
                        "elements": [
                            {
                                "type": "text",
                                "text": "Thanks. Please save as v6"
                            }
                        ]
                    }
                ]
            }
        ]
    },
    {
        "client_msg_id": "90e00807-1475-454f-97b9-9f41eb79d25c",
        "type": "message",
        "text": "All set.",
        "user": "UTP4932RW",
        "ts": "1582645268.003000",
        "team": "TTP4V3YS1",
        "user_team": "TTP4V3YS1",
        "source_team": "TTP4V3YS1",
        "user_profile": {
            "avatar_hash": "74e069427e2a",
            "image_72": "https:\/\/avatars.slack-edge.com\/2020-05-19\/1127425449142_74e069427e2aaa40f188_72.jpg",
            "first_name": "Anthony",
            "real_name": "Anthony R. Illobre",
            "display_name": "ARI",
            "team": "TTP4V3YS1",
            "name": "anthony",
            "is_restricted": false,
            "is_ultra_restricted": false
        },
        "blocks": [
            {
                "type": "rich_text",
                "block_id": "ACt",
                "elements": [
                    {
                        "type": "rich_text_section",
                        "elements": [
                            {
                                "type": "text",
                                "text": "All set."
                            }
                        ]
                    }
                ]
            }
        ]
    },
    {
        "client_msg_id": "8e97da33-9490-4002-9b40-aabf40563a8b",
        "type": "message",
        "text": "Thanks",
        "user": "UTRAESNUW",
        "ts": "1582647264.003200",
        "team": "TTP4V3YS1",
        "user_team": "TTP4V3YS1",
        "source_team": "TTP4V3YS1",
        "user_profile": {
            "avatar_hash": "g8d095fb8b4a",
            "image_72": "https:\/\/secure.gravatar.com\/avatar\/8d095fb8b4ad808e7f2252ed0c896b65.jpg?s=72&d=https%3A%2F%2Fa.slack-edge.com%2Fdf10d%2Fimg%2Favatars%2Fava_0025-72.png",
            "first_name": "Jeff",
            "real_name": "Jeff",
            "display_name": "",
            "team": "TTP4V3YS1",
            "name": "jeff",
            "is_restricted": false,
            "is_ultra_restricted": false
        },
        "blocks": [
            {
                "type": "rich_text",
                "block_id": "6n7",
                "elements": [
                    {
                        "type": "rich_text_section",
                        "elements": [
                            {
                                "type": "text",
                                "text": "Thanks"
                            }
                        ]
                    }
                ]
            }
        ]
    }
]