[
    {
        "client_msg_id": "64668b53-0089-4214-8b2a-e02ec9df068d",
        "type": "message",
        "text": "<@UTP4932RW> Move exec T&amp;E to Admin G&amp;A",
        "user": "UTP4932RW",
        "ts": "1582904540.000500",
        "team": "TTP4V3YS1",
        "user_team": "TTP4V3YS1",
        "source_team": "TTP4V3YS1",
        "user_profile": {
            "avatar_hash": "74e069427e2a",
            "image_72": "https:\/\/avatars.slack-edge.com\/2020-05-19\/1127425449142_74e069427e2aaa40f188_72.jpg",
            "first_name": "Anthony",
            "real_name": "Anthony R. Illobre",
            "display_name": "ARI",
            "team": "TTP4V3YS1",
            "name": "anthony",
            "is_restricted": false,
            "is_ultra_restricted": false
        },
        "blocks": [
            {
                "type": "rich_text",
                "block_id": "CI07",
                "elements": [
                    {
                        "type": "rich_text_section",
                        "elements": [
                            {
                                "type": "user",
                                "user_id": "UTP4932RW"
                            },
                            {
                                "type": "text",
                                "text": " Move exec T&E to Admin G&A"
                            }
                        ]
                    }
                ]
            }
        ]
    }
]