[
    {
        "client_msg_id": "9984b989-0201-4147-a306-c7b6f724c4e6",
        "type": "message",
        "text": "<@UTP4932RW> Salaries for Smarthop positions\nHigh Tier Dispatcher FL 44,000.00 + bonus\nLower Tier Dispatcher FL 40,000.00\nNight\/Weekend After Hours Overseas 12,000.00\n\nthese are yearly per person",
        "user": "UTRAESNUW",
        "ts": "1582207696.000400",
        "team": "TTP4V3YS1",
        "user_team": "TTP4V3YS1",
        "source_team": "TTP4V3YS1",
        "user_profile": {
            "avatar_hash": "g8d095fb8b4a",
            "image_72": "https:\/\/secure.gravatar.com\/avatar\/8d095fb8b4ad808e7f2252ed0c896b65.jpg?s=72&d=https%3A%2F%2Fa.slack-edge.com%2Fdf10d%2Fimg%2Favatars%2Fava_0025-72.png",
            "first_name": "Jeff",
            "real_name": "Jeff",
            "display_name": "",
            "team": "TTP4V3YS1",
            "name": "jeff",
            "is_restricted": false,
            "is_ultra_restricted": false
        },
        "blocks": [
            {
                "type": "rich_text",
                "block_id": "1jCTI",
                "elements": [
                    {
                        "type": "rich_text_section",
                        "elements": [
                            {
                                "type": "user",
                                "user_id": "UTP4932RW"
                            },
                            {
                                "type": "text",
                                "text": " Salaries for Smarthop positions\nHigh Tier Dispatcher FL 44,000.00 + bonus\nLower Tier Dispatcher FL 40,000.00\nNight\/Weekend After Hours Overseas 12,000.00\n\nthese are yearly per person"
                            }
                        ]
                    }
                ]
            }
        ]
    },
    {
        "client_msg_id": "f3afdc58-8ddd-4dec-ad24-0fe4ce4cccd9",
        "type": "message",
        "text": "*High Tier Dispatcher (tech) FL 44,000.00* + Bonus\n*Lower Tier Dispatcher FL 34,500.00*\n*Night\/Weekend After HoursOverseas 12,000.00*",
        "user": "UTRAESNUW",
        "ts": "1582210457.000600",
        "team": "TTP4V3YS1",
        "user_team": "TTP4V3YS1",
        "source_team": "TTP4V3YS1",
        "user_profile": {
            "avatar_hash": "g8d095fb8b4a",
            "image_72": "https:\/\/secure.gravatar.com\/avatar\/8d095fb8b4ad808e7f2252ed0c896b65.jpg?s=72&d=https%3A%2F%2Fa.slack-edge.com%2Fdf10d%2Fimg%2Favatars%2Fava_0025-72.png",
            "first_name": "Jeff",
            "real_name": "Jeff",
            "display_name": "",
            "team": "TTP4V3YS1",
            "name": "jeff",
            "is_restricted": false,
            "is_ultra_restricted": false
        },
        "blocks": [
            {
                "type": "rich_text",
                "block_id": "zQl",
                "elements": [
                    {
                        "type": "rich_text_section",
                        "elements": [
                            {
                                "type": "text",
                                "text": "High Tier Dispatcher (tech) FL 44,000.00",
                                "style": {
                                    "bold": true
                                }
                            },
                            {
                                "type": "text",
                                "text": " + Bonus\n"
                            },
                            {
                                "type": "text",
                                "text": "Lower Tier Dispatcher FL 34,500.00",
                                "style": {
                                    "bold": true
                                }
                            },
                            {
                                "type": "text",
                                "text": "\n"
                            },
                            {
                                "type": "text",
                                "text": "Night\/Weekend After HoursOverseas 12,000.00",
                                "style": {
                                    "bold": true
                                }
                            }
                        ]
                    }
                ]
            }
        ]
    }
]