[
    {
        "client_msg_id": "db8d98b2-5217-4022-bcd9-056b84ef7dc4",
        "type": "message",
        "text": "<@UTP4932RW> Morning! A couple quick notes on v18.\n1. For April, we should project the ENDING Cash balance at 2.9mm (currently has it as beginning). \n2. Also, for 2021 and beyond revenue- let's go back to month over month growth targets and functionality similar to what was in v11 (original scale model)\n3. Can we try to tie out the Jan - March P&amp;L activity again? They look a bit different than what I have as final from Larry (let me kow if you want me to resend)",
        "user": "UTRAESNUW",
        "ts": "1588082743.012800",
        "team": "TTP4V3YS1",
        "user_team": "TTP4V3YS1",
        "source_team": "TTP4V3YS1",
        "user_profile": {
            "avatar_hash": "g8d095fb8b4a",
            "image_72": "https:\/\/secure.gravatar.com\/avatar\/8d095fb8b4ad808e7f2252ed0c896b65.jpg?s=72&d=https%3A%2F%2Fa.slack-edge.com%2Fdf10d%2Fimg%2Favatars%2Fava_0025-72.png",
            "first_name": "Jeff",
            "real_name": "Jeff",
            "display_name": "",
            "team": "TTP4V3YS1",
            "name": "jeff",
            "is_restricted": false,
            "is_ultra_restricted": false
        },
        "blocks": [
            {
                "type": "rich_text",
                "block_id": "YbsX",
                "elements": [
                    {
                        "type": "rich_text_section",
                        "elements": [
                            {
                                "type": "user",
                                "user_id": "UTP4932RW"
                            },
                            {
                                "type": "text",
                                "text": " Morning! A couple quick notes on v18.\n"
                            }
                        ]
                    },
                    {
                        "type": "rich_text_list",
                        "elements": [
                            {
                                "type": "rich_text_section",
                                "elements": [
                                    {
                                        "type": "text",
                                        "text": "For April, we should project the ENDING Cash balance at 2.9mm (currently has it as beginning). "
                                    }
                                ]
                            },
                            {
                                "type": "rich_text_section",
                                "elements": [
                                    {
                                        "type": "text",
                                        "text": "Also, for 2021 and beyond revenue- let's go back to month over month growth targets and functionality similar to what was in v11 (original scale model)"
                                    }
                                ]
                            },
                            {
                                "type": "rich_text_section",
                                "elements": [
                                    {
                                        "type": "text",
                                        "text": "Can we try to tie out the Jan - March P&L activity again? They look a bit different than what I have as final from Larry (let me kow if you want me to resend)"
                                    }
                                ]
                            }
                        ],
                        "style": "ordered",
                        "indent": 0
                    }
                ]
            }
        ]
    },
    {
        "client_msg_id": "04356298-8e98-44d6-a118-3bbf62a2b514",
        "type": "message",
        "text": "Hey Jeff I'm free to chat if you'd like",
        "user": "UTP4932RW",
        "ts": "1588082936.013400",
        "team": "TTP4V3YS1",
        "user_team": "TTP4V3YS1",
        "source_team": "TTP4V3YS1",
        "user_profile": {
            "avatar_hash": "74e069427e2a",
            "image_72": "https:\/\/avatars.slack-edge.com\/2020-05-19\/1127425449142_74e069427e2aaa40f188_72.jpg",
            "first_name": "Anthony",
            "real_name": "Anthony R. Illobre",
            "display_name": "ARI",
            "team": "TTP4V3YS1",
            "name": "anthony",
            "is_restricted": false,
            "is_ultra_restricted": false
        },
        "blocks": [
            {
                "type": "rich_text",
                "block_id": "yxE",
                "elements": [
                    {
                        "type": "rich_text_section",
                        "elements": [
                            {
                                "type": "text",
                                "text": "Hey Jeff I'm free to chat if you'd like"
                            }
                        ]
                    }
                ]
            }
        ]
    },
    {
        "client_msg_id": "45de012e-3fc3-4f6f-85dd-51fe4624a0b6",
        "type": "message",
        "text": "OK cool",
        "user": "UTRAESNUW",
        "ts": "1588083227.013600",
        "team": "TTP4V3YS1",
        "user_team": "TTP4V3YS1",
        "source_team": "TTP4V3YS1",
        "user_profile": {
            "avatar_hash": "g8d095fb8b4a",
            "image_72": "https:\/\/secure.gravatar.com\/avatar\/8d095fb8b4ad808e7f2252ed0c896b65.jpg?s=72&d=https%3A%2F%2Fa.slack-edge.com%2Fdf10d%2Fimg%2Favatars%2Fava_0025-72.png",
            "first_name": "Jeff",
            "real_name": "Jeff",
            "display_name": "",
            "team": "TTP4V3YS1",
            "name": "jeff",
            "is_restricted": false,
            "is_ultra_restricted": false
        },
        "blocks": [
            {
                "type": "rich_text",
                "block_id": "sfk1r",
                "elements": [
                    {
                        "type": "rich_text_section",
                        "elements": [
                            {
                                "type": "text",
                                "text": "OK cool"
                            }
                        ]
                    }
                ]
            }
        ]
    },
    {
        "client_msg_id": "233b7694-1c97-46e6-ba3b-b1d09260b57d",
        "type": "message",
        "text": "To join the video meeting, click this link: <https:\/\/meet.google.com\/tfz-mvvg-nqf>\nOtherwise, to join by phone, dial <tel:+14422428731|+1 442-242-8731> and enter this PIN: 796 570 652#\nTo view more phone numbers, click this link: <https:\/\/tel.meet\/tfz-mvvg-nqf?hs=5>",
        "user": "UTRAESNUW",
        "ts": "1588083255.013900",
        "team": "TTP4V3YS1",
        "user_team": "TTP4V3YS1",
        "source_team": "TTP4V3YS1",
        "user_profile": {
            "avatar_hash": "g8d095fb8b4a",
            "image_72": "https:\/\/secure.gravatar.com\/avatar\/8d095fb8b4ad808e7f2252ed0c896b65.jpg?s=72&d=https%3A%2F%2Fa.slack-edge.com%2Fdf10d%2Fimg%2Favatars%2Fava_0025-72.png",
            "first_name": "Jeff",
            "real_name": "Jeff",
            "display_name": "",
            "team": "TTP4V3YS1",
            "name": "jeff",
            "is_restricted": false,
            "is_ultra_restricted": false
        },
        "attachments": [
            {
                "title": "Meet",
                "title_link": "https:\/\/meet.google.com\/tfz-mvvg-nqf",
                "text": "Real-time meetings by Google. Using your browser, share your video, desktop, and presentations with teammates and customers.",
                "fallback": "Meet",
                "thumb_url": "https:\/\/www.gstatic.com\/images\/branding\/product\/2x\/meet_96dp.png",
                "from_url": "https:\/\/meet.google.com\/tfz-mvvg-nqf",
                "thumb_width": 192,
                "thumb_height": 192,
                "service_icon": "http:\/\/www.gstatic.com\/images\/branding\/product\/1x\/meet_16dp.png",
                "service_name": "meet.google.com",
                "id": 1,
                "original_url": "https:\/\/meet.google.com\/tfz-mvvg-nqf"
            },
            {
                "title": "Meet",
                "title_link": "https:\/\/tel.meet\/tfz-mvvg-nqf?hs=5",
                "text": "Real-time meetings by Google. Using your browser, share your video, desktop, and presentations with teammates and customers.",
                "fallback": "Meet",
                "thumb_url": "https:\/\/www.gstatic.com\/images\/branding\/product\/2x\/meet_96dp.png",
                "from_url": "https:\/\/tel.meet\/tfz-mvvg-nqf?hs=5",
                "thumb_width": 192,
                "thumb_height": 192,
                "service_icon": "http:\/\/www.gstatic.com\/images\/branding\/product\/1x\/meet_16dp.png",
                "service_name": "meet.google.com",
                "id": 2,
                "original_url": "https:\/\/tel.meet\/tfz-mvvg-nqf?hs=5"
            }
        ],
        "blocks": [
            {
                "type": "rich_text",
                "block_id": "OzcC",
                "elements": [
                    {
                        "type": "rich_text_section",
                        "elements": [
                            {
                                "type": "text",
                                "text": "To join the video meeting, click this link: "
                            },
                            {
                                "type": "link",
                                "url": "https:\/\/meet.google.com\/tfz-mvvg-nqf"
                            },
                            {
                                "type": "text",
                                "text": "\nOtherwise, to join by phone, dial "
                            },
                            {
                                "type": "link",
                                "url": "tel:+14422428731",
                                "text": "+1 442-242-8731"
                            },
                            {
                                "type": "text",
                                "text": " and enter this PIN: 796 570 652#\nTo view more phone numbers, click this link: "
                            },
                            {
                                "type": "link",
                                "url": "https:\/\/tel.meet\/tfz-mvvg-nqf?hs=5"
                            }
                        ]
                    }
                ]
            }
        ]
    },
    {
        "client_msg_id": "6b74ef68-035b-44b4-9a10-b9956a6366c9",
        "type": "message",
        "text": "One more item for revenue update. February 2021 all trucks will be at 3% of load amount",
        "user": "UTRAESNUW",
        "ts": "1588087289.014700",
        "team": "TTP4V3YS1",
        "user_team": "TTP4V3YS1",
        "source_team": "TTP4V3YS1",
        "user_profile": {
            "avatar_hash": "g8d095fb8b4a",
            "image_72": "https:\/\/secure.gravatar.com\/avatar\/8d095fb8b4ad808e7f2252ed0c896b65.jpg?s=72&d=https%3A%2F%2Fa.slack-edge.com%2Fdf10d%2Fimg%2Favatars%2Fava_0025-72.png",
            "first_name": "Jeff",
            "real_name": "Jeff",
            "display_name": "",
            "team": "TTP4V3YS1",
            "name": "jeff",
            "is_restricted": false,
            "is_ultra_restricted": false
        },
        "blocks": [
            {
                "type": "rich_text",
                "block_id": "SWy",
                "elements": [
                    {
                        "type": "rich_text_section",
                        "elements": [
                            {
                                "type": "text",
                                "text": "One more item for revenue update. February 2021 all trucks will be at 3% of load amount"
                            }
                        ]
                    }
                ]
            }
        ]
    },
    {
        "client_msg_id": "784e5ecd-7427-46c1-98ab-21c071d865a3",
        "type": "message",
        "text": "I think I figured out what is causing the January 2021 negative trucks. Because we have the \"Startup Trucks\" going from 1.5% fees to 3.0% we need less total trucks to get the same revenue. So will have to make an assumption for January 2021, but the rest of the formulas should work.",
        "user": "UTRAESNUW",
        "ts": "1588087796.015900",
        "team": "TTP4V3YS1",
        "user_team": "TTP4V3YS1",
        "source_team": "TTP4V3YS1",
        "user_profile": {
            "avatar_hash": "g8d095fb8b4a",
            "image_72": "https:\/\/secure.gravatar.com\/avatar\/8d095fb8b4ad808e7f2252ed0c896b65.jpg?s=72&d=https%3A%2F%2Fa.slack-edge.com%2Fdf10d%2Fimg%2Favatars%2Fava_0025-72.png",
            "first_name": "Jeff",
            "real_name": "Jeff",
            "display_name": "",
            "team": "TTP4V3YS1",
            "name": "jeff",
            "is_restricted": false,
            "is_ultra_restricted": false
        },
        "blocks": [
            {
                "type": "rich_text",
                "block_id": "ir\/",
                "elements": [
                    {
                        "type": "rich_text_section",
                        "elements": [
                            {
                                "type": "text",
                                "text": "I think I figured out what is causing the January 2021 negative trucks. Because we have the \"Startup Trucks\" going from 1.5% fees to 3.0% we need less total trucks to get the same revenue. So will have to make an assumption for January 2021, but the rest of the formulas should work."
                            }
                        ]
                    }
                ]
            }
        ]
    }
]