[
    {
        "client_msg_id": "24ec17eb-c1b1-4d0a-819d-76b205325768",
        "type": "message",
        "text": "<@UTP4932RW>  Guillermo made a couple adjustments to the SmartHop model\/budget. New trucks count and also load value per truck",
        "user": "UTRAESNUW",
        "ts": "1582826873.001000",
        "team": "TTP4V3YS1",
        "user_team": "TTP4V3YS1",
        "source_team": "TTP4V3YS1",
        "user_profile": {
            "avatar_hash": "g8d095fb8b4a",
            "image_72": "https:\/\/secure.gravatar.com\/avatar\/8d095fb8b4ad808e7f2252ed0c896b65.jpg?s=72&d=https%3A%2F%2Fa.slack-edge.com%2Fdf10d%2Fimg%2Favatars%2Fava_0025-72.png",
            "first_name": "Jeff",
            "real_name": "Jeff",
            "display_name": "",
            "team": "TTP4V3YS1",
            "name": "jeff",
            "is_restricted": false,
            "is_ultra_restricted": false
        },
        "blocks": [
            {
                "type": "rich_text",
                "block_id": "\/bQd",
                "elements": [
                    {
                        "type": "rich_text_section",
                        "elements": [
                            {
                                "type": "user",
                                "user_id": "UTP4932RW"
                            },
                            {
                                "type": "text",
                                "text": "  Guillermo made a couple adjustments to the SmartHop model\/budget. New trucks count and also load value per truck"
                            }
                        ]
                    }
                ]
            }
        ]
    },
    {
        "type": "message",
        "text": "Can you update our budget for the new truck counts and 2500 for the load value and let me know when done? Thanks!",
        "files": [
            {
                "id": "FU7NNESJE",
                "created": 1582826910,
                "timestamp": 1582826910,
                "name": "Model Comments.xlsx",
                "title": "Model Comments.xlsx",
                "mimetype": "application\/vnd.openxmlformats-officedocument.spreadsheetml.sheet",
                "filetype": "xlsx",
                "pretty_type": "Excel Spreadsheet",
                "user": "UTRAESNUW",
                "editable": false,
                "size": 24495,
                "mode": "hosted",
                "is_external": false,
                "external_type": "",
                "is_public": true,
                "public_url_shared": false,
                "display_as_bot": false,
                "username": "",
                "url_private": "https:\/\/files.slack.com\/files-pri\/TTP4V3YS1-FU7NNESJE\/model_comments.xlsx?t=xoxe-941165134885-1162655895171-1161068338021-407a1cef78b9833e75f3a32df341ed60",
                "url_private_download": "https:\/\/files.slack.com\/files-pri\/TTP4V3YS1-FU7NNESJE\/download\/model_comments.xlsx?t=xoxe-941165134885-1162655895171-1161068338021-407a1cef78b9833e75f3a32df341ed60",
                "converted_pdf": "https:\/\/files.slack.com\/files-tmb\/TTP4V3YS1-FU7NNESJE-a2c0d07cf4\/model_comments_converted.pdf?t=xoxe-941165134885-1162655895171-1161068338021-407a1cef78b9833e75f3a32df341ed60",
                "thumb_pdf": "https:\/\/files.slack.com\/files-tmb\/TTP4V3YS1-FU7NNESJE-a2c0d07cf4\/model_comments_thumb_pdf.png?t=xoxe-941165134885-1162655895171-1161068338021-407a1cef78b9833e75f3a32df341ed60",
                "thumb_pdf_w": 909,
                "thumb_pdf_h": 1286,
                "permalink": "https:\/\/qwinzy.slack.com\/files\/UTRAESNUW\/FU7NNESJE\/model_comments.xlsx",
                "permalink_public": "https:\/\/slack-files.com\/TTP4V3YS1-FU7NNESJE-831e4abb11",
                "is_starred": false,
                "has_rich_preview": false
            }
        ],
        "upload": true,
        "blocks": [
            {
                "type": "rich_text",
                "block_id": "FOK",
                "elements": [
                    {
                        "type": "rich_text_section",
                        "elements": [
                            {
                                "type": "text",
                                "text": "Can you update our budget for the new truck counts and 2500 for the load value and let me know when done? Thanks!"
                            }
                        ]
                    }
                ]
            }
        ],
        "user": "UTRAESNUW",
        "display_as_bot": false,
        "ts": "1582826912.001100",
        "client_msg_id": "d636b618-5472-45f4-b509-fa0ea5a0317b"
    },
    {
        "client_msg_id": "1f37b199-43b5-47bf-b71f-3c3c82a5c1b3",
        "type": "message",
        "text": "All set here: C:\\Users\\Jeff\\Dropbox\\Qwinzy Dropbox\\Clients\\Onboarded\\SmartHop\\Finance\\Model\\Budget\\SmartHop Financial Model V9 (2020 Only).xlsxFinancial Model V9 (2020 Only).xlsx",
        "user": "UTP4932RW",
        "ts": "1582832399.002000",
        "team": "TTP4V3YS1",
        "user_team": "TTP4V3YS1",
        "source_team": "TTP4V3YS1",
        "user_profile": {
            "avatar_hash": "74e069427e2a",
            "image_72": "https:\/\/avatars.slack-edge.com\/2020-05-19\/1127425449142_74e069427e2aaa40f188_72.jpg",
            "first_name": "Anthony",
            "real_name": "Anthony R. Illobre",
            "display_name": "ARI",
            "team": "TTP4V3YS1",
            "name": "anthony",
            "is_restricted": false,
            "is_ultra_restricted": false
        },
        "blocks": [
            {
                "type": "rich_text",
                "block_id": "gVIj1",
                "elements": [
                    {
                        "type": "rich_text_section",
                        "elements": [
                            {
                                "type": "text",
                                "text": "All set here: C:\\Users\\Jeff\\Dropbox\\Qwinzy Dropbox\\Clients\\Onboarded\\SmartHop\\Finance\\Model\\Budget\\SmartHop Financial Model V9 (2020 Only).xlsxFinancial Model V9 (2020 Only).xlsx"
                            }
                        ]
                    }
                ]
            }
        ]
    },
    {
        "client_msg_id": "aa61daf2-3959-4e9f-bc22-d827529a9c59",
        "type": "message",
        "text": "Thanks!",
        "user": "UTRAESNUW",
        "ts": "1582832536.002200",
        "team": "TTP4V3YS1",
        "user_team": "TTP4V3YS1",
        "source_team": "TTP4V3YS1",
        "user_profile": {
            "avatar_hash": "g8d095fb8b4a",
            "image_72": "https:\/\/secure.gravatar.com\/avatar\/8d095fb8b4ad808e7f2252ed0c896b65.jpg?s=72&d=https%3A%2F%2Fa.slack-edge.com%2Fdf10d%2Fimg%2Favatars%2Fava_0025-72.png",
            "first_name": "Jeff",
            "real_name": "Jeff",
            "display_name": "",
            "team": "TTP4V3YS1",
            "name": "jeff",
            "is_restricted": false,
            "is_ultra_restricted": false
        },
        "blocks": [
            {
                "type": "rich_text",
                "block_id": "ftc",
                "elements": [
                    {
                        "type": "rich_text_section",
                        "elements": [
                            {
                                "type": "text",
                                "text": "Thanks!"
                            }
                        ]
                    }
                ]
            }
        ],
        "reactions": [
            {
                "name": "+1",
                "users": [
                    "UTP4932RW"
                ],
                "count": 1
            }
        ]
    },
    {
        "client_msg_id": "ad76b6d3-eb9a-4c01-b941-ef338b4d156f",
        "type": "message",
        "text": "Hey <@UTP4932RW>",
        "user": "UTRAESNUW",
        "ts": "1582832685.002500",
        "team": "TTP4V3YS1",
        "user_team": "TTP4V3YS1",
        "source_team": "TTP4V3YS1",
        "user_profile": {
            "avatar_hash": "g8d095fb8b4a",
            "image_72": "https:\/\/secure.gravatar.com\/avatar\/8d095fb8b4ad808e7f2252ed0c896b65.jpg?s=72&d=https%3A%2F%2Fa.slack-edge.com%2Fdf10d%2Fimg%2Favatars%2Fava_0025-72.png",
            "first_name": "Jeff",
            "real_name": "Jeff",
            "display_name": "",
            "team": "TTP4V3YS1",
            "name": "jeff",
            "is_restricted": false,
            "is_ultra_restricted": false
        },
        "edited": {
            "user": "UTRAESNUW",
            "ts": "1582832728.000000"
        },
        "blocks": [
            {
                "type": "rich_text",
                "block_id": "rt9",
                "elements": [
                    {
                        "type": "rich_text_section",
                        "elements": [
                            {
                                "type": "text",
                                "text": "Hey "
                            },
                            {
                                "type": "user",
                                "user_id": "UTP4932RW"
                            }
                        ]
                    }
                ]
            }
        ]
    },
    {
        "client_msg_id": "23b3101b-ddd2-4b1d-aee7-2cc9e8cb7966",
        "type": "message",
        "text": "Looks like the new trucks arent tying to Guillermos file",
        "user": "UTRAESNUW",
        "ts": "1582832704.002800",
        "team": "TTP4V3YS1",
        "user_team": "TTP4V3YS1",
        "source_team": "TTP4V3YS1",
        "user_profile": {
            "avatar_hash": "g8d095fb8b4a",
            "image_72": "https:\/\/secure.gravatar.com\/avatar\/8d095fb8b4ad808e7f2252ed0c896b65.jpg?s=72&d=https%3A%2F%2Fa.slack-edge.com%2Fdf10d%2Fimg%2Favatars%2Fava_0025-72.png",
            "first_name": "Jeff",
            "real_name": "Jeff",
            "display_name": "",
            "team": "TTP4V3YS1",
            "name": "jeff",
            "is_restricted": false,
            "is_ultra_restricted": false
        },
        "blocks": [
            {
                "type": "rich_text",
                "block_id": "wEhE",
                "elements": [
                    {
                        "type": "rich_text_section",
                        "elements": [
                            {
                                "type": "text",
                                "text": "Looks like the new trucks arent tying to Guillermos file"
                            }
                        ]
                    }
                ]
            }
        ]
    },
    {
        "client_msg_id": "e7e4fe04-bb47-4a45-818c-c15aa656f2dd",
        "type": "message",
        "text": "Mind taking another look",
        "user": "UTRAESNUW",
        "ts": "1582832720.003000",
        "team": "TTP4V3YS1",
        "user_team": "TTP4V3YS1",
        "source_team": "TTP4V3YS1",
        "user_profile": {
            "avatar_hash": "g8d095fb8b4a",
            "image_72": "https:\/\/secure.gravatar.com\/avatar\/8d095fb8b4ad808e7f2252ed0c896b65.jpg?s=72&d=https%3A%2F%2Fa.slack-edge.com%2Fdf10d%2Fimg%2Favatars%2Fava_0025-72.png",
            "first_name": "Jeff",
            "real_name": "Jeff",
            "display_name": "",
            "team": "TTP4V3YS1",
            "name": "jeff",
            "is_restricted": false,
            "is_ultra_restricted": false
        },
        "blocks": [
            {
                "type": "rich_text",
                "block_id": "zqp",
                "elements": [
                    {
                        "type": "rich_text_section",
                        "elements": [
                            {
                                "type": "text",
                                "text": "Mind taking another look"
                            }
                        ]
                    }
                ]
            }
        ]
    },
    {
        "client_msg_id": "bb0c1481-3bac-4c57-a854-ce4de4f06554",
        "type": "message",
        "text": "All set now. Sorry, I had just entered the #s through Jun'20 because that's all that showed in the image.",
        "user": "UTP4932RW",
        "ts": "1582836322.004200",
        "team": "TTP4V3YS1",
        "user_team": "TTP4V3YS1",
        "source_team": "TTP4V3YS1",
        "user_profile": {
            "avatar_hash": "74e069427e2a",
            "image_72": "https:\/\/avatars.slack-edge.com\/2020-05-19\/1127425449142_74e069427e2aaa40f188_72.jpg",
            "first_name": "Anthony",
            "real_name": "Anthony R. Illobre",
            "display_name": "ARI",
            "team": "TTP4V3YS1",
            "name": "anthony",
            "is_restricted": false,
            "is_ultra_restricted": false
        },
        "blocks": [
            {
                "type": "rich_text",
                "block_id": "J8Z",
                "elements": [
                    {
                        "type": "rich_text_section",
                        "elements": [
                            {
                                "type": "text",
                                "text": "All set now. Sorry, I had just entered the #s through Jun'20 because that's all that showed in the image."
                            }
                        ]
                    }
                ]
            }
        ]
    },
    {
        "client_msg_id": "cd618858-50a1-4f43-875b-61a9e6c63b81",
        "type": "message",
        "text": "No problem! Thanks!",
        "user": "UTRAESNUW",
        "ts": "1582836690.004400",
        "team": "TTP4V3YS1",
        "user_team": "TTP4V3YS1",
        "source_team": "TTP4V3YS1",
        "user_profile": {
            "avatar_hash": "g8d095fb8b4a",
            "image_72": "https:\/\/secure.gravatar.com\/avatar\/8d095fb8b4ad808e7f2252ed0c896b65.jpg?s=72&d=https%3A%2F%2Fa.slack-edge.com%2Fdf10d%2Fimg%2Favatars%2Fava_0025-72.png",
            "first_name": "Jeff",
            "real_name": "Jeff",
            "display_name": "",
            "team": "TTP4V3YS1",
            "name": "jeff",
            "is_restricted": false,
            "is_ultra_restricted": false
        },
        "blocks": [
            {
                "type": "rich_text",
                "block_id": "flI2u",
                "elements": [
                    {
                        "type": "rich_text_section",
                        "elements": [
                            {
                                "type": "text",
                                "text": "No problem! Thanks!"
                            }
                        ]
                    }
                ]
            }
        ]
    }
]