[
    {
        "client_msg_id": "353ac09f-6a69-4278-aabe-7c2607a0206a",
        "type": "message",
        "text": "Something to ad to the SH to do's. We need to add a position under Admin for \"GM\" and budget 150k for now. Also, need to add a customer service rep for 55k under sales",
        "user": "UTRAESNUW",
        "ts": "1589491256.003400",
        "team": "TTP4V3YS1",
        "user_team": "TTP4V3YS1",
        "source_team": "TTP4V3YS1",
        "user_profile": {
            "avatar_hash": "g8d095fb8b4a",
            "image_72": "https:\/\/secure.gravatar.com\/avatar\/8d095fb8b4ad808e7f2252ed0c896b65.jpg?s=72&d=https%3A%2F%2Fa.slack-edge.com%2Fdf10d%2Fimg%2Favatars%2Fava_0025-72.png",
            "first_name": "Jeff",
            "real_name": "Jeff",
            "display_name": "",
            "team": "TTP4V3YS1",
            "name": "jeff",
            "is_restricted": false,
            "is_ultra_restricted": false
        },
        "blocks": [
            {
                "type": "rich_text",
                "block_id": "hTrw",
                "elements": [
                    {
                        "type": "rich_text_section",
                        "elements": [
                            {
                                "type": "text",
                                "text": "Something to ad to the SH to do's. We need to add a position under Admin for \"GM\" and budget 150k for now. Also, need to add a customer service rep for 55k under sales"
                            }
                        ]
                    }
                ]
            }
        ]
    }
]