[
    {
        "client_msg_id": "de15b566-18d7-466f-9012-94fd4d10921b",
        "type": "message",
        "text": "<@UTP4932RW> Just got a response on the staffing question for new positions. From Guillermo:\nClaims and onboarders are new\nToday Mabbel in Miami Assistant Dispatcher is doing the tracking wich is something we will do from Colombia and will get automated",
        "user": "UTRAESNUW",
        "ts": "1582133964.000600",
        "team": "TTP4V3YS1",
        "user_team": "TTP4V3YS1",
        "source_team": "TTP4V3YS1",
        "user_profile": {
            "avatar_hash": "g8d095fb8b4a",
            "image_72": "https:\/\/secure.gravatar.com\/avatar\/8d095fb8b4ad808e7f2252ed0c896b65.jpg?s=72&d=https%3A%2F%2Fa.slack-edge.com%2Fdf10d%2Fimg%2Favatars%2Fava_0025-72.png",
            "first_name": "Jeff",
            "real_name": "Jeff",
            "display_name": "",
            "team": "TTP4V3YS1",
            "name": "jeff",
            "is_restricted": false,
            "is_ultra_restricted": false
        },
        "blocks": [
            {
                "type": "rich_text",
                "block_id": "0SV",
                "elements": [
                    {
                        "type": "rich_text_section",
                        "elements": [
                            {
                                "type": "user",
                                "user_id": "UTP4932RW"
                            },
                            {
                                "type": "text",
                                "text": " Just got a response on the staffing question for new positions. From Guillermo:\nClaims and onboarders are new\nToday Mabbel in Miami Assistant Dispatcher is doing the tracking wich is something we will do from Colombia and will get automated"
                            }
                        ]
                    }
                ]
            }
        ]
    },
    {
        "client_msg_id": "521ae9e8-8ab1-470b-90c7-752076d45107",
        "type": "message",
        "text": "Saved the updated model. I couldn't find the CAC formula so those 2 related items are still incomplete. I'm looking for that now. I need to hook this up to the summary tab too, but I can do that in 5min when everything is done.",
        "user": "UTP4932RW",
        "ts": "1582136712.003400",
        "team": "TTP4V3YS1",
        "user_team": "TTP4V3YS1",
        "source_team": "TTP4V3YS1",
        "user_profile": {
            "avatar_hash": "74e069427e2a",
            "image_72": "https:\/\/avatars.slack-edge.com\/2020-05-19\/1127425449142_74e069427e2aaa40f188_72.jpg",
            "first_name": "Anthony",
            "real_name": "Anthony R. Illobre",
            "display_name": "ARI",
            "team": "TTP4V3YS1",
            "name": "anthony",
            "is_restricted": false,
            "is_ultra_restricted": false
        },
        "blocks": [
            {
                "type": "rich_text",
                "block_id": "2W=",
                "elements": [
                    {
                        "type": "rich_text_section",
                        "elements": [
                            {
                                "type": "text",
                                "text": "Saved the updated model. I couldn't find the CAC formula so those 2 related items are still incomplete. I'm looking for that now. I need to hook this up to the summary tab too, but I can do that in 5min when everything is done."
                            }
                        ]
                    }
                ]
            }
        ]
    },
    {
        "client_msg_id": "f66ff987-ebf0-496f-9b9f-ae72c8a9a1d7",
        "type": "message",
        "text": "Ok CAC is done, so all the bullets are done. Just hooking up a new summary tab now",
        "user": "UTP4932RW",
        "ts": "1582137824.004000",
        "team": "TTP4V3YS1",
        "user_team": "TTP4V3YS1",
        "source_team": "TTP4V3YS1",
        "user_profile": {
            "avatar_hash": "74e069427e2a",
            "image_72": "https:\/\/avatars.slack-edge.com\/2020-05-19\/1127425449142_74e069427e2aaa40f188_72.jpg",
            "first_name": "Anthony",
            "real_name": "Anthony R. Illobre",
            "display_name": "ARI",
            "team": "TTP4V3YS1",
            "name": "anthony",
            "is_restricted": false,
            "is_ultra_restricted": false
        },
        "blocks": [
            {
                "type": "rich_text",
                "block_id": "vSP",
                "elements": [
                    {
                        "type": "rich_text_section",
                        "elements": [
                            {
                                "type": "text",
                                "text": "Ok CAC is done, so all the bullets are done. Just hooking up a new summary tab now"
                            }
                        ]
                    }
                ]
            }
        ]
    },
    {
        "client_msg_id": "a22fe2a3-225f-429e-ace0-ad033b5d9d6c",
        "type": "message",
        "text": "Awesome!",
        "user": "UTRAESNUW",
        "ts": "1582137873.004200",
        "team": "TTP4V3YS1",
        "user_team": "TTP4V3YS1",
        "source_team": "TTP4V3YS1",
        "user_profile": {
            "avatar_hash": "g8d095fb8b4a",
            "image_72": "https:\/\/secure.gravatar.com\/avatar\/8d095fb8b4ad808e7f2252ed0c896b65.jpg?s=72&d=https%3A%2F%2Fa.slack-edge.com%2Fdf10d%2Fimg%2Favatars%2Fava_0025-72.png",
            "first_name": "Jeff",
            "real_name": "Jeff",
            "display_name": "",
            "team": "TTP4V3YS1",
            "name": "jeff",
            "is_restricted": false,
            "is_ultra_restricted": false
        },
        "blocks": [
            {
                "type": "rich_text",
                "block_id": "VnWl",
                "elements": [
                    {
                        "type": "rich_text_section",
                        "elements": [
                            {
                                "type": "text",
                                "text": "Awesome!"
                            }
                        ]
                    }
                ]
            }
        ]
    },
    {
        "client_msg_id": "20aaea43-c375-48f9-94cc-49380a41b0a6",
        "type": "message",
        "text": "Thanks a lot!",
        "user": "UTRAESNUW",
        "ts": "1582137876.004400",
        "team": "TTP4V3YS1",
        "user_team": "TTP4V3YS1",
        "source_team": "TTP4V3YS1",
        "user_profile": {
            "avatar_hash": "g8d095fb8b4a",
            "image_72": "https:\/\/secure.gravatar.com\/avatar\/8d095fb8b4ad808e7f2252ed0c896b65.jpg?s=72&d=https%3A%2F%2Fa.slack-edge.com%2Fdf10d%2Fimg%2Favatars%2Fava_0025-72.png",
            "first_name": "Jeff",
            "real_name": "Jeff",
            "display_name": "",
            "team": "TTP4V3YS1",
            "name": "jeff",
            "is_restricted": false,
            "is_ultra_restricted": false
        },
        "blocks": [
            {
                "type": "rich_text",
                "block_id": "YBN",
                "elements": [
                    {
                        "type": "rich_text_section",
                        "elements": [
                            {
                                "type": "text",
                                "text": "Thanks a lot!"
                            }
                        ]
                    }
                ]
            }
        ]
    },
    {
        "client_msg_id": "036b0118-0d21-4878-9a93-f78dde16247f",
        "type": "message",
        "text": "My pleasure. Added the new summary tab. It looks like the old summary didn't include cost of sales. I'm free whenever you'd like to discuss.",
        "user": "UTP4932RW",
        "ts": "1582139094.005400",
        "team": "TTP4V3YS1",
        "user_team": "TTP4V3YS1",
        "source_team": "TTP4V3YS1",
        "user_profile": {
            "avatar_hash": "74e069427e2a",
            "image_72": "https:\/\/avatars.slack-edge.com\/2020-05-19\/1127425449142_74e069427e2aaa40f188_72.jpg",
            "first_name": "Anthony",
            "real_name": "Anthony R. Illobre",
            "display_name": "ARI",
            "team": "TTP4V3YS1",
            "name": "anthony",
            "is_restricted": false,
            "is_ultra_restricted": false
        },
        "blocks": [
            {
                "type": "rich_text",
                "block_id": "0GQa",
                "elements": [
                    {
                        "type": "rich_text_section",
                        "elements": [
                            {
                                "type": "text",
                                "text": "My pleasure. Added the new summary tab. It looks like the old summary didn't include cost of sales. I'm free whenever you'd like to discuss."
                            }
                        ]
                    }
                ]
            }
        ]
    },
    {
        "client_msg_id": "21F4897D-5EE2-4422-BE35-38FF86C2F53E",
        "type": "message",
        "text": "Ok give me a little bit. Feel free to get going on Komuso for a bit. Thanks!",
        "user": "UTRAESNUW",
        "ts": "1582139428.006100",
        "team": "TTP4V3YS1",
        "user_team": "TTP4V3YS1",
        "source_team": "TTP4V3YS1",
        "user_profile": {
            "avatar_hash": "g8d095fb8b4a",
            "image_72": "https:\/\/secure.gravatar.com\/avatar\/8d095fb8b4ad808e7f2252ed0c896b65.jpg?s=72&d=https%3A%2F%2Fa.slack-edge.com%2Fdf10d%2Fimg%2Favatars%2Fava_0025-72.png",
            "first_name": "Jeff",
            "real_name": "Jeff",
            "display_name": "",
            "team": "TTP4V3YS1",
            "name": "jeff",
            "is_restricted": false,
            "is_ultra_restricted": false
        },
        "blocks": [
            {
                "type": "rich_text",
                "block_id": "gHCx2",
                "elements": [
                    {
                        "type": "rich_text_section",
                        "elements": [
                            {
                                "type": "text",
                                "text": "Ok give me a little bit. Feel free to get going on Komuso for a bit. Thanks!"
                            }
                        ]
                    }
                ]
            }
        ]
    }
]