[
    {
        "client_msg_id": "3b26e425-91d6-470c-8898-97142b3942d3",
        "type": "message",
        "text": "Which line is G Suite?\nOther than that I've updated the model &amp; extended it through 2023.\nI had to make some additional assumptions to ops performance &amp; occupancy expenses.\nThe result shows SH running out of cash in Apr'21. The prior (incomplete) version had it at Jun'21.\n\\\\SmartHop\\Finance\\Model\\Scale Model\\SmartHop Financial Model V18 Multi Year.xlsx\n\nI'm going to ask Larry for the payroll so I can be sure that the current positions are accurate.\nI looked into sourcing the data from QBO. We need an API. 3rd parties sell them at $400\/month.\nI think I can build my own in 1 day.\nThat'd be 2 days to get a live deliverable for SH that could be used as a template for any other client on QBO.",
        "user": "UTP4932RW",
        "ts": "1587984897.010500",
        "team": "TTP4V3YS1",
        "user_team": "TTP4V3YS1",
        "source_team": "TTP4V3YS1",
        "user_profile": {
            "avatar_hash": "74e069427e2a",
            "image_72": "https:\/\/avatars.slack-edge.com\/2020-05-19\/1127425449142_74e069427e2aaa40f188_72.jpg",
            "first_name": "Anthony",
            "real_name": "Anthony R. Illobre",
            "display_name": "ARI",
            "team": "TTP4V3YS1",
            "name": "anthony",
            "is_restricted": false,
            "is_ultra_restricted": false
        },
        "blocks": [
            {
                "type": "rich_text",
                "block_id": "Kjyzp",
                "elements": [
                    {
                        "type": "rich_text_section",
                        "elements": [
                            {
                                "type": "text",
                                "text": "Which line is G Suite?\nOther than that I've updated the model & extended it through 2023.\nI had to make some additional assumptions to ops performance & occupancy expenses.\nThe result shows SH running out of cash in Apr'21. The prior (incomplete) version had it at Jun'21.\n\\\\SmartHop\\Finance\\Model\\Scale Model\\SmartHop Financial Model V18 Multi Year.xlsx\n\nI'm going to ask Larry for the payroll so I can be sure that the current positions are accurate.\nI looked into sourcing the data from QBO. We need an API. 3rd parties sell them at $400\/month.\nI think I can build my own in 1 day.\nThat'd be 2 days to get a live deliverable for SH that could be used as a template for any other client on QBO."
                            }
                        ]
                    }
                ]
            }
        ]
    }
]