[
    {
        "type": "message",
        "text": "A very rough first draft of SH trucks by location over time. One day I'll tell you a funny story about this tech.",
        "files": [
            {
                "id": "F013XAZ3N1G",
                "created": 1589904873,
                "timestamp": 1589904873,
                "name": "SHHeatMap.mp4",
                "title": "SHHeatMap.mp4",
                "mimetype": "video\/mp4",
                "filetype": "mp4",
                "pretty_type": "MPEG 4 Video",
                "user": "UTP4932RW",
                "editable": false,
                "size": 11560710,
                "mode": "hosted",
                "is_external": false,
                "external_type": "",
                "is_public": true,
                "public_url_shared": false,
                "display_as_bot": false,
                "username": "",
                "url_private": "https:\/\/files.slack.com\/files-pri\/TTP4V3YS1-F013XAZ3N1G\/shheatmap.mp4?t=xoxe-941165134885-1162655895171-1161068338021-407a1cef78b9833e75f3a32df341ed60",
                "url_private_download": "https:\/\/files.slack.com\/files-pri\/TTP4V3YS1-F013XAZ3N1G\/download\/shheatmap.mp4?t=xoxe-941165134885-1162655895171-1161068338021-407a1cef78b9833e75f3a32df341ed60",
                "thumb_video": "https:\/\/files.slack.com\/files-tmb\/TTP4V3YS1-F013XAZ3N1G-572ba265f2\/shheatmap_thumb_video.jpeg?t=xoxe-941165134885-1162655895171-1161068338021-407a1cef78b9833e75f3a32df341ed60",
                "permalink": "https:\/\/qwinzy.slack.com\/files\/UTP4932RW\/F013XAZ3N1G\/shheatmap.mp4",
                "permalink_public": "https:\/\/slack-files.com\/TTP4V3YS1-F013XAZ3N1G-0e9c48fd77",
                "is_starred": false,
                "has_rich_preview": false
            }
        ],
        "upload": true,
        "blocks": [
            {
                "type": "rich_text",
                "block_id": "B02o",
                "elements": [
                    {
                        "type": "rich_text_section",
                        "elements": [
                            {
                                "type": "text",
                                "text": "A very rough first draft of SH trucks by location over time. One day I'll tell you a funny story about this tech."
                            }
                        ]
                    }
                ]
            }
        ],
        "user": "UTP4932RW",
        "display_as_bot": false,
        "ts": "1589904918.015600",
        "client_msg_id": "fe9ce349-c457-4380-897c-f5a057dc69af"
    },
    {
        "client_msg_id": "bc36bdee-7d15-43fd-bc1c-211de8812c39",
        "type": "message",
        "text": "<@UTRAESNUW>",
        "user": "UTP4932RW",
        "ts": "1589904931.016000",
        "team": "TTP4V3YS1",
        "user_team": "TTP4V3YS1",
        "source_team": "TTP4V3YS1",
        "user_profile": {
            "avatar_hash": "74e069427e2a",
            "image_72": "https:\/\/avatars.slack-edge.com\/2020-05-19\/1127425449142_74e069427e2aaa40f188_72.jpg",
            "first_name": "Anthony",
            "real_name": "Anthony R. Illobre",
            "display_name": "ARI",
            "team": "TTP4V3YS1",
            "name": "anthony",
            "is_restricted": false,
            "is_ultra_restricted": false
        },
        "blocks": [
            {
                "type": "rich_text",
                "block_id": "b4o",
                "elements": [
                    {
                        "type": "rich_text_section",
                        "elements": [
                            {
                                "type": "user",
                                "user_id": "UTRAESNUW"
                            }
                        ]
                    }
                ]
            }
        ]
    },
    {
        "client_msg_id": "205e854c-0207-468b-bcc1-1d7be6896a9c",
        "type": "message",
        "text": "<@UTP4932RW> Thats awesome!",
        "user": "UTRAESNUW",
        "ts": "1589904971.016200",
        "team": "TTP4V3YS1",
        "user_team": "TTP4V3YS1",
        "source_team": "TTP4V3YS1",
        "user_profile": {
            "avatar_hash": "g8d095fb8b4a",
            "image_72": "https:\/\/secure.gravatar.com\/avatar\/8d095fb8b4ad808e7f2252ed0c896b65.jpg?s=72&d=https%3A%2F%2Fa.slack-edge.com%2Fdf10d%2Fimg%2Favatars%2Fava_0025-72.png",
            "first_name": "Jeff",
            "real_name": "Jeff",
            "display_name": "",
            "team": "TTP4V3YS1",
            "name": "jeff",
            "is_restricted": false,
            "is_ultra_restricted": false
        },
        "blocks": [
            {
                "type": "rich_text",
                "block_id": "Wst",
                "elements": [
                    {
                        "type": "rich_text_section",
                        "elements": [
                            {
                                "type": "user",
                                "user_id": "UTP4932RW"
                            },
                            {
                                "type": "text",
                                "text": " Thats awesome!"
                            }
                        ]
                    }
                ]
            }
        ]
    },
    {
        "client_msg_id": "205aade2-59ba-46e7-bf03-dd7edbbc9922",
        "type": "message",
        "text": "Is that from the master report?",
        "user": "UTRAESNUW",
        "ts": "1589904980.016500",
        "team": "TTP4V3YS1",
        "user_team": "TTP4V3YS1",
        "source_team": "TTP4V3YS1",
        "user_profile": {
            "avatar_hash": "g8d095fb8b4a",
            "image_72": "https:\/\/secure.gravatar.com\/avatar\/8d095fb8b4ad808e7f2252ed0c896b65.jpg?s=72&d=https%3A%2F%2Fa.slack-edge.com%2Fdf10d%2Fimg%2Favatars%2Fava_0025-72.png",
            "first_name": "Jeff",
            "real_name": "Jeff",
            "display_name": "",
            "team": "TTP4V3YS1",
            "name": "jeff",
            "is_restricted": false,
            "is_ultra_restricted": false
        },
        "blocks": [
            {
                "type": "rich_text",
                "block_id": "OzW8",
                "elements": [
                    {
                        "type": "rich_text_section",
                        "elements": [
                            {
                                "type": "text",
                                "text": "Is that from the master report?"
                            }
                        ]
                    }
                ]
            }
        ]
    },
    {
        "client_msg_id": "99dc1a24-b761-41fe-9e92-7c3b18a78e4b",
        "type": "message",
        "text": "Yep. It can be a lot better if the data was cleaner",
        "user": "UTP4932RW",
        "ts": "1589905021.017200",
        "team": "TTP4V3YS1",
        "user_team": "TTP4V3YS1",
        "source_team": "TTP4V3YS1",
        "user_profile": {
            "avatar_hash": "74e069427e2a",
            "image_72": "https:\/\/avatars.slack-edge.com\/2020-05-19\/1127425449142_74e069427e2aaa40f188_72.jpg",
            "first_name": "Anthony",
            "real_name": "Anthony R. Illobre",
            "display_name": "ARI",
            "team": "TTP4V3YS1",
            "name": "anthony",
            "is_restricted": false,
            "is_ultra_restricted": false
        },
        "blocks": [
            {
                "type": "rich_text",
                "block_id": "BB6yD",
                "elements": [
                    {
                        "type": "rich_text_section",
                        "elements": [
                            {
                                "type": "text",
                                "text": "Yep. It can be a lot better if the data was cleaner"
                            }
                        ]
                    }
                ]
            }
        ]
    },
    {
        "client_msg_id": "cafd041c-ada6-4b5f-91a9-faa83754f7d3",
        "type": "message",
        "text": "That's awesome!",
        "user": "UTRAESNUW",
        "ts": "1589905029.017600",
        "team": "TTP4V3YS1",
        "user_team": "TTP4V3YS1",
        "source_team": "TTP4V3YS1",
        "user_profile": {
            "avatar_hash": "g8d095fb8b4a",
            "image_72": "https:\/\/secure.gravatar.com\/avatar\/8d095fb8b4ad808e7f2252ed0c896b65.jpg?s=72&d=https%3A%2F%2Fa.slack-edge.com%2Fdf10d%2Fimg%2Favatars%2Fava_0025-72.png",
            "first_name": "Jeff",
            "real_name": "Jeff",
            "display_name": "",
            "team": "TTP4V3YS1",
            "name": "jeff",
            "is_restricted": false,
            "is_ultra_restricted": false
        },
        "blocks": [
            {
                "type": "rich_text",
                "block_id": "yaQf3",
                "elements": [
                    {
                        "type": "rich_text_section",
                        "elements": [
                            {
                                "type": "text",
                                "text": "That's awesome!"
                            }
                        ]
                    }
                ]
            }
        ]
    },
    {
        "client_msg_id": "041c3251-87e8-4a81-b6a6-e3af0980a1e3",
        "type": "message",
        "text": "Can you share that on the Smarthop channel?",
        "user": "UTRAESNUW",
        "ts": "1589905048.018300",
        "team": "TTP4V3YS1",
        "user_team": "TTP4V3YS1",
        "source_team": "TTP4V3YS1",
        "user_profile": {
            "avatar_hash": "g8d095fb8b4a",
            "image_72": "https:\/\/secure.gravatar.com\/avatar\/8d095fb8b4ad808e7f2252ed0c896b65.jpg?s=72&d=https%3A%2F%2Fa.slack-edge.com%2Fdf10d%2Fimg%2Favatars%2Fava_0025-72.png",
            "first_name": "Jeff",
            "real_name": "Jeff",
            "display_name": "",
            "team": "TTP4V3YS1",
            "name": "jeff",
            "is_restricted": false,
            "is_ultra_restricted": false
        },
        "blocks": [
            {
                "type": "rich_text",
                "block_id": "t4iZO",
                "elements": [
                    {
                        "type": "rich_text_section",
                        "elements": [
                            {
                                "type": "text",
                                "text": "Can you share that on the Smarthop channel?"
                            }
                        ]
                    }
                ]
            }
        ]
    },
    {
        "client_msg_id": "242c291b-4163-4af2-acc0-8705800a1862",
        "type": "message",
        "text": "with the team",
        "user": "UTRAESNUW",
        "ts": "1589905051.018500",
        "team": "TTP4V3YS1",
        "user_team": "TTP4V3YS1",
        "source_team": "TTP4V3YS1",
        "user_profile": {
            "avatar_hash": "g8d095fb8b4a",
            "image_72": "https:\/\/secure.gravatar.com\/avatar\/8d095fb8b4ad808e7f2252ed0c896b65.jpg?s=72&d=https%3A%2F%2Fa.slack-edge.com%2Fdf10d%2Fimg%2Favatars%2Fava_0025-72.png",
            "first_name": "Jeff",
            "real_name": "Jeff",
            "display_name": "",
            "team": "TTP4V3YS1",
            "name": "jeff",
            "is_restricted": false,
            "is_ultra_restricted": false
        },
        "blocks": [
            {
                "type": "rich_text",
                "block_id": "=TD",
                "elements": [
                    {
                        "type": "rich_text_section",
                        "elements": [
                            {
                                "type": "text",
                                "text": "with the team"
                            }
                        ]
                    }
                ]
            }
        ]
    },
    {
        "client_msg_id": "87be8583-7966-46f9-9224-10d0266c5261",
        "type": "message",
        "text": "This is based off the state I parsed from the pickup address. If I had pickup &amp; delivery addresses cleaned I could show the actual trips, etc.",
        "user": "UTP4932RW",
        "ts": "1589905079.019100",
        "team": "TTP4V3YS1",
        "user_team": "TTP4V3YS1",
        "source_team": "TTP4V3YS1",
        "user_profile": {
            "avatar_hash": "74e069427e2a",
            "image_72": "https:\/\/avatars.slack-edge.com\/2020-05-19\/1127425449142_74e069427e2aaa40f188_72.jpg",
            "first_name": "Anthony",
            "real_name": "Anthony R. Illobre",
            "display_name": "ARI",
            "team": "TTP4V3YS1",
            "name": "anthony",
            "is_restricted": false,
            "is_ultra_restricted": false
        },
        "edited": {
            "user": "UTP4932RW",
            "ts": "1589905108.000000"
        },
        "blocks": [
            {
                "type": "rich_text",
                "block_id": "sGM2",
                "elements": [
                    {
                        "type": "rich_text_section",
                        "elements": [
                            {
                                "type": "text",
                                "text": "This is based off the state I parsed from the pickup address. If I had pickup & delivery addresses cleaned I could show the actual trips, etc."
                            }
                        ]
                    }
                ]
            }
        ]
    },
    {
        "client_msg_id": "50e82f71-0011-4c85-9298-5f90bf05a215",
        "type": "message",
        "text": "Let me get that for you",
        "user": "UTRAESNUW",
        "ts": "1589905125.019500",
        "team": "TTP4V3YS1",
        "user_team": "TTP4V3YS1",
        "source_team": "TTP4V3YS1",
        "user_profile": {
            "avatar_hash": "g8d095fb8b4a",
            "image_72": "https:\/\/secure.gravatar.com\/avatar\/8d095fb8b4ad808e7f2252ed0c896b65.jpg?s=72&d=https%3A%2F%2Fa.slack-edge.com%2Fdf10d%2Fimg%2Favatars%2Fava_0025-72.png",
            "first_name": "Jeff",
            "real_name": "Jeff",
            "display_name": "",
            "team": "TTP4V3YS1",
            "name": "jeff",
            "is_restricted": false,
            "is_ultra_restricted": false
        },
        "blocks": [
            {
                "type": "rich_text",
                "block_id": "Mk7",
                "elements": [
                    {
                        "type": "rich_text_section",
                        "elements": [
                            {
                                "type": "text",
                                "text": "Let me get that for you"
                            }
                        ]
                    }
                ]
            }
        ]
    },
    {
        "client_msg_id": "4f831882-64e5-4d6c-a24a-337d32853b04",
        "type": "message",
        "text": "Ok. Give me another 1\/2 hour with it to see what value I can add.",
        "user": "UTP4932RW",
        "ts": "1589905194.020800",
        "team": "TTP4V3YS1",
        "user_team": "TTP4V3YS1",
        "source_team": "TTP4V3YS1",
        "user_profile": {
            "avatar_hash": "74e069427e2a",
            "image_72": "https:\/\/avatars.slack-edge.com\/2020-05-19\/1127425449142_74e069427e2aaa40f188_72.jpg",
            "first_name": "Anthony",
            "real_name": "Anthony R. Illobre",
            "display_name": "ARI",
            "team": "TTP4V3YS1",
            "name": "anthony",
            "is_restricted": false,
            "is_ultra_restricted": false
        },
        "edited": {
            "user": "UTP4932RW",
            "ts": "1589905202.000000"
        },
        "blocks": [
            {
                "type": "rich_text",
                "block_id": "pm2lY",
                "elements": [
                    {
                        "type": "rich_text_section",
                        "elements": [
                            {
                                "type": "text",
                                "text": "Ok. Give me another 1\/2 hour with it to see what value I can add."
                            }
                        ]
                    }
                ]
            }
        ]
    },
    {
        "client_msg_id": "d93a18a8-9176-4397-a399-63473ec075e3",
        "type": "message",
        "text": "No problem. Can you share somehow with SH?",
        "user": "UTRAESNUW",
        "ts": "1589905214.021300",
        "team": "TTP4V3YS1",
        "user_team": "TTP4V3YS1",
        "source_team": "TTP4V3YS1",
        "user_profile": {
            "avatar_hash": "g8d095fb8b4a",
            "image_72": "https:\/\/secure.gravatar.com\/avatar\/8d095fb8b4ad808e7f2252ed0c896b65.jpg?s=72&d=https%3A%2F%2Fa.slack-edge.com%2Fdf10d%2Fimg%2Favatars%2Fava_0025-72.png",
            "first_name": "Jeff",
            "real_name": "Jeff",
            "display_name": "",
            "team": "TTP4V3YS1",
            "name": "jeff",
            "is_restricted": false,
            "is_ultra_restricted": false
        },
        "blocks": [
            {
                "type": "rich_text",
                "block_id": "lk10",
                "elements": [
                    {
                        "type": "rich_text_section",
                        "elements": [
                            {
                                "type": "text",
                                "text": "No problem. Can you share somehow with SH?"
                            }
                        ]
                    }
                ]
            }
        ]
    },
    {
        "client_msg_id": "010e9c6a-cb94-418a-8a3f-3f2b236426e0",
        "type": "message",
        "text": "Or I can download it and share it?",
        "user": "UTRAESNUW",
        "ts": "1589905227.021700",
        "team": "TTP4V3YS1",
        "user_team": "TTP4V3YS1",
        "source_team": "TTP4V3YS1",
        "user_profile": {
            "avatar_hash": "g8d095fb8b4a",
            "image_72": "https:\/\/secure.gravatar.com\/avatar\/8d095fb8b4ad808e7f2252ed0c896b65.jpg?s=72&d=https%3A%2F%2Fa.slack-edge.com%2Fdf10d%2Fimg%2Favatars%2Fava_0025-72.png",
            "first_name": "Jeff",
            "real_name": "Jeff",
            "display_name": "",
            "team": "TTP4V3YS1",
            "name": "jeff",
            "is_restricted": false,
            "is_ultra_restricted": false
        },
        "blocks": [
            {
                "type": "rich_text",
                "block_id": "Hki",
                "elements": [
                    {
                        "type": "rich_text_section",
                        "elements": [
                            {
                                "type": "text",
                                "text": "Or I can download it and share it?"
                            }
                        ]
                    }
                ]
            }
        ]
    },
    {
        "client_msg_id": "94b2235e-f409-4c4a-9335-df0b80fc84c1",
        "type": "message",
        "text": "Yeah Im on SH",
        "user": "UTP4932RW",
        "ts": "1589905229.021900",
        "team": "TTP4V3YS1",
        "user_team": "TTP4V3YS1",
        "source_team": "TTP4V3YS1",
        "user_profile": {
            "avatar_hash": "74e069427e2a",
            "image_72": "https:\/\/avatars.slack-edge.com\/2020-05-19\/1127425449142_74e069427e2aaa40f188_72.jpg",
            "first_name": "Anthony",
            "real_name": "Anthony R. Illobre",
            "display_name": "ARI",
            "team": "TTP4V3YS1",
            "name": "anthony",
            "is_restricted": false,
            "is_ultra_restricted": false
        },
        "blocks": [
            {
                "type": "rich_text",
                "block_id": "XdWD",
                "elements": [
                    {
                        "type": "rich_text_section",
                        "elements": [
                            {
                                "type": "text",
                                "text": "Yeah Im on SH"
                            }
                        ]
                    }
                ]
            }
        ]
    },
    {
        "client_msg_id": "911e0e41-09f3-49cd-8bc3-f6e8ba8acf20",
        "type": "message",
        "text": "Awesome",
        "user": "UTRAESNUW",
        "ts": "1589905234.022100",
        "team": "TTP4V3YS1",
        "user_team": "TTP4V3YS1",
        "source_team": "TTP4V3YS1",
        "user_profile": {
            "avatar_hash": "g8d095fb8b4a",
            "image_72": "https:\/\/secure.gravatar.com\/avatar\/8d095fb8b4ad808e7f2252ed0c896b65.jpg?s=72&d=https%3A%2F%2Fa.slack-edge.com%2Fdf10d%2Fimg%2Favatars%2Fava_0025-72.png",
            "first_name": "Jeff",
            "real_name": "Jeff",
            "display_name": "",
            "team": "TTP4V3YS1",
            "name": "jeff",
            "is_restricted": false,
            "is_ultra_restricted": false
        },
        "blocks": [
            {
                "type": "rich_text",
                "block_id": "sksbD",
                "elements": [
                    {
                        "type": "rich_text_section",
                        "elements": [
                            {
                                "type": "text",
                                "text": "Awesome"
                            }
                        ]
                    }
                ]
            }
        ]
    },
    {
        "client_msg_id": "bd1ffa8c-f8e1-4243-a55d-e5a2e297d458",
        "type": "message",
        "text": "What did Miguel say about the data on the app vs his file?",
        "user": "UTRAESNUW",
        "ts": "1589905249.022400",
        "team": "TTP4V3YS1",
        "user_team": "TTP4V3YS1",
        "source_team": "TTP4V3YS1",
        "user_profile": {
            "avatar_hash": "g8d095fb8b4a",
            "image_72": "https:\/\/secure.gravatar.com\/avatar\/8d095fb8b4ad808e7f2252ed0c896b65.jpg?s=72&d=https%3A%2F%2Fa.slack-edge.com%2Fdf10d%2Fimg%2Favatars%2Fava_0025-72.png",
            "first_name": "Jeff",
            "real_name": "Jeff",
            "display_name": "",
            "team": "TTP4V3YS1",
            "name": "jeff",
            "is_restricted": false,
            "is_ultra_restricted": false
        },
        "blocks": [
            {
                "type": "rich_text",
                "block_id": "5iF",
                "elements": [
                    {
                        "type": "rich_text_section",
                        "elements": [
                            {
                                "type": "text",
                                "text": "What did Miguel say about the data on the app vs his file?"
                            }
                        ]
                    }
                ]
            }
        ]
    },
    {
        "type": "message",
        "text": "This version okay to put on SH?  I have a higher res version too.",
        "files": [
            {
                "id": "F013XM6CQMR",
                "created": 1589907931,
                "timestamp": 1589907931,
                "name": "SHHeatMap_v2.mp4",
                "title": "SHHeatMap_v2.mp4",
                "mimetype": "video\/mp4",
                "filetype": "mp4",
                "pretty_type": "MPEG 4 Video",
                "user": "UTP4932RW",
                "editable": false,
                "size": 4139553,
                "mode": "hosted",
                "is_external": false,
                "external_type": "",
                "is_public": true,
                "public_url_shared": false,
                "display_as_bot": false,
                "username": "",
                "url_private": "https:\/\/files.slack.com\/files-pri\/TTP4V3YS1-F013XM6CQMR\/shheatmap_v2.mp4?t=xoxe-941165134885-1162655895171-1161068338021-407a1cef78b9833e75f3a32df341ed60",
                "url_private_download": "https:\/\/files.slack.com\/files-pri\/TTP4V3YS1-F013XM6CQMR\/download\/shheatmap_v2.mp4?t=xoxe-941165134885-1162655895171-1161068338021-407a1cef78b9833e75f3a32df341ed60",
                "thumb_video": "https:\/\/files.slack.com\/files-tmb\/TTP4V3YS1-F013XM6CQMR-c317a3c14e\/shheatmap_v2_thumb_video.jpeg?t=xoxe-941165134885-1162655895171-1161068338021-407a1cef78b9833e75f3a32df341ed60",
                "permalink": "https:\/\/qwinzy.slack.com\/files\/UTP4932RW\/F013XM6CQMR\/shheatmap_v2.mp4",
                "permalink_public": "https:\/\/slack-files.com\/TTP4V3YS1-F013XM6CQMR-9afda67f60",
                "is_starred": false,
                "has_rich_preview": false
            }
        ],
        "upload": true,
        "blocks": [
            {
                "type": "rich_text",
                "block_id": "3De5r",
                "elements": [
                    {
                        "type": "rich_text_section",
                        "elements": [
                            {
                                "type": "text",
                                "text": "This version okay to put on SH?  I have a higher res version too."
                            }
                        ]
                    }
                ]
            }
        ],
        "user": "UTP4932RW",
        "display_as_bot": false,
        "ts": "1589907950.023000",
        "client_msg_id": "be473be2-410d-4ace-bf5c-e4ac1acd7715"
    },
    {
        "client_msg_id": "ea446e64-0b94-47b8-b6e7-bc6569143d88",
        "type": "message",
        "text": "The difference in v2\nThe map is rotating.\nI added a second cumulative layer to make the states purple over time (as they accumulate LTD loads).",
        "user": "UTP4932RW",
        "ts": "1589908163.025700",
        "team": "TTP4V3YS1",
        "user_team": "TTP4V3YS1",
        "source_team": "TTP4V3YS1",
        "user_profile": {
            "avatar_hash": "74e069427e2a",
            "image_72": "https:\/\/avatars.slack-edge.com\/2020-05-19\/1127425449142_74e069427e2aaa40f188_72.jpg",
            "first_name": "Anthony",
            "real_name": "Anthony R. Illobre",
            "display_name": "ARI",
            "team": "TTP4V3YS1",
            "name": "anthony",
            "is_restricted": false,
            "is_ultra_restricted": false
        },
        "blocks": [
            {
                "type": "rich_text",
                "block_id": "a0m1",
                "elements": [
                    {
                        "type": "rich_text_section",
                        "elements": [
                            {
                                "type": "text",
                                "text": "The difference in v2\nThe map is rotating.\nI added a second cumulative layer to make the states purple over time (as they accumulate LTD loads)."
                            }
                        ]
                    }
                ]
            }
        ]
    },
    {
        "client_msg_id": "f111ced3-c607-49c6-aedd-38791be52c5c",
        "type": "message",
        "text": "Nice!",
        "user": "UTRAESNUW",
        "ts": "1589908706.025900",
        "team": "TTP4V3YS1",
        "user_team": "TTP4V3YS1",
        "source_team": "TTP4V3YS1",
        "user_profile": {
            "avatar_hash": "g8d095fb8b4a",
            "image_72": "https:\/\/secure.gravatar.com\/avatar\/8d095fb8b4ad808e7f2252ed0c896b65.jpg?s=72&d=https%3A%2F%2Fa.slack-edge.com%2Fdf10d%2Fimg%2Favatars%2Fava_0025-72.png",
            "first_name": "Jeff",
            "real_name": "Jeff",
            "display_name": "",
            "team": "TTP4V3YS1",
            "name": "jeff",
            "is_restricted": false,
            "is_ultra_restricted": false
        },
        "blocks": [
            {
                "type": "rich_text",
                "block_id": "tOx",
                "elements": [
                    {
                        "type": "rich_text_section",
                        "elements": [
                            {
                                "type": "text",
                                "text": "Nice!"
                            }
                        ]
                    }
                ]
            }
        ]
    },
    {
        "client_msg_id": "219d8a6c-b4a9-4919-b476-3a7b641484a6",
        "type": "message",
        "text": "Guillermo needs a fix on the info we sent yesteday",
        "user": "UTRAESNUW",
        "ts": "1589908726.026300",
        "team": "TTP4V3YS1",
        "user_team": "TTP4V3YS1",
        "source_team": "TTP4V3YS1",
        "user_profile": {
            "avatar_hash": "g8d095fb8b4a",
            "image_72": "https:\/\/secure.gravatar.com\/avatar\/8d095fb8b4ad808e7f2252ed0c896b65.jpg?s=72&d=https%3A%2F%2Fa.slack-edge.com%2Fdf10d%2Fimg%2Favatars%2Fava_0025-72.png",
            "first_name": "Jeff",
            "real_name": "Jeff",
            "display_name": "",
            "team": "TTP4V3YS1",
            "name": "jeff",
            "is_restricted": false,
            "is_ultra_restricted": false
        },
        "blocks": [
            {
                "type": "rich_text",
                "block_id": "VEA6f",
                "elements": [
                    {
                        "type": "rich_text_section",
                        "elements": [
                            {
                                "type": "text",
                                "text": "Guillermo needs a fix on the info we sent yesteday"
                            }
                        ]
                    }
                ]
            }
        ]
    },
    {
        "client_msg_id": "77f6f2f5-e797-4a16-8ffe-50621adb2a84",
        "type": "message",
        "text": "Should be a straight pull from QBO",
        "user": "UTRAESNUW",
        "ts": "1589908736.026600",
        "team": "TTP4V3YS1",
        "user_team": "TTP4V3YS1",
        "source_team": "TTP4V3YS1",
        "user_profile": {
            "avatar_hash": "g8d095fb8b4a",
            "image_72": "https:\/\/secure.gravatar.com\/avatar\/8d095fb8b4ad808e7f2252ed0c896b65.jpg?s=72&d=https%3A%2F%2Fa.slack-edge.com%2Fdf10d%2Fimg%2Favatars%2Fava_0025-72.png",
            "first_name": "Jeff",
            "real_name": "Jeff",
            "display_name": "",
            "team": "TTP4V3YS1",
            "name": "jeff",
            "is_restricted": false,
            "is_ultra_restricted": false
        },
        "blocks": [
            {
                "type": "rich_text",
                "block_id": "e6X",
                "elements": [
                    {
                        "type": "rich_text_section",
                        "elements": [
                            {
                                "type": "text",
                                "text": "Should be a straight pull from QBO"
                            }
                        ]
                    }
                ]
            }
        ]
    },
    {
        "client_msg_id": "6f302a2a-af47-47b5-a98d-c0bf2cdb2b13",
        "type": "message",
        "text": "Q1 Budget vs Actual. Q2-Q4 Budget",
        "user": "UTRAESNUW",
        "ts": "1589908751.027000",
        "team": "TTP4V3YS1",
        "user_team": "TTP4V3YS1",
        "source_team": "TTP4V3YS1",
        "user_profile": {
            "avatar_hash": "g8d095fb8b4a",
            "image_72": "https:\/\/secure.gravatar.com\/avatar\/8d095fb8b4ad808e7f2252ed0c896b65.jpg?s=72&d=https%3A%2F%2Fa.slack-edge.com%2Fdf10d%2Fimg%2Favatars%2Fava_0025-72.png",
            "first_name": "Jeff",
            "real_name": "Jeff",
            "display_name": "",
            "team": "TTP4V3YS1",
            "name": "jeff",
            "is_restricted": false,
            "is_ultra_restricted": false
        },
        "blocks": [
            {
                "type": "rich_text",
                "block_id": "To=4H",
                "elements": [
                    {
                        "type": "rich_text_section",
                        "elements": [
                            {
                                "type": "text",
                                "text": "Q1 Budget vs Actual. Q2-Q4 Budget"
                            }
                        ]
                    }
                ]
            }
        ]
    },
    {
        "client_msg_id": "f98e0cdd-c61a-4ad3-ad02-15f114de14fb",
        "type": "message",
        "text": "Summary Level",
        "user": "UTRAESNUW",
        "ts": "1589908827.027800",
        "team": "TTP4V3YS1",
        "user_team": "TTP4V3YS1",
        "source_team": "TTP4V3YS1",
        "user_profile": {
            "avatar_hash": "g8d095fb8b4a",
            "image_72": "https:\/\/secure.gravatar.com\/avatar\/8d095fb8b4ad808e7f2252ed0c896b65.jpg?s=72&d=https%3A%2F%2Fa.slack-edge.com%2Fdf10d%2Fimg%2Favatars%2Fava_0025-72.png",
            "first_name": "Jeff",
            "real_name": "Jeff",
            "display_name": "",
            "team": "TTP4V3YS1",
            "name": "jeff",
            "is_restricted": false,
            "is_ultra_restricted": false
        },
        "blocks": [
            {
                "type": "rich_text",
                "block_id": "upBJ",
                "elements": [
                    {
                        "type": "rich_text_section",
                        "elements": [
                            {
                                "type": "text",
                                "text": "Summary Level"
                            }
                        ]
                    }
                ]
            }
        ]
    },
    {
        "client_msg_id": "9c4ece1c-f417-4b11-8bd0-a5905b242654",
        "type": "message",
        "text": "Do you actually want the original budget for Q2-Q4? Is that the difference?",
        "user": "UTP4932RW",
        "ts": "1589908831.027900",
        "team": "TTP4V3YS1",
        "user_team": "TTP4V3YS1",
        "source_team": "TTP4V3YS1",
        "user_profile": {
            "avatar_hash": "74e069427e2a",
            "image_72": "https:\/\/avatars.slack-edge.com\/2020-05-19\/1127425449142_74e069427e2aaa40f188_72.jpg",
            "first_name": "Anthony",
            "real_name": "Anthony R. Illobre",
            "display_name": "ARI",
            "team": "TTP4V3YS1",
            "name": "anthony",
            "is_restricted": false,
            "is_ultra_restricted": false
        },
        "blocks": [
            {
                "type": "rich_text",
                "block_id": "Os5pC",
                "elements": [
                    {
                        "type": "rich_text_section",
                        "elements": [
                            {
                                "type": "text",
                                "text": "Do you actually want the original budget for Q2-Q4? Is that the difference?"
                            }
                        ]
                    }
                ]
            }
        ]
    },
    {
        "client_msg_id": "bf235fc0-90da-4207-bd08-edb37911fef5",
        "type": "message",
        "text": "Yep, investor wants to see budget (originally approved) not forecast now",
        "user": "UTRAESNUW",
        "ts": "1589908850.028300",
        "team": "TTP4V3YS1",
        "user_team": "TTP4V3YS1",
        "source_team": "TTP4V3YS1",
        "user_profile": {
            "avatar_hash": "g8d095fb8b4a",
            "image_72": "https:\/\/secure.gravatar.com\/avatar\/8d095fb8b4ad808e7f2252ed0c896b65.jpg?s=72&d=https%3A%2F%2Fa.slack-edge.com%2Fdf10d%2Fimg%2Favatars%2Fava_0025-72.png",
            "first_name": "Jeff",
            "real_name": "Jeff",
            "display_name": "",
            "team": "TTP4V3YS1",
            "name": "jeff",
            "is_restricted": false,
            "is_ultra_restricted": false
        },
        "blocks": [
            {
                "type": "rich_text",
                "block_id": "ul=eV",
                "elements": [
                    {
                        "type": "rich_text_section",
                        "elements": [
                            {
                                "type": "text",
                                "text": "Yep, investor wants to see budget (originally approved) not forecast now"
                            }
                        ]
                    }
                ]
            }
        ]
    },
    {
        "client_msg_id": "4059b3bc-1a28-47a8-b3c2-79a8d7770b52",
        "type": "message",
        "text": "ok",
        "user": "UTP4932RW",
        "ts": "1589908858.028500",
        "team": "TTP4V3YS1",
        "user_team": "TTP4V3YS1",
        "source_team": "TTP4V3YS1",
        "user_profile": {
            "avatar_hash": "74e069427e2a",
            "image_72": "https:\/\/avatars.slack-edge.com\/2020-05-19\/1127425449142_74e069427e2aaa40f188_72.jpg",
            "first_name": "Anthony",
            "real_name": "Anthony R. Illobre",
            "display_name": "ARI",
            "team": "TTP4V3YS1",
            "name": "anthony",
            "is_restricted": false,
            "is_ultra_restricted": false
        },
        "blocks": [
            {
                "type": "rich_text",
                "block_id": "R1qY8",
                "elements": [
                    {
                        "type": "rich_text_section",
                        "elements": [
                            {
                                "type": "text",
                                "text": "ok"
                            }
                        ]
                    }
                ]
            }
        ]
    },
    {
        "type": "message",
        "text": "Doesn't GG also want the model with the salary\/staffing changes today? That's ready for your review as well.",
        "files": [
            {
                "id": "F013QUJ3MHC",
                "created": 1589912453,
                "timestamp": 1589912453,
                "name": "SmartHop Financial Model V25 Multi Year.xlsx",
                "title": "SmartHop Financial Model V25 Multi Year.xlsx",
                "mimetype": "application\/vnd.openxmlformats-officedocument.spreadsheetml.sheet",
                "filetype": "xlsx",
                "pretty_type": "Excel Spreadsheet",
                "user": "UTP4932RW",
                "editable": false,
                "size": 461697,
                "mode": "hosted",
                "is_external": false,
                "external_type": "",
                "is_public": true,
                "public_url_shared": false,
                "display_as_bot": false,
                "username": "",
                "url_private": "https:\/\/files.slack.com\/files-pri\/TTP4V3YS1-F013QUJ3MHC\/smarthop_financial_model_v25_multi_year.xlsx?t=xoxe-941165134885-1162655895171-1161068338021-407a1cef78b9833e75f3a32df341ed60",
                "url_private_download": "https:\/\/files.slack.com\/files-pri\/TTP4V3YS1-F013QUJ3MHC\/download\/smarthop_financial_model_v25_multi_year.xlsx?t=xoxe-941165134885-1162655895171-1161068338021-407a1cef78b9833e75f3a32df341ed60",
                "converted_pdf": "https:\/\/files.slack.com\/files-tmb\/TTP4V3YS1-F013QUJ3MHC-d046f2955b\/smarthop_financial_model_v25_multi_year_converted.pdf?t=xoxe-941165134885-1162655895171-1161068338021-407a1cef78b9833e75f3a32df341ed60",
                "thumb_pdf": "https:\/\/files.slack.com\/files-tmb\/TTP4V3YS1-F013QUJ3MHC-d046f2955b\/smarthop_financial_model_v25_multi_year_thumb_pdf.png?t=xoxe-941165134885-1162655895171-1161068338021-407a1cef78b9833e75f3a32df341ed60",
                "thumb_pdf_w": 935,
                "thumb_pdf_h": 1210,
                "permalink": "https:\/\/qwinzy.slack.com\/files\/UTP4932RW\/F013QUJ3MHC\/smarthop_financial_model_v25_multi_year.xlsx",
                "permalink_public": "https:\/\/slack-files.com\/TTP4V3YS1-F013QUJ3MHC-f1d6374b3a",
                "is_starred": false,
                "has_rich_preview": false
            }
        ],
        "upload": true,
        "blocks": [
            {
                "type": "rich_text",
                "block_id": "t3yk",
                "elements": [
                    {
                        "type": "rich_text_section",
                        "elements": [
                            {
                                "type": "text",
                                "text": "Doesn't GG also want the model with the salary\/staffing changes today? That's ready for your review as well."
                            }
                        ]
                    }
                ]
            }
        ],
        "user": "UTP4932RW",
        "display_as_bot": false,
        "ts": "1589912457.029300",
        "client_msg_id": "949b3491-0581-41cf-b667-90ed0c6b6662"
    },
    {
        "type": "message",
        "text": "Removed COO",
        "files": [
            {
                "id": "F013QUKRV0E",
                "created": 1589912499,
                "timestamp": 1589912499,
                "name": "image.png",
                "title": "image.png",
                "mimetype": "image\/png",
                "filetype": "png",
                "pretty_type": "PNG",
                "user": "UTP4932RW",
                "editable": false,
                "size": 13631,
                "mode": "hosted",
                "is_external": false,
                "external_type": "",
                "is_public": true,
                "public_url_shared": false,
                "display_as_bot": false,
                "username": "",
                "url_private": "https:\/\/files.slack.com\/files-pri\/TTP4V3YS1-F013QUKRV0E\/image.png?t=xoxe-941165134885-1162655895171-1161068338021-407a1cef78b9833e75f3a32df341ed60",
                "url_private_download": "https:\/\/files.slack.com\/files-pri\/TTP4V3YS1-F013QUKRV0E\/download\/image.png?t=xoxe-941165134885-1162655895171-1161068338021-407a1cef78b9833e75f3a32df341ed60",
                "thumb_64": "https:\/\/files.slack.com\/files-tmb\/TTP4V3YS1-F013QUKRV0E-f6fce9ed22\/image_64.png?t=xoxe-941165134885-1162655895171-1161068338021-407a1cef78b9833e75f3a32df341ed60",
                "thumb_80": "https:\/\/files.slack.com\/files-tmb\/TTP4V3YS1-F013QUKRV0E-f6fce9ed22\/image_80.png?t=xoxe-941165134885-1162655895171-1161068338021-407a1cef78b9833e75f3a32df341ed60",
                "thumb_360": "https:\/\/files.slack.com\/files-tmb\/TTP4V3YS1-F013QUKRV0E-f6fce9ed22\/image_360.png?t=xoxe-941165134885-1162655895171-1161068338021-407a1cef78b9833e75f3a32df341ed60",
                "thumb_360_w": 360,
                "thumb_360_h": 54,
                "thumb_480": "https:\/\/files.slack.com\/files-tmb\/TTP4V3YS1-F013QUKRV0E-f6fce9ed22\/image_480.png?t=xoxe-941165134885-1162655895171-1161068338021-407a1cef78b9833e75f3a32df341ed60",
                "thumb_480_w": 480,
                "thumb_480_h": 73,
                "thumb_160": "https:\/\/files.slack.com\/files-tmb\/TTP4V3YS1-F013QUKRV0E-f6fce9ed22\/image_160.png?t=xoxe-941165134885-1162655895171-1161068338021-407a1cef78b9833e75f3a32df341ed60",
                "thumb_720": "https:\/\/files.slack.com\/files-tmb\/TTP4V3YS1-F013QUKRV0E-f6fce9ed22\/image_720.png?t=xoxe-941165134885-1162655895171-1161068338021-407a1cef78b9833e75f3a32df341ed60",
                "thumb_720_w": 720,
                "thumb_720_h": 109,
                "thumb_800": "https:\/\/files.slack.com\/files-tmb\/TTP4V3YS1-F013QUKRV0E-f6fce9ed22\/image_800.png?t=xoxe-941165134885-1162655895171-1161068338021-407a1cef78b9833e75f3a32df341ed60",
                "thumb_800_w": 800,
                "thumb_800_h": 121,
                "thumb_960": "https:\/\/files.slack.com\/files-tmb\/TTP4V3YS1-F013QUKRV0E-f6fce9ed22\/image_960.png?t=xoxe-941165134885-1162655895171-1161068338021-407a1cef78b9833e75f3a32df341ed60",
                "thumb_960_w": 960,
                "thumb_960_h": 145,
                "original_w": 985,
                "original_h": 149,
                "thumb_tiny": "AwAHADC6Q+eKkG7b05pR0paVgG\/N6d\/Wj5vT9adRTAb83+TR81OopWA\/\/9k=",
                "permalink": "https:\/\/qwinzy.slack.com\/files\/UTP4932RW\/F013QUKRV0E\/image.png",
                "permalink_public": "https:\/\/slack-files.com\/TTP4V3YS1-F013QUKRV0E-ac27cf20fb",
                "is_starred": false,
                "has_rich_preview": false
            }
        ],
        "upload": true,
        "blocks": [
            {
                "type": "rich_text",
                "block_id": "GKIm",
                "elements": [
                    {
                        "type": "rich_text_section",
                        "elements": [
                            {
                                "type": "text",
                                "text": "Removed COO"
                            }
                        ]
                    }
                ]
            }
        ],
        "user": "UTP4932RW",
        "display_as_bot": false,
        "ts": "1589912500.030000",
        "client_msg_id": "289a5eb4-2b49-4c5c-9509-21b8626b4716"
    },
    {
        "client_msg_id": "6883c768-eb07-464e-b3bc-159fcded7a32",
        "type": "message",
        "text": "Awesome. Let's plan to review together either later today or tomorrow.",
        "user": "UTRAESNUW",
        "ts": "1589912517.030500",
        "team": "TTP4V3YS1",
        "user_team": "TTP4V3YS1",
        "source_team": "TTP4V3YS1",
        "user_profile": {
            "avatar_hash": "g8d095fb8b4a",
            "image_72": "https:\/\/secure.gravatar.com\/avatar\/8d095fb8b4ad808e7f2252ed0c896b65.jpg?s=72&d=https%3A%2F%2Fa.slack-edge.com%2Fdf10d%2Fimg%2Favatars%2Fava_0025-72.png",
            "first_name": "Jeff",
            "real_name": "Jeff",
            "display_name": "",
            "team": "TTP4V3YS1",
            "name": "jeff",
            "is_restricted": false,
            "is_ultra_restricted": false
        },
        "blocks": [
            {
                "type": "rich_text",
                "block_id": "cSGG",
                "elements": [
                    {
                        "type": "rich_text_section",
                        "elements": [
                            {
                                "type": "text",
                                "text": "Awesome. Let's plan to review together either later today or tomorrow."
                            }
                        ]
                    }
                ]
            }
        ]
    },
    {
        "client_msg_id": "d998c360-59a8-4273-bfd7-99dd6a75a899",
        "type": "message",
        "text": "For now, good to make sure everything is set up for T.O. whenever brett is ready",
        "user": "UTRAESNUW",
        "ts": "1589912533.030900",
        "team": "TTP4V3YS1",
        "user_team": "TTP4V3YS1",
        "source_team": "TTP4V3YS1",
        "user_profile": {
            "avatar_hash": "g8d095fb8b4a",
            "image_72": "https:\/\/secure.gravatar.com\/avatar\/8d095fb8b4ad808e7f2252ed0c896b65.jpg?s=72&d=https%3A%2F%2Fa.slack-edge.com%2Fdf10d%2Fimg%2Favatars%2Fava_0025-72.png",
            "first_name": "Jeff",
            "real_name": "Jeff",
            "display_name": "",
            "team": "TTP4V3YS1",
            "name": "jeff",
            "is_restricted": false,
            "is_ultra_restricted": false
        },
        "blocks": [
            {
                "type": "rich_text",
                "block_id": "HzdR",
                "elements": [
                    {
                        "type": "rich_text_section",
                        "elements": [
                            {
                                "type": "text",
                                "text": "For now, good to make sure everything is set up for T.O. whenever brett is ready"
                            }
                        ]
                    }
                ]
            }
        ]
    },
    {
        "type": "message",
        "text": "Added the 3 other positions, starting 6\/1, at the specified rate.\nThe subtotals tie to the totals.",
        "files": [
            {
                "id": "F0143S9MUTE",
                "created": 1589912756,
                "timestamp": 1589912756,
                "name": "image.png",
                "title": "image.png",
                "mimetype": "image\/png",
                "filetype": "png",
                "pretty_type": "PNG",
                "user": "UTP4932RW",
                "editable": false,
                "size": 43581,
                "mode": "hosted",
                "is_external": false,
                "external_type": "",
                "is_public": true,
                "public_url_shared": false,
                "display_as_bot": false,
                "username": "",
                "url_private": "https:\/\/files.slack.com\/files-pri\/TTP4V3YS1-F0143S9MUTE\/image.png?t=xoxe-941165134885-1162655895171-1161068338021-407a1cef78b9833e75f3a32df341ed60",
                "url_private_download": "https:\/\/files.slack.com\/files-pri\/TTP4V3YS1-F0143S9MUTE\/download\/image.png?t=xoxe-941165134885-1162655895171-1161068338021-407a1cef78b9833e75f3a32df341ed60",
                "thumb_64": "https:\/\/files.slack.com\/files-tmb\/TTP4V3YS1-F0143S9MUTE-bd28b782cc\/image_64.png?t=xoxe-941165134885-1162655895171-1161068338021-407a1cef78b9833e75f3a32df341ed60",
                "thumb_80": "https:\/\/files.slack.com\/files-tmb\/TTP4V3YS1-F0143S9MUTE-bd28b782cc\/image_80.png?t=xoxe-941165134885-1162655895171-1161068338021-407a1cef78b9833e75f3a32df341ed60",
                "thumb_360": "https:\/\/files.slack.com\/files-tmb\/TTP4V3YS1-F0143S9MUTE-bd28b782cc\/image_360.png?t=xoxe-941165134885-1162655895171-1161068338021-407a1cef78b9833e75f3a32df341ed60",
                "thumb_360_w": 360,
                "thumb_360_h": 225,
                "thumb_480": "https:\/\/files.slack.com\/files-tmb\/TTP4V3YS1-F0143S9MUTE-bd28b782cc\/image_480.png?t=xoxe-941165134885-1162655895171-1161068338021-407a1cef78b9833e75f3a32df341ed60",
                "thumb_480_w": 480,
                "thumb_480_h": 300,
                "thumb_160": "https:\/\/files.slack.com\/files-tmb\/TTP4V3YS1-F0143S9MUTE-bd28b782cc\/image_160.png?t=xoxe-941165134885-1162655895171-1161068338021-407a1cef78b9833e75f3a32df341ed60",
                "thumb_720": "https:\/\/files.slack.com\/files-tmb\/TTP4V3YS1-F0143S9MUTE-bd28b782cc\/image_720.png?t=xoxe-941165134885-1162655895171-1161068338021-407a1cef78b9833e75f3a32df341ed60",
                "thumb_720_w": 720,
                "thumb_720_h": 450,
                "thumb_800": "https:\/\/files.slack.com\/files-tmb\/TTP4V3YS1-F0143S9MUTE-bd28b782cc\/image_800.png?t=xoxe-941165134885-1162655895171-1161068338021-407a1cef78b9833e75f3a32df341ed60",
                "thumb_800_w": 800,
                "thumb_800_h": 499,
                "original_w": 953,
                "original_h": 595,
                "thumb_tiny": "AwAdADC6IIf+eSflTvIi\/wCeSf8AfNLz2\/lTsmp5gGeTER\/q0\/75pPs8f9xf++RUnP8AkUZP+RRzARm3jx9xf++RR5EX9xf++RUmf84oyaOYCPaCepBqTt1NM8vPO4in496eoBkHuaPxNGKMe9GoCEAjqaMDnk0uPejb15NGoH\/\/2Q==",
                "permalink": "https:\/\/qwinzy.slack.com\/files\/UTP4932RW\/F0143S9MUTE\/image.png",
                "permalink_public": "https:\/\/slack-files.com\/TTP4V3YS1-F0143S9MUTE-073e62571a",
                "is_starred": false,
                "has_rich_preview": false
            }
        ],
        "upload": true,
        "blocks": [
            {
                "type": "rich_text",
                "block_id": "\/tV",
                "elements": [
                    {
                        "type": "rich_text_section",
                        "elements": [
                            {
                                "type": "text",
                                "text": "Added the 3 other positions, starting 6\/1, at the specified rate.\nThe subtotals tie to the totals."
                            }
                        ]
                    }
                ]
            }
        ],
        "user": "UTP4932RW",
        "display_as_bot": false,
        "ts": "1589912758.031700",
        "client_msg_id": "1c1aa16a-3b95-4340-89b5-e512eeaec8c2"
    }
]