[
    {
        "client_msg_id": "0f856410-6ae3-4178-bcc2-aeda703b1e24",
        "type": "message",
        "text": "Done model v29. Also includes adjustments from last week's BvA meeting with Larry.",
        "user": "UTP4932RW",
        "ts": "1590676084.037000",
        "team": "TTP4V3YS1",
        "user_team": "TTP4V3YS1",
        "source_team": "TTP4V3YS1",
        "user_profile": {
            "avatar_hash": "74e069427e2a",
            "image_72": "https:\/\/avatars.slack-edge.com\/2020-05-19\/1127425449142_74e069427e2aaa40f188_72.jpg",
            "first_name": "Anthony",
            "real_name": "Anthony R. Illobre",
            "display_name": "ARI",
            "team": "TTP4V3YS1",
            "name": "anthony",
            "is_restricted": false,
            "is_ultra_restricted": false
        },
        "blocks": [
            {
                "type": "rich_text",
                "block_id": "yHx\/t",
                "elements": [
                    {
                        "type": "rich_text_section",
                        "elements": [
                            {
                                "type": "text",
                                "text": "Done model v29. Also includes adjustments from last week's BvA meeting with Larry."
                            }
                        ]
                    }
                ]
            }
        ]
    },
    {
        "client_msg_id": "40a0d435-ad70-4e33-b1bb-de6edd7b04a5",
        "type": "message",
        "text": "Thanks!",
        "user": "UTRAESNUW",
        "ts": "1590676518.037200",
        "team": "TTP4V3YS1",
        "user_team": "TTP4V3YS1",
        "source_team": "TTP4V3YS1",
        "user_profile": {
            "avatar_hash": "g8d095fb8b4a",
            "image_72": "https:\/\/secure.gravatar.com\/avatar\/8d095fb8b4ad808e7f2252ed0c896b65.jpg?s=72&d=https%3A%2F%2Fa.slack-edge.com%2Fdf10d%2Fimg%2Favatars%2Fava_0025-72.png",
            "first_name": "Jeff",
            "real_name": "Jeff",
            "display_name": "",
            "team": "TTP4V3YS1",
            "name": "jeff",
            "is_restricted": false,
            "is_ultra_restricted": false
        },
        "blocks": [
            {
                "type": "rich_text",
                "block_id": "6nX",
                "elements": [
                    {
                        "type": "rich_text_section",
                        "elements": [
                            {
                                "type": "text",
                                "text": "Thanks!"
                            }
                        ]
                    }
                ]
            }
        ]
    },
    {
        "client_msg_id": "2664a443-e523-463f-98f2-f7721d63c7d3",
        "type": "message",
        "text": "Two changes to the Model (my fault on these). Let's change GM\/Biz Dev to just business development for 125k. Then, let's add an executive position for GM for 225k",
        "user": "UTRAESNUW",
        "ts": "1590677098.038100",
        "team": "TTP4V3YS1",
        "user_team": "TTP4V3YS1",
        "source_team": "TTP4V3YS1",
        "user_profile": {
            "avatar_hash": "g8d095fb8b4a",
            "image_72": "https:\/\/secure.gravatar.com\/avatar\/8d095fb8b4ad808e7f2252ed0c896b65.jpg?s=72&d=https%3A%2F%2Fa.slack-edge.com%2Fdf10d%2Fimg%2Favatars%2Fava_0025-72.png",
            "first_name": "Jeff",
            "real_name": "Jeff",
            "display_name": "",
            "team": "TTP4V3YS1",
            "name": "jeff",
            "is_restricted": false,
            "is_ultra_restricted": false
        },
        "blocks": [
            {
                "type": "rich_text",
                "block_id": "SinMb",
                "elements": [
                    {
                        "type": "rich_text_section",
                        "elements": [
                            {
                                "type": "text",
                                "text": "Two changes to the Model (my fault on these). Let's change GM\/Biz Dev to just business development for 125k. Then, let's add an executive position for GM for 225k"
                            }
                        ]
                    }
                ]
            }
        ]
    },
    {
        "client_msg_id": "5aed7f83-48b9-4a54-88f0-554934f0fe6a",
        "type": "message",
        "text": "The GM is in admin but I'll move it up to exec. I'll rename that biz dev position too.",
        "user": "UTP4932RW",
        "ts": "1590677208.039400",
        "team": "TTP4V3YS1",
        "user_team": "TTP4V3YS1",
        "source_team": "TTP4V3YS1",
        "user_profile": {
            "avatar_hash": "74e069427e2a",
            "image_72": "https:\/\/avatars.slack-edge.com\/2020-05-19\/1127425449142_74e069427e2aaa40f188_72.jpg",
            "first_name": "Anthony",
            "real_name": "Anthony R. Illobre",
            "display_name": "ARI",
            "team": "TTP4V3YS1",
            "name": "anthony",
            "is_restricted": false,
            "is_ultra_restricted": false
        },
        "blocks": [
            {
                "type": "rich_text",
                "block_id": "6mG",
                "elements": [
                    {
                        "type": "rich_text_section",
                        "elements": [
                            {
                                "type": "text",
                                "text": "The GM is in admin but I'll move it up to exec. I'll rename that biz dev position too."
                            }
                        ]
                    }
                ]
            }
        ]
    },
    {
        "client_msg_id": "2843716e-6f6b-4cae-bcd0-28181a0ac4ce",
        "type": "message",
        "text": "Oh sorry, my bad. That makes sense. He is also going to be in MIA",
        "user": "UTRAESNUW",
        "ts": "1590677698.039700",
        "team": "TTP4V3YS1",
        "user_team": "TTP4V3YS1",
        "source_team": "TTP4V3YS1",
        "user_profile": {
            "avatar_hash": "g8d095fb8b4a",
            "image_72": "https:\/\/secure.gravatar.com\/avatar\/8d095fb8b4ad808e7f2252ed0c896b65.jpg?s=72&d=https%3A%2F%2Fa.slack-edge.com%2Fdf10d%2Fimg%2Favatars%2Fava_0025-72.png",
            "first_name": "Jeff",
            "real_name": "Jeff",
            "display_name": "",
            "team": "TTP4V3YS1",
            "name": "jeff",
            "is_restricted": false,
            "is_ultra_restricted": false
        },
        "blocks": [
            {
                "type": "rich_text",
                "block_id": "EJo",
                "elements": [
                    {
                        "type": "rich_text_section",
                        "elements": [
                            {
                                "type": "text",
                                "text": "Oh sorry, my bad. That makes sense. He is also going to be in MIA"
                            }
                        ]
                    }
                ]
            }
        ]
    },
    {
        "client_msg_id": "420799d9-59ec-4849-bd84-787cf607fe35",
        "type": "message",
        "text": "For the Biz dev, his salary is 125k, so can reduce from 200k",
        "user": "UTRAESNUW",
        "ts": "1590677711.040100",
        "team": "TTP4V3YS1",
        "user_team": "TTP4V3YS1",
        "source_team": "TTP4V3YS1",
        "user_profile": {
            "avatar_hash": "g8d095fb8b4a",
            "image_72": "https:\/\/secure.gravatar.com\/avatar\/8d095fb8b4ad808e7f2252ed0c896b65.jpg?s=72&d=https%3A%2F%2Fa.slack-edge.com%2Fdf10d%2Fimg%2Favatars%2Fava_0025-72.png",
            "first_name": "Jeff",
            "real_name": "Jeff",
            "display_name": "",
            "team": "TTP4V3YS1",
            "name": "jeff",
            "is_restricted": false,
            "is_ultra_restricted": false
        },
        "blocks": [
            {
                "type": "rich_text",
                "block_id": "dQF",
                "elements": [
                    {
                        "type": "rich_text_section",
                        "elements": [
                            {
                                "type": "text",
                                "text": "For the Biz dev, his salary is 125k, so can reduce from 200k"
                            }
                        ]
                    }
                ]
            }
        ]
    },
    {
        "client_msg_id": "a186c5e4-4c34-4c48-ad59-a7fad1620b40",
        "type": "message",
        "text": "One more add and then we are done- add an extra 4k\/month to the MIA office rent",
        "user": "UTRAESNUW",
        "ts": "1590679154.040500",
        "team": "TTP4V3YS1",
        "user_team": "TTP4V3YS1",
        "source_team": "TTP4V3YS1",
        "user_profile": {
            "avatar_hash": "g8d095fb8b4a",
            "image_72": "https:\/\/secure.gravatar.com\/avatar\/8d095fb8b4ad808e7f2252ed0c896b65.jpg?s=72&d=https%3A%2F%2Fa.slack-edge.com%2Fdf10d%2Fimg%2Favatars%2Fava_0025-72.png",
            "first_name": "Jeff",
            "real_name": "Jeff",
            "display_name": "",
            "team": "TTP4V3YS1",
            "name": "jeff",
            "is_restricted": false,
            "is_ultra_restricted": false
        },
        "blocks": [
            {
                "type": "rich_text",
                "block_id": "piWa",
                "elements": [
                    {
                        "type": "rich_text_section",
                        "elements": [
                            {
                                "type": "text",
                                "text": "One more add and then we are done- add an extra 4k\/month to the MIA office rent"
                            }
                        ]
                    }
                ]
            }
        ]
    },
    {
        "client_msg_id": "1464dc97-f775-4947-bebd-59cadb19b929",
        "type": "message",
        "text": "Starting June 1",
        "user": "UTRAESNUW",
        "ts": "1590679160.040700",
        "team": "TTP4V3YS1",
        "user_team": "TTP4V3YS1",
        "source_team": "TTP4V3YS1",
        "user_profile": {
            "avatar_hash": "g8d095fb8b4a",
            "image_72": "https:\/\/secure.gravatar.com\/avatar\/8d095fb8b4ad808e7f2252ed0c896b65.jpg?s=72&d=https%3A%2F%2Fa.slack-edge.com%2Fdf10d%2Fimg%2Favatars%2Fava_0025-72.png",
            "first_name": "Jeff",
            "real_name": "Jeff",
            "display_name": "",
            "team": "TTP4V3YS1",
            "name": "jeff",
            "is_restricted": false,
            "is_ultra_restricted": false
        },
        "blocks": [
            {
                "type": "rich_text",
                "block_id": "pOs",
                "elements": [
                    {
                        "type": "rich_text_section",
                        "elements": [
                            {
                                "type": "text",
                                "text": "Starting June 1"
                            }
                        ]
                    }
                ]
            }
        ]
    },
    {
        "client_msg_id": "0458510d-9bce-4e4d-a61e-5c340884688d",
        "type": "message",
        "text": "All set v30",
        "user": "UTP4932RW",
        "ts": "1590682229.041000",
        "team": "TTP4V3YS1",
        "user_team": "TTP4V3YS1",
        "source_team": "TTP4V3YS1",
        "user_profile": {
            "avatar_hash": "74e069427e2a",
            "image_72": "https:\/\/avatars.slack-edge.com\/2020-05-19\/1127425449142_74e069427e2aaa40f188_72.jpg",
            "first_name": "Anthony",
            "real_name": "Anthony R. Illobre",
            "display_name": "ARI",
            "team": "TTP4V3YS1",
            "name": "anthony",
            "is_restricted": false,
            "is_ultra_restricted": false
        },
        "blocks": [
            {
                "type": "rich_text",
                "block_id": "DYt",
                "elements": [
                    {
                        "type": "rich_text_section",
                        "elements": [
                            {
                                "type": "text",
                                "text": "All set v30"
                            }
                        ]
                    }
                ]
            }
        ]
    },
    {
        "client_msg_id": "c9a49af0-3a17-44a5-9fa3-5dba58c32bb8",
        "type": "message",
        "text": "Thanks!",
        "user": "UTRAESNUW",
        "ts": "1590682544.041200",
        "team": "TTP4V3YS1",
        "user_team": "TTP4V3YS1",
        "source_team": "TTP4V3YS1",
        "user_profile": {
            "avatar_hash": "g8d095fb8b4a",
            "image_72": "https:\/\/secure.gravatar.com\/avatar\/8d095fb8b4ad808e7f2252ed0c896b65.jpg?s=72&d=https%3A%2F%2Fa.slack-edge.com%2Fdf10d%2Fimg%2Favatars%2Fava_0025-72.png",
            "first_name": "Jeff",
            "real_name": "Jeff",
            "display_name": "",
            "team": "TTP4V3YS1",
            "name": "jeff",
            "is_restricted": false,
            "is_ultra_restricted": false
        },
        "blocks": [
            {
                "type": "rich_text",
                "block_id": "\/IO",
                "elements": [
                    {
                        "type": "rich_text_section",
                        "elements": [
                            {
                                "type": "text",
                                "text": "Thanks!"
                            }
                        ]
                    }
                ]
            }
        ]
    }
]