[
    {
        "client_msg_id": "f0a1c433-bbd4-4e4c-9e9d-47dfcaf4fb35",
        "type": "message",
        "text": "Morning <@UTP4932RW>! When you get a chance, can you clean up the SmartHop model folder so we only have the most up to date versions in the main folders (the rest in old)? Just want to make sure I'm using the right model when doing this 409A valuation.",
        "user": "UTRAESNUW",
        "ts": "1583502614.001000",
        "team": "TTP4V3YS1",
        "user_team": "TTP4V3YS1",
        "source_team": "TTP4V3YS1",
        "user_profile": {
            "avatar_hash": "g8d095fb8b4a",
            "image_72": "https:\/\/secure.gravatar.com\/avatar\/8d095fb8b4ad808e7f2252ed0c896b65.jpg?s=72&d=https%3A%2F%2Fa.slack-edge.com%2Fdf10d%2Fimg%2Favatars%2Fava_0025-72.png",
            "first_name": "Jeff",
            "real_name": "Jeff",
            "display_name": "",
            "team": "TTP4V3YS1",
            "name": "jeff",
            "is_restricted": false,
            "is_ultra_restricted": false
        },
        "edited": {
            "user": "UTRAESNUW",
            "ts": "1583502623.000000"
        },
        "blocks": [
            {
                "type": "rich_text",
                "block_id": "Wep",
                "elements": [
                    {
                        "type": "rich_text_section",
                        "elements": [
                            {
                                "type": "text",
                                "text": "Morning "
                            },
                            {
                                "type": "user",
                                "user_id": "UTP4932RW"
                            },
                            {
                                "type": "text",
                                "text": "! When you get a chance, can you clean up the SmartHop model folder so we only have the most up to date versions in the main folders (the rest in old)? Just want to make sure I'm using the right model when doing this 409A valuation."
                            }
                        ]
                    }
                ]
            }
        ]
    },
    {
        "client_msg_id": "e6fab44d-d6c7-4353-92d1-a78e0bb7f9b6",
        "type": "message",
        "text": "Will do",
        "user": "UTP4932RW",
        "ts": "1583504984.001300",
        "team": "TTP4V3YS1",
        "user_team": "TTP4V3YS1",
        "source_team": "TTP4V3YS1",
        "user_profile": {
            "avatar_hash": "74e069427e2a",
            "image_72": "https:\/\/avatars.slack-edge.com\/2020-05-19\/1127425449142_74e069427e2aaa40f188_72.jpg",
            "first_name": "Anthony",
            "real_name": "Anthony R. Illobre",
            "display_name": "ARI",
            "team": "TTP4V3YS1",
            "name": "anthony",
            "is_restricted": false,
            "is_ultra_restricted": false
        },
        "blocks": [
            {
                "type": "rich_text",
                "block_id": "olwY",
                "elements": [
                    {
                        "type": "rich_text_section",
                        "elements": [
                            {
                                "type": "text",
                                "text": "Will do"
                            }
                        ]
                    }
                ]
            }
        ]
    }
]