[
    {
        "client_msg_id": "bfad66f2-9a02-4b3c-82db-74ad98a72d05",
        "type": "message",
        "text": "I put the FY budget summary by month here:\nDropbox\\Qwinzy Dropbox\\Clients\\Onboarded\\SmartHop\\Finance\\Model\\Budget\\SmartHop 2020 Budget Summary.xlsx\n\nIf you're interested I have the BvA file I was working on here:\nDropbox\\Qwinzy Dropbox\\Clients\\Onboarded\\SmartHop\\Finance\\2020\\Smarkhop BvA v1.xlsx",
        "user": "UTP4932RW",
        "ts": "1583959431.001200",
        "team": "TTP4V3YS1",
        "user_team": "TTP4V3YS1",
        "source_team": "TTP4V3YS1",
        "user_profile": {
            "avatar_hash": "74e069427e2a",
            "image_72": "https:\/\/avatars.slack-edge.com\/2020-05-19\/1127425449142_74e069427e2aaa40f188_72.jpg",
            "first_name": "Anthony",
            "real_name": "Anthony R. Illobre",
            "display_name": "ARI",
            "team": "TTP4V3YS1",
            "name": "anthony",
            "is_restricted": false,
            "is_ultra_restricted": false
        },
        "blocks": [
            {
                "type": "rich_text",
                "block_id": "Syd",
                "elements": [
                    {
                        "type": "rich_text_section",
                        "elements": [
                            {
                                "type": "text",
                                "text": "I put the FY budget summary by month here:\nDropbox\\Qwinzy Dropbox\\Clients\\Onboarded\\SmartHop\\Finance\\Model\\Budget\\SmartHop 2020 Budget Summary.xlsx\n\nIf you're interested I have the BvA file I was working on here:\nDropbox\\Qwinzy Dropbox\\Clients\\Onboarded\\SmartHop\\Finance\\2020\\Smarkhop BvA v1.xlsx"
                            }
                        ]
                    }
                ]
            }
        ]
    }
]