[
    {
        "client_msg_id": "1a89dcff-6602-4999-b7d0-66e6f0b2ff53",
        "type": "message",
        "text": "Need to update the GM position salary to 250 and Director of Marketing to 190",
        "user": "UTRAESNUW",
        "ts": "1590502436.033800",
        "team": "TTP4V3YS1",
        "user_team": "TTP4V3YS1",
        "source_team": "TTP4V3YS1",
        "user_profile": {
            "avatar_hash": "g8d095fb8b4a",
            "image_72": "https:\/\/secure.gravatar.com\/avatar\/8d095fb8b4ad808e7f2252ed0c896b65.jpg?s=72&d=https%3A%2F%2Fa.slack-edge.com%2Fdf10d%2Fimg%2Favatars%2Fava_0025-72.png",
            "first_name": "Jeff",
            "real_name": "Jeff",
            "display_name": "",
            "team": "TTP4V3YS1",
            "name": "jeff",
            "is_restricted": false,
            "is_ultra_restricted": false
        },
        "blocks": [
            {
                "type": "rich_text",
                "block_id": "BNR\/\/",
                "elements": [
                    {
                        "type": "rich_text_section",
                        "elements": [
                            {
                                "type": "text",
                                "text": "Need to update the GM position salary to 250 and Director of Marketing to 190"
                            }
                        ]
                    }
                ]
            }
        ]
    },
    {
        "client_msg_id": "a6a2d0a7-70ee-4783-8dc6-af0a2325d1a8",
        "type": "message",
        "text": "Done v27",
        "user": "UTP4932RW",
        "ts": "1590502681.034100",
        "team": "TTP4V3YS1",
        "user_team": "TTP4V3YS1",
        "source_team": "TTP4V3YS1",
        "user_profile": {
            "avatar_hash": "74e069427e2a",
            "image_72": "https:\/\/avatars.slack-edge.com\/2020-05-19\/1127425449142_74e069427e2aaa40f188_72.jpg",
            "first_name": "Anthony",
            "real_name": "Anthony R. Illobre",
            "display_name": "ARI",
            "team": "TTP4V3YS1",
            "name": "anthony",
            "is_restricted": false,
            "is_ultra_restricted": false
        },
        "blocks": [
            {
                "type": "rich_text",
                "block_id": "fzot",
                "elements": [
                    {
                        "type": "rich_text_section",
                        "elements": [
                            {
                                "type": "text",
                                "text": "Done v27"
                            }
                        ]
                    }
                ]
            }
        ]
    },
    {
        "client_msg_id": "6e500c55-8d8b-42d8-97f7-c77759716d99",
        "type": "message",
        "text": "Thanks! After you are good with TO, can we also catch up the model for actuals through April?",
        "user": "UTRAESNUW",
        "ts": "1590502710.034600",
        "team": "TTP4V3YS1",
        "user_team": "TTP4V3YS1",
        "source_team": "TTP4V3YS1",
        "user_profile": {
            "avatar_hash": "g8d095fb8b4a",
            "image_72": "https:\/\/secure.gravatar.com\/avatar\/8d095fb8b4ad808e7f2252ed0c896b65.jpg?s=72&d=https%3A%2F%2Fa.slack-edge.com%2Fdf10d%2Fimg%2Favatars%2Fava_0025-72.png",
            "first_name": "Jeff",
            "real_name": "Jeff",
            "display_name": "",
            "team": "TTP4V3YS1",
            "name": "jeff",
            "is_restricted": false,
            "is_ultra_restricted": false
        },
        "blocks": [
            {
                "type": "rich_text",
                "block_id": "TkW6",
                "elements": [
                    {
                        "type": "rich_text_section",
                        "elements": [
                            {
                                "type": "text",
                                "text": "Thanks! After you are good with TO, can we also catch up the model for actuals through April?"
                            }
                        ]
                    }
                ]
            }
        ],
        "reactions": [
            {
                "name": "+1",
                "users": [
                    "UTP4932RW"
                ],
                "count": 1
            }
        ]
    },
    {
        "client_msg_id": "164dfa72-466b-4453-8237-c913fb1d83d3",
        "type": "message",
        "text": "Done v28",
        "user": "UTP4932RW",
        "ts": "1590517025.035200",
        "team": "TTP4V3YS1",
        "user_team": "TTP4V3YS1",
        "source_team": "TTP4V3YS1",
        "user_profile": {
            "avatar_hash": "74e069427e2a",
            "image_72": "https:\/\/avatars.slack-edge.com\/2020-05-19\/1127425449142_74e069427e2aaa40f188_72.jpg",
            "first_name": "Anthony",
            "real_name": "Anthony R. Illobre",
            "display_name": "ARI",
            "team": "TTP4V3YS1",
            "name": "anthony",
            "is_restricted": false,
            "is_ultra_restricted": false
        },
        "blocks": [
            {
                "type": "rich_text",
                "block_id": "apL",
                "elements": [
                    {
                        "type": "rich_text_section",
                        "elements": [
                            {
                                "type": "text",
                                "text": "Done v28"
                            }
                        ]
                    }
                ]
            }
        ]
    }
]