[
    {
        "client_msg_id": "ba0078bf-abfd-4052-8442-63da1786e9dc",
        "type": "message",
        "text": "Of course I won't exactly know how switching agencies will affect the ad spend, but I did notice the budget ramps up spend throughout the year. Subject to changes in retainer fees, we could just move the spend from the end of the year up sooner and stay on the FY budget of 21.6k in ad spend.",
        "user": "UTP4932RW",
        "ts": "1584716037.005200",
        "team": "TTP4V3YS1",
        "user_team": "TTP4V3YS1",
        "source_team": "TTP4V3YS1",
        "user_profile": {
            "avatar_hash": "74e069427e2a",
            "image_72": "https:\/\/avatars.slack-edge.com\/2020-05-19\/1127425449142_74e069427e2aaa40f188_72.jpg",
            "first_name": "Anthony",
            "real_name": "Anthony R. Illobre",
            "display_name": "ARI",
            "team": "TTP4V3YS1",
            "name": "anthony",
            "is_restricted": false,
            "is_ultra_restricted": false
        },
        "edited": {
            "user": "UTP4932RW",
            "ts": "1584716055.000000"
        },
        "blocks": [
            {
                "type": "rich_text",
                "block_id": "yHT",
                "elements": [
                    {
                        "type": "rich_text_section",
                        "elements": [
                            {
                                "type": "text",
                                "text": "Of course I won't exactly know how switching agencies will affect the ad spend, but I did notice the budget ramps up spend throughout the year. Subject to changes in retainer fees, we could just move the spend from the end of the year up sooner and stay on the FY budget of 21.6k in ad spend."
                            }
                        ]
                    }
                ]
            }
        ]
    },
    {
        "client_msg_id": "808502ee-d0dd-4d59-8cd2-79ecb4062a53",
        "type": "message",
        "text": "Then as a second scenario to execute if SH is seeing returns on their ad spend: we can make an assumption for the full year favorability that is embedded in personnel &amp; move that into ad spend as well. This way we stay on FY budget. In actuality, if the increase in new trucks requires more personnel exp, the revenues would offset them anyway.",
        "user": "UTP4932RW",
        "ts": "1584716549.010800",
        "team": "TTP4V3YS1",
        "user_team": "TTP4V3YS1",
        "source_team": "TTP4V3YS1",
        "user_profile": {
            "avatar_hash": "74e069427e2a",
            "image_72": "https:\/\/avatars.slack-edge.com\/2020-05-19\/1127425449142_74e069427e2aaa40f188_72.jpg",
            "first_name": "Anthony",
            "real_name": "Anthony R. Illobre",
            "display_name": "ARI",
            "team": "TTP4V3YS1",
            "name": "anthony",
            "is_restricted": false,
            "is_ultra_restricted": false
        },
        "blocks": [
            {
                "type": "rich_text",
                "block_id": "0Qsd",
                "elements": [
                    {
                        "type": "rich_text_section",
                        "elements": [
                            {
                                "type": "text",
                                "text": "Then as a second scenario to execute if SH is seeing returns on their ad spend: we can make an assumption for the full year favorability that is embedded in personnel & move that into ad spend as well. This way we stay on FY budget. In actuality, if the increase in new trucks requires more personnel exp, the revenues would offset them anyway."
                            }
                        ]
                    }
                ]
            }
        ]
    },
    {
        "client_msg_id": "F27B2D58-A8F6-4C59-B46C-10AF18FA05F2",
        "type": "message",
        "text": "Good call. However if we pull forward the ad spend we probably won’t go down later since we will try to continue to grow. So we will have a baseline of xxxx dollars starting in April and then that it more from then on. I think the marketing budget is obsolete at this point but we will make up for it by lower personnel or more revenue ",
        "user": "UTRAESNUW",
        "ts": "1584716728.013400",
        "team": "TTP4V3YS1",
        "user_team": "TTP4V3YS1",
        "source_team": "TTP4V3YS1",
        "user_profile": {
            "avatar_hash": "g8d095fb8b4a",
            "image_72": "https:\/\/secure.gravatar.com\/avatar\/8d095fb8b4ad808e7f2252ed0c896b65.jpg?s=72&d=https%3A%2F%2Fa.slack-edge.com%2Fdf10d%2Fimg%2Favatars%2Fava_0025-72.png",
            "first_name": "Jeff",
            "real_name": "Jeff",
            "display_name": "",
            "team": "TTP4V3YS1",
            "name": "jeff",
            "is_restricted": false,
            "is_ultra_restricted": false
        },
        "blocks": [
            {
                "type": "rich_text",
                "block_id": "zzmx",
                "elements": [
                    {
                        "type": "rich_text_section",
                        "elements": [
                            {
                                "type": "text",
                                "text": "Good call. However if we pull forward the ad spend we probably won’t go down later since we will try to continue to grow. So we will have a baseline of xxxx dollars starting in April and then that it more from then on. I think the marketing budget is obsolete at this point but we will make up for it by lower personnel or more revenue "
                            }
                        ]
                    }
                ]
            }
        ]
    },
    {
        "client_msg_id": "2B5951F3-BA7E-4F76-AAE5-1205A60049F2",
        "type": "message",
        "text": "Hopefully",
        "user": "UTRAESNUW",
        "ts": "1584716734.013600",
        "team": "TTP4V3YS1",
        "user_team": "TTP4V3YS1",
        "source_team": "TTP4V3YS1",
        "user_profile": {
            "avatar_hash": "g8d095fb8b4a",
            "image_72": "https:\/\/secure.gravatar.com\/avatar\/8d095fb8b4ad808e7f2252ed0c896b65.jpg?s=72&d=https%3A%2F%2Fa.slack-edge.com%2Fdf10d%2Fimg%2Favatars%2Fava_0025-72.png",
            "first_name": "Jeff",
            "real_name": "Jeff",
            "display_name": "",
            "team": "TTP4V3YS1",
            "name": "jeff",
            "is_restricted": false,
            "is_ultra_restricted": false
        },
        "blocks": [
            {
                "type": "rich_text",
                "block_id": "M3A",
                "elements": [
                    {
                        "type": "rich_text_section",
                        "elements": [
                            {
                                "type": "text",
                                "text": "Hopefully"
                            }
                        ]
                    }
                ]
            }
        ]
    },
    {
        "client_msg_id": "5bc0aec2-d556-4f75-99a7-c846c51a8acb",
        "type": "message",
        "text": "Yeah that's what I was thinking.\nScenario 1 - we say we're pulling the ad spend forward but keeping the total spend &amp; revenues the same. That what SH should do if the ad spend doesn't show returns.\nScenario 2 - (if the ad spend is worth it) we'd move $ from elsewhere (I'm guessing personnel) into ad spend to continue the growth but keep the revenues the same knowing that if SH did need to staff up to handle the increased growth, the actual exp increase would be more than offset by the actual rev increase.",
        "user": "UTP4932RW",
        "ts": "1584717400.022500",
        "team": "TTP4V3YS1",
        "user_team": "TTP4V3YS1",
        "source_team": "TTP4V3YS1",
        "user_profile": {
            "avatar_hash": "74e069427e2a",
            "image_72": "https:\/\/avatars.slack-edge.com\/2020-05-19\/1127425449142_74e069427e2aaa40f188_72.jpg",
            "first_name": "Anthony",
            "real_name": "Anthony R. Illobre",
            "display_name": "ARI",
            "team": "TTP4V3YS1",
            "name": "anthony",
            "is_restricted": false,
            "is_ultra_restricted": false
        },
        "blocks": [
            {
                "type": "rich_text",
                "block_id": "XJluu",
                "elements": [
                    {
                        "type": "rich_text_section",
                        "elements": [
                            {
                                "type": "text",
                                "text": "Yeah that's what I was thinking.\nScenario 1 - we say we're pulling the ad spend forward but keeping the total spend & revenues the same. That what SH should do if the ad spend doesn't show returns.\nScenario 2 - (if the ad spend is worth it) we'd move $ from elsewhere (I'm guessing personnel) into ad spend to continue the growth but keep the revenues the same knowing that if SH did need to staff up to handle the increased growth, the actual exp increase would be more than offset by the actual rev increase."
                            }
                        ]
                    }
                ]
            }
        ]
    },
    {
        "client_msg_id": "BF5F46F4-61AD-43B8-AA57-3078A7A12383",
        "type": "message",
        "text": "I don’t think scenario 1 is a possibility though. If the ad spend doesn’t work we have bigger problems not related to the spend and probably wouldn’t scale back",
        "user": "UTRAESNUW",
        "ts": "1584717677.023800",
        "team": "TTP4V3YS1",
        "user_team": "TTP4V3YS1",
        "source_team": "TTP4V3YS1",
        "user_profile": {
            "avatar_hash": "g8d095fb8b4a",
            "image_72": "https:\/\/secure.gravatar.com\/avatar\/8d095fb8b4ad808e7f2252ed0c896b65.jpg?s=72&d=https%3A%2F%2Fa.slack-edge.com%2Fdf10d%2Fimg%2Favatars%2Fava_0025-72.png",
            "first_name": "Jeff",
            "real_name": "Jeff",
            "display_name": "",
            "team": "TTP4V3YS1",
            "name": "jeff",
            "is_restricted": false,
            "is_ultra_restricted": false
        },
        "blocks": [
            {
                "type": "rich_text",
                "block_id": "w=Em6",
                "elements": [
                    {
                        "type": "rich_text_section",
                        "elements": [
                            {
                                "type": "text",
                                "text": "I don’t think scenario 1 is a possibility though. If the ad spend doesn’t work we have bigger problems not related to the spend and probably wouldn’t scale back"
                            }
                        ]
                    }
                ]
            }
        ]
    },
    {
        "client_msg_id": "0666C863-D7A5-4AA5-8E16-5CE1768C93DD",
        "type": "message",
        "text": "So once we start I don’t think we go back",
        "user": "UTRAESNUW",
        "ts": "1584717686.024100",
        "team": "TTP4V3YS1",
        "user_team": "TTP4V3YS1",
        "source_team": "TTP4V3YS1",
        "user_profile": {
            "avatar_hash": "g8d095fb8b4a",
            "image_72": "https:\/\/secure.gravatar.com\/avatar\/8d095fb8b4ad808e7f2252ed0c896b65.jpg?s=72&d=https%3A%2F%2Fa.slack-edge.com%2Fdf10d%2Fimg%2Favatars%2Fava_0025-72.png",
            "first_name": "Jeff",
            "real_name": "Jeff",
            "display_name": "",
            "team": "TTP4V3YS1",
            "name": "jeff",
            "is_restricted": false,
            "is_ultra_restricted": false
        },
        "blocks": [
            {
                "type": "rich_text",
                "block_id": "kue",
                "elements": [
                    {
                        "type": "rich_text_section",
                        "elements": [
                            {
                                "type": "text",
                                "text": "So once we start I don’t think we go back"
                            }
                        ]
                    }
                ]
            }
        ]
    }
]