[
    {
        "type": "message",
        "text": "Morning. The guys at Smarthop updated the churn rate for the budget in the attached. Can you take a look and make sure everything makes sense and make this the master (final) version?",
        "files": [
            {
                "id": "FUV9ZFKUN",
                "created": 1583233808,
                "timestamp": 1583233808,
                "name": "Copy of SmartHop Financial Model V15.xlsx",
                "title": "Copy of SmartHop Financial Model V15.xlsx",
                "mimetype": "application\/vnd.openxmlformats-officedocument.spreadsheetml.sheet",
                "filetype": "xlsx",
                "pretty_type": "Excel Spreadsheet",
                "user": "UTRAESNUW",
                "editable": false,
                "size": 226419,
                "mode": "hosted",
                "is_external": false,
                "external_type": "",
                "is_public": true,
                "public_url_shared": false,
                "display_as_bot": false,
                "username": "",
                "url_private": "https:\/\/files.slack.com\/files-pri\/TTP4V3YS1-FUV9ZFKUN\/copy_of_smarthop_financial_model_v15.xlsx?t=xoxe-941165134885-1162655895171-1161068338021-407a1cef78b9833e75f3a32df341ed60",
                "url_private_download": "https:\/\/files.slack.com\/files-pri\/TTP4V3YS1-FUV9ZFKUN\/download\/copy_of_smarthop_financial_model_v15.xlsx?t=xoxe-941165134885-1162655895171-1161068338021-407a1cef78b9833e75f3a32df341ed60",
                "converted_pdf": "https:\/\/files.slack.com\/files-tmb\/TTP4V3YS1-FUV9ZFKUN-6bc45edae5\/copy_of_smarthop_financial_model_v15_converted.pdf?t=xoxe-941165134885-1162655895171-1161068338021-407a1cef78b9833e75f3a32df341ed60",
                "thumb_pdf": "https:\/\/files.slack.com\/files-tmb\/TTP4V3YS1-FUV9ZFKUN-6bc45edae5\/copy_of_smarthop_financial_model_v15_thumb_pdf.png?t=xoxe-941165134885-1162655895171-1161068338021-407a1cef78b9833e75f3a32df341ed60",
                "thumb_pdf_w": 935,
                "thumb_pdf_h": 1210,
                "permalink": "https:\/\/qwinzy.slack.com\/files\/UTRAESNUW\/FUV9ZFKUN\/copy_of_smarthop_financial_model_v15.xlsx",
                "permalink_public": "https:\/\/slack-files.com\/TTP4V3YS1-FUV9ZFKUN-22063d8806",
                "is_starred": false,
                "has_rich_preview": false
            }
        ],
        "upload": true,
        "blocks": [
            {
                "type": "rich_text",
                "block_id": "kZnJH",
                "elements": [
                    {
                        "type": "rich_text_section",
                        "elements": [
                            {
                                "type": "text",
                                "text": "Morning. The guys at Smarthop updated the churn rate for the budget in the attached. Can you take a look and make sure everything makes sense and make this the master (final) version?"
                            }
                        ]
                    }
                ]
            }
        ],
        "user": "UTRAESNUW",
        "display_as_bot": false,
        "ts": "1583233813.000100",
        "client_msg_id": "ec6588cf-c41d-4f89-a666-2cedbb1c59fb"
    }
]