[
    {
        "client_msg_id": "d2310de0-e80e-4ff1-8577-520980ec1fbe",
        "type": "message",
        "text": "<@UTP4932RW> Can you take a look at the Media Spend in the SmartHop Model. Joaquin mentioned we may be missing a piece. Here's his feedback:\nJeff, but I don’t see the ad spend in that file… Only the agency retainer",
        "user": "UTRAESNUW",
        "ts": "1582314601.000600",
        "team": "TTP4V3YS1",
        "user_team": "TTP4V3YS1",
        "source_team": "TTP4V3YS1",
        "user_profile": {
            "avatar_hash": "g8d095fb8b4a",
            "image_72": "https:\/\/secure.gravatar.com\/avatar\/8d095fb8b4ad808e7f2252ed0c896b65.jpg?s=72&d=https%3A%2F%2Fa.slack-edge.com%2Fdf10d%2Fimg%2Favatars%2Fava_0025-72.png",
            "first_name": "Jeff",
            "real_name": "Jeff",
            "display_name": "",
            "team": "TTP4V3YS1",
            "name": "jeff",
            "is_restricted": false,
            "is_ultra_restricted": false
        },
        "edited": {
            "user": "UTRAESNUW",
            "ts": "1582315314.000000"
        },
        "blocks": [
            {
                "type": "rich_text",
                "block_id": "bWP",
                "elements": [
                    {
                        "type": "rich_text_section",
                        "elements": [
                            {
                                "type": "user",
                                "user_id": "UTP4932RW"
                            },
                            {
                                "type": "text",
                                "text": " Can you take a look at the Media Spend in the SmartHop Model. Joaquin mentioned we may be missing a piece. Here's his feedback:\nJeff, but I don’t see the ad spend in that file… Only the agency retainer"
                            }
                        ]
                    }
                ]
            }
        ]
    },
    {
        "type": "message",
        "text": "",
        "files": [
            {
                "id": "FUBPX3TCY",
                "created": 1582314616,
                "timestamp": 1582314616,
                "name": "image.png",
                "title": "image.png",
                "mimetype": "image\/png",
                "filetype": "png",
                "pretty_type": "PNG",
                "user": "UTRAESNUW",
                "editable": false,
                "size": 45916,
                "mode": "hosted",
                "is_external": false,
                "external_type": "",
                "is_public": true,
                "public_url_shared": false,
                "display_as_bot": false,
                "username": "",
                "url_private": "https:\/\/files.slack.com\/files-pri\/TTP4V3YS1-FUBPX3TCY\/image.png?t=xoxe-941165134885-1162655895171-1161068338021-407a1cef78b9833e75f3a32df341ed60",
                "url_private_download": "https:\/\/files.slack.com\/files-pri\/TTP4V3YS1-FUBPX3TCY\/download\/image.png?t=xoxe-941165134885-1162655895171-1161068338021-407a1cef78b9833e75f3a32df341ed60",
                "thumb_64": "https:\/\/files.slack.com\/files-tmb\/TTP4V3YS1-FUBPX3TCY-0a973d411c\/image_64.png?t=xoxe-941165134885-1162655895171-1161068338021-407a1cef78b9833e75f3a32df341ed60",
                "thumb_80": "https:\/\/files.slack.com\/files-tmb\/TTP4V3YS1-FUBPX3TCY-0a973d411c\/image_80.png?t=xoxe-941165134885-1162655895171-1161068338021-407a1cef78b9833e75f3a32df341ed60",
                "thumb_360": "https:\/\/files.slack.com\/files-tmb\/TTP4V3YS1-FUBPX3TCY-0a973d411c\/image_360.png?t=xoxe-941165134885-1162655895171-1161068338021-407a1cef78b9833e75f3a32df341ed60",
                "thumb_360_w": 360,
                "thumb_360_h": 37,
                "thumb_480": "https:\/\/files.slack.com\/files-tmb\/TTP4V3YS1-FUBPX3TCY-0a973d411c\/image_480.png?t=xoxe-941165134885-1162655895171-1161068338021-407a1cef78b9833e75f3a32df341ed60",
                "thumb_480_w": 480,
                "thumb_480_h": 49,
                "thumb_160": "https:\/\/files.slack.com\/files-tmb\/TTP4V3YS1-FUBPX3TCY-0a973d411c\/image_160.png?t=xoxe-941165134885-1162655895171-1161068338021-407a1cef78b9833e75f3a32df341ed60",
                "thumb_720": "https:\/\/files.slack.com\/files-tmb\/TTP4V3YS1-FUBPX3TCY-0a973d411c\/image_720.png?t=xoxe-941165134885-1162655895171-1161068338021-407a1cef78b9833e75f3a32df341ed60",
                "thumb_720_w": 720,
                "thumb_720_h": 73,
                "thumb_800": "https:\/\/files.slack.com\/files-tmb\/TTP4V3YS1-FUBPX3TCY-0a973d411c\/image_800.png?t=xoxe-941165134885-1162655895171-1161068338021-407a1cef78b9833e75f3a32df341ed60",
                "thumb_800_w": 800,
                "thumb_800_h": 81,
                "thumb_960": "https:\/\/files.slack.com\/files-tmb\/TTP4V3YS1-FUBPX3TCY-0a973d411c\/image_960.png?t=xoxe-941165134885-1162655895171-1161068338021-407a1cef78b9833e75f3a32df341ed60",
                "thumb_960_w": 960,
                "thumb_960_h": 98,
                "thumb_1024": "https:\/\/files.slack.com\/files-tmb\/TTP4V3YS1-FUBPX3TCY-0a973d411c\/image_1024.png?t=xoxe-941165134885-1162655895171-1161068338021-407a1cef78b9833e75f3a32df341ed60",
                "thumb_1024_w": 1024,
                "thumb_1024_h": 104,
                "image_exif_rotation": 1,
                "original_w": 2300,
                "original_h": 234,
                "thumb_tiny": "AwAEADDTxzSGlpDQwFAx3NFFFABikxS0UAf\/2Q==",
                "permalink": "https:\/\/qwinzy.slack.com\/files\/UTRAESNUW\/FUBPX3TCY\/image.png",
                "permalink_public": "https:\/\/slack-files.com\/TTP4V3YS1-FUBPX3TCY-e5e3fe79e9",
                "is_starred": false,
                "has_rich_preview": false
            }
        ],
        "upload": true,
        "user": "UTRAESNUW",
        "display_as_bot": false,
        "ts": "1582314620.000800",
        "client_msg_id": "2f04f59d-1cd2-42b2-9053-4629844190d2"
    },
    {
        "client_msg_id": "89df21aa-8373-4016-bee7-0ce6914b0ab7",
        "type": "message",
        "text": "I added it back into the 2020-only file and the last full version from yesterday. You had it in the version from 2\/13, but it was removed in the file that was sent to us 2\/17.",
        "user": "UTP4932RW",
        "ts": "1582315928.003400",
        "team": "TTP4V3YS1",
        "user_team": "TTP4V3YS1",
        "source_team": "TTP4V3YS1",
        "user_profile": {
            "avatar_hash": "74e069427e2a",
            "image_72": "https:\/\/avatars.slack-edge.com\/2020-05-19\/1127425449142_74e069427e2aaa40f188_72.jpg",
            "first_name": "Anthony",
            "real_name": "Anthony R. Illobre",
            "display_name": "ARI",
            "team": "TTP4V3YS1",
            "name": "anthony",
            "is_restricted": false,
            "is_ultra_restricted": false
        },
        "blocks": [
            {
                "type": "rich_text",
                "block_id": "Su5x",
                "elements": [
                    {
                        "type": "rich_text_section",
                        "elements": [
                            {
                                "type": "text",
                                "text": "I added it back into the 2020-only file and the last full version from yesterday. You had it in the version from 2\/13, but it was removed in the file that was sent to us 2\/17."
                            }
                        ]
                    }
                ]
            }
        ]
    },
    {
        "client_msg_id": "eebcfd4f-a7bc-4075-9d8b-58e371659e7e",
        "type": "message",
        "text": "Weird ok. So is the file updated now?",
        "user": "UTRAESNUW",
        "ts": "1582316009.003800",
        "team": "TTP4V3YS1",
        "user_team": "TTP4V3YS1",
        "source_team": "TTP4V3YS1",
        "user_profile": {
            "avatar_hash": "g8d095fb8b4a",
            "image_72": "https:\/\/secure.gravatar.com\/avatar\/8d095fb8b4ad808e7f2252ed0c896b65.jpg?s=72&d=https%3A%2F%2Fa.slack-edge.com%2Fdf10d%2Fimg%2Favatars%2Fava_0025-72.png",
            "first_name": "Jeff",
            "real_name": "Jeff",
            "display_name": "",
            "team": "TTP4V3YS1",
            "name": "jeff",
            "is_restricted": false,
            "is_ultra_restricted": false
        },
        "blocks": [
            {
                "type": "rich_text",
                "block_id": "M5Z",
                "elements": [
                    {
                        "type": "rich_text_section",
                        "elements": [
                            {
                                "type": "text",
                                "text": "Weird ok. So is the file updated now?"
                            }
                        ]
                    }
                ]
            }
        ]
    },
    {
        "type": "message",
        "text": "These 2 are updated",
        "files": [
            {
                "id": "FTZ20HEH0",
                "created": 1582316139,
                "timestamp": 1582316139,
                "name": "image.png",
                "title": "image.png",
                "mimetype": "image\/png",
                "filetype": "png",
                "pretty_type": "PNG",
                "user": "UTP4932RW",
                "editable": false,
                "size": 38963,
                "mode": "hosted",
                "is_external": false,
                "external_type": "",
                "is_public": true,
                "public_url_shared": false,
                "display_as_bot": false,
                "username": "",
                "url_private": "https:\/\/files.slack.com\/files-pri\/TTP4V3YS1-FTZ20HEH0\/image.png?t=xoxe-941165134885-1162655895171-1161068338021-407a1cef78b9833e75f3a32df341ed60",
                "url_private_download": "https:\/\/files.slack.com\/files-pri\/TTP4V3YS1-FTZ20HEH0\/download\/image.png?t=xoxe-941165134885-1162655895171-1161068338021-407a1cef78b9833e75f3a32df341ed60",
                "thumb_64": "https:\/\/files.slack.com\/files-tmb\/TTP4V3YS1-FTZ20HEH0-e987461bf1\/image_64.png?t=xoxe-941165134885-1162655895171-1161068338021-407a1cef78b9833e75f3a32df341ed60",
                "thumb_80": "https:\/\/files.slack.com\/files-tmb\/TTP4V3YS1-FTZ20HEH0-e987461bf1\/image_80.png?t=xoxe-941165134885-1162655895171-1161068338021-407a1cef78b9833e75f3a32df341ed60",
                "thumb_360": "https:\/\/files.slack.com\/files-tmb\/TTP4V3YS1-FTZ20HEH0-e987461bf1\/image_360.png?t=xoxe-941165134885-1162655895171-1161068338021-407a1cef78b9833e75f3a32df341ed60",
                "thumb_360_w": 360,
                "thumb_360_h": 77,
                "thumb_480": "https:\/\/files.slack.com\/files-tmb\/TTP4V3YS1-FTZ20HEH0-e987461bf1\/image_480.png?t=xoxe-941165134885-1162655895171-1161068338021-407a1cef78b9833e75f3a32df341ed60",
                "thumb_480_w": 480,
                "thumb_480_h": 103,
                "thumb_160": "https:\/\/files.slack.com\/files-tmb\/TTP4V3YS1-FTZ20HEH0-e987461bf1\/image_160.png?t=xoxe-941165134885-1162655895171-1161068338021-407a1cef78b9833e75f3a32df341ed60",
                "thumb_720": "https:\/\/files.slack.com\/files-tmb\/TTP4V3YS1-FTZ20HEH0-e987461bf1\/image_720.png?t=xoxe-941165134885-1162655895171-1161068338021-407a1cef78b9833e75f3a32df341ed60",
                "thumb_720_w": 720,
                "thumb_720_h": 154,
                "thumb_800": "https:\/\/files.slack.com\/files-tmb\/TTP4V3YS1-FTZ20HEH0-e987461bf1\/image_800.png?t=xoxe-941165134885-1162655895171-1161068338021-407a1cef78b9833e75f3a32df341ed60",
                "thumb_800_w": 800,
                "thumb_800_h": 171,
                "thumb_960": "https:\/\/files.slack.com\/files-tmb\/TTP4V3YS1-FTZ20HEH0-e987461bf1\/image_960.png?t=xoxe-941165134885-1162655895171-1161068338021-407a1cef78b9833e75f3a32df341ed60",
                "thumb_960_w": 960,
                "thumb_960_h": 205,
                "thumb_1024": "https:\/\/files.slack.com\/files-tmb\/TTP4V3YS1-FTZ20HEH0-e987461bf1\/image_1024.png?t=xoxe-941165134885-1162655895171-1161068338021-407a1cef78b9833e75f3a32df341ed60",
                "thumb_1024_w": 1024,
                "thumb_1024_h": 219,
                "image_exif_rotation": 1,
                "original_w": 1277,
                "original_h": 273,
                "thumb_tiny": "AwAKADDSPA6Uzd7fpUlFJ36AIB64o70tFMBBS0UUAf\/Z",
                "permalink": "https:\/\/qwinzy.slack.com\/files\/UTP4932RW\/FTZ20HEH0\/image.png",
                "permalink_public": "https:\/\/slack-files.com\/TTP4V3YS1-FTZ20HEH0-2e3f508dd2",
                "is_starred": false,
                "has_rich_preview": false
            }
        ],
        "upload": true,
        "blocks": [
            {
                "type": "rich_text",
                "block_id": "5Pf8x",
                "elements": [
                    {
                        "type": "rich_text_section",
                        "elements": [
                            {
                                "type": "text",
                                "text": "These 2 are updated"
                            }
                        ]
                    }
                ]
            }
        ],
        "user": "UTP4932RW",
        "display_as_bot": false,
        "ts": "1582316149.003900",
        "client_msg_id": "1c7e5845-3884-45b4-8511-216bd4db3a48"
    },
    {
        "type": "message",
        "text": "",
        "files": [
            {
                "id": "FUE24RZ8E",
                "created": 1582316395,
                "timestamp": 1582316395,
                "name": "SmartHop Financial Model vFinal JB- Summary.xlsx",
                "title": "SmartHop Financial Model vFinal JB- Summary.xlsx",
                "mimetype": "application\/vnd.openxmlformats-officedocument.spreadsheetml.sheet",
                "filetype": "xlsx",
                "pretty_type": "Excel Spreadsheet",
                "user": "UTRAESNUW",
                "editable": false,
                "size": 110697,
                "mode": "hosted",
                "is_external": false,
                "external_type": "",
                "is_public": true,
                "public_url_shared": false,
                "display_as_bot": false,
                "username": "",
                "url_private": "https:\/\/files.slack.com\/files-pri\/TTP4V3YS1-FUE24RZ8E\/smarthop_financial_model_vfinal_jb-_summary.xlsx?t=xoxe-941165134885-1162655895171-1161068338021-407a1cef78b9833e75f3a32df341ed60",
                "url_private_download": "https:\/\/files.slack.com\/files-pri\/TTP4V3YS1-FUE24RZ8E\/download\/smarthop_financial_model_vfinal_jb-_summary.xlsx?t=xoxe-941165134885-1162655895171-1161068338021-407a1cef78b9833e75f3a32df341ed60",
                "converted_pdf": "https:\/\/files.slack.com\/files-tmb\/TTP4V3YS1-FUE24RZ8E-fb45808e73\/smarthop_financial_model_vfinal_jb-_summary_converted.pdf?t=xoxe-941165134885-1162655895171-1161068338021-407a1cef78b9833e75f3a32df341ed60",
                "thumb_pdf": "https:\/\/files.slack.com\/files-tmb\/TTP4V3YS1-FUE24RZ8E-fb45808e73\/smarthop_financial_model_vfinal_jb-_summary_thumb_pdf.png?t=xoxe-941165134885-1162655895171-1161068338021-407a1cef78b9833e75f3a32df341ed60",
                "thumb_pdf_w": 935,
                "thumb_pdf_h": 1210,
                "permalink": "https:\/\/qwinzy.slack.com\/files\/UTRAESNUW\/FUE24RZ8E\/smarthop_financial_model_vfinal_jb-_summary.xlsx",
                "permalink_public": "https:\/\/slack-files.com\/TTP4V3YS1-FUE24RZ8E-2d5769da47",
                "is_starred": false,
                "has_rich_preview": false
            }
        ],
        "upload": true,
        "user": "UTRAESNUW",
        "display_as_bot": false,
        "ts": "1582316399.004200",
        "client_msg_id": "8a00498b-384f-4390-8962-5e2bea8df5a7"
    },
    {
        "client_msg_id": "7956e7eb-fe41-4ecb-98c4-cf37f170b015",
        "type": "message",
        "text": "I added that to the 2020-only version",
        "user": "UTP4932RW",
        "ts": "1582318573.005900",
        "team": "TTP4V3YS1",
        "user_team": "TTP4V3YS1",
        "source_team": "TTP4V3YS1",
        "user_profile": {
            "avatar_hash": "74e069427e2a",
            "image_72": "https:\/\/avatars.slack-edge.com\/2020-05-19\/1127425449142_74e069427e2aaa40f188_72.jpg",
            "first_name": "Anthony",
            "real_name": "Anthony R. Illobre",
            "display_name": "ARI",
            "team": "TTP4V3YS1",
            "name": "anthony",
            "is_restricted": false,
            "is_ultra_restricted": false
        },
        "blocks": [
            {
                "type": "rich_text",
                "block_id": "TI4",
                "elements": [
                    {
                        "type": "rich_text_section",
                        "elements": [
                            {
                                "type": "text",
                                "text": "I added that to the 2020-only version"
                            }
                        ]
                    }
                ]
            }
        ]
    },
    {
        "client_msg_id": "7d69efe6-7b8a-4a5e-9a8a-7b59e533f947",
        "type": "message",
        "text": "Awesome, I'll take a look now",
        "user": "UTRAESNUW",
        "ts": "1582318589.006100",
        "team": "TTP4V3YS1",
        "user_team": "TTP4V3YS1",
        "source_team": "TTP4V3YS1",
        "user_profile": {
            "avatar_hash": "g8d095fb8b4a",
            "image_72": "https:\/\/secure.gravatar.com\/avatar\/8d095fb8b4ad808e7f2252ed0c896b65.jpg?s=72&d=https%3A%2F%2Fa.slack-edge.com%2Fdf10d%2Fimg%2Favatars%2Fava_0025-72.png",
            "first_name": "Jeff",
            "real_name": "Jeff",
            "display_name": "",
            "team": "TTP4V3YS1",
            "name": "jeff",
            "is_restricted": false,
            "is_ultra_restricted": false
        },
        "blocks": [
            {
                "type": "rich_text",
                "block_id": "+90",
                "elements": [
                    {
                        "type": "rich_text_section",
                        "elements": [
                            {
                                "type": "text",
                                "text": "Awesome, I'll take a look now"
                            }
                        ]
                    }
                ]
            }
        ]
    },
    {
        "client_msg_id": "891fda40-e572-4206-a4b3-1face4110fd6",
        "type": "message",
        "text": "Looks like the total Sales &amp; marketing isn't summing everything",
        "user": "UTRAESNUW",
        "ts": "1582318640.007100",
        "team": "TTP4V3YS1",
        "user_team": "TTP4V3YS1",
        "source_team": "TTP4V3YS1",
        "user_profile": {
            "avatar_hash": "g8d095fb8b4a",
            "image_72": "https:\/\/secure.gravatar.com\/avatar\/8d095fb8b4ad808e7f2252ed0c896b65.jpg?s=72&d=https%3A%2F%2Fa.slack-edge.com%2Fdf10d%2Fimg%2Favatars%2Fava_0025-72.png",
            "first_name": "Jeff",
            "real_name": "Jeff",
            "display_name": "",
            "team": "TTP4V3YS1",
            "name": "jeff",
            "is_restricted": false,
            "is_ultra_restricted": false
        },
        "blocks": [
            {
                "type": "rich_text",
                "block_id": "+Kt",
                "elements": [
                    {
                        "type": "rich_text_section",
                        "elements": [
                            {
                                "type": "text",
                                "text": "Looks like the total Sales & marketing isn't summing everything"
                            }
                        ]
                    }
                ]
            }
        ]
    },
    {
        "client_msg_id": "bba392cb-69c1-475d-a2fe-0c8e534a7e0d",
        "type": "message",
        "text": "Not summing the social media total",
        "user": "UTRAESNUW",
        "ts": "1582318646.007300",
        "team": "TTP4V3YS1",
        "user_team": "TTP4V3YS1",
        "source_team": "TTP4V3YS1",
        "user_profile": {
            "avatar_hash": "g8d095fb8b4a",
            "image_72": "https:\/\/secure.gravatar.com\/avatar\/8d095fb8b4ad808e7f2252ed0c896b65.jpg?s=72&d=https%3A%2F%2Fa.slack-edge.com%2Fdf10d%2Fimg%2Favatars%2Fava_0025-72.png",
            "first_name": "Jeff",
            "real_name": "Jeff",
            "display_name": "",
            "team": "TTP4V3YS1",
            "name": "jeff",
            "is_restricted": false,
            "is_ultra_restricted": false
        },
        "blocks": [
            {
                "type": "rich_text",
                "block_id": "5lZ",
                "elements": [
                    {
                        "type": "rich_text_section",
                        "elements": [
                            {
                                "type": "text",
                                "text": "Not summing the social media total"
                            }
                        ]
                    }
                ]
            }
        ]
    },
    {
        "client_msg_id": "d75411aa-4f38-4184-b573-b04a0ff60ec3",
        "type": "message",
        "text": "For the quarters and annual",
        "user": "UTRAESNUW",
        "ts": "1582318654.007500",
        "team": "TTP4V3YS1",
        "user_team": "TTP4V3YS1",
        "source_team": "TTP4V3YS1",
        "user_profile": {
            "avatar_hash": "g8d095fb8b4a",
            "image_72": "https:\/\/secure.gravatar.com\/avatar\/8d095fb8b4ad808e7f2252ed0c896b65.jpg?s=72&d=https%3A%2F%2Fa.slack-edge.com%2Fdf10d%2Fimg%2Favatars%2Fava_0025-72.png",
            "first_name": "Jeff",
            "real_name": "Jeff",
            "display_name": "",
            "team": "TTP4V3YS1",
            "name": "jeff",
            "is_restricted": false,
            "is_ultra_restricted": false
        },
        "blocks": [
            {
                "type": "rich_text",
                "block_id": "X=K4P",
                "elements": [
                    {
                        "type": "rich_text_section",
                        "elements": [
                            {
                                "type": "text",
                                "text": "For the quarters and annual"
                            }
                        ]
                    }
                ]
            }
        ]
    },
    {
        "client_msg_id": "352abdd1-4a02-4027-8dc9-19d16ce00941",
        "type": "message",
        "text": "I can fix",
        "user": "UTRAESNUW",
        "ts": "1582318667.007700",
        "team": "TTP4V3YS1",
        "user_team": "TTP4V3YS1",
        "source_team": "TTP4V3YS1",
        "user_profile": {
            "avatar_hash": "g8d095fb8b4a",
            "image_72": "https:\/\/secure.gravatar.com\/avatar\/8d095fb8b4ad808e7f2252ed0c896b65.jpg?s=72&d=https%3A%2F%2Fa.slack-edge.com%2Fdf10d%2Fimg%2Favatars%2Fava_0025-72.png",
            "first_name": "Jeff",
            "real_name": "Jeff",
            "display_name": "",
            "team": "TTP4V3YS1",
            "name": "jeff",
            "is_restricted": false,
            "is_ultra_restricted": false
        },
        "blocks": [
            {
                "type": "rich_text",
                "block_id": "q2RJ",
                "elements": [
                    {
                        "type": "rich_text_section",
                        "elements": [
                            {
                                "type": "text",
                                "text": "I can fix"
                            }
                        ]
                    }
                ]
            }
        ]
    },
    {
        "client_msg_id": "f1151ffa-904b-4406-a8d5-dd0f0af4b7e6",
        "type": "message",
        "text": "Somethings up with Payroll too",
        "user": "UTRAESNUW",
        "ts": "1582318778.008300",
        "team": "TTP4V3YS1",
        "user_team": "TTP4V3YS1",
        "source_team": "TTP4V3YS1",
        "user_profile": {
            "avatar_hash": "g8d095fb8b4a",
            "image_72": "https:\/\/secure.gravatar.com\/avatar\/8d095fb8b4ad808e7f2252ed0c896b65.jpg?s=72&d=https%3A%2F%2Fa.slack-edge.com%2Fdf10d%2Fimg%2Favatars%2Fava_0025-72.png",
            "first_name": "Jeff",
            "real_name": "Jeff",
            "display_name": "",
            "team": "TTP4V3YS1",
            "name": "jeff",
            "is_restricted": false,
            "is_ultra_restricted": false
        },
        "blocks": [
            {
                "type": "rich_text",
                "block_id": "C26",
                "elements": [
                    {
                        "type": "rich_text_section",
                        "elements": [
                            {
                                "type": "text",
                                "text": "Somethings up with Payroll too"
                            }
                        ]
                    }
                ]
            }
        ]
    },
    {
        "client_msg_id": "56899e01-c54f-4cea-87c4-90e46d7883a5",
        "type": "message",
        "text": "I think we are missing executive maybe?",
        "user": "UTRAESNUW",
        "ts": "1582318879.008800",
        "team": "TTP4V3YS1",
        "user_team": "TTP4V3YS1",
        "source_team": "TTP4V3YS1",
        "user_profile": {
            "avatar_hash": "g8d095fb8b4a",
            "image_72": "https:\/\/secure.gravatar.com\/avatar\/8d095fb8b4ad808e7f2252ed0c896b65.jpg?s=72&d=https%3A%2F%2Fa.slack-edge.com%2Fdf10d%2Fimg%2Favatars%2Fava_0025-72.png",
            "first_name": "Jeff",
            "real_name": "Jeff",
            "display_name": "",
            "team": "TTP4V3YS1",
            "name": "jeff",
            "is_restricted": false,
            "is_ultra_restricted": false
        },
        "blocks": [
            {
                "type": "rich_text",
                "block_id": "M4R+M",
                "elements": [
                    {
                        "type": "rich_text_section",
                        "elements": [
                            {
                                "type": "text",
                                "text": "I think we are missing executive maybe?"
                            }
                        ]
                    }
                ]
            }
        ]
    },
    {
        "client_msg_id": "0b2ff9b7-da95-451e-8c8c-b76f06dbb011",
        "type": "message",
        "text": "Or actually are we missing benefits?",
        "user": "UTRAESNUW",
        "ts": "1582318931.009000",
        "team": "TTP4V3YS1",
        "user_team": "TTP4V3YS1",
        "source_team": "TTP4V3YS1",
        "user_profile": {
            "avatar_hash": "g8d095fb8b4a",
            "image_72": "https:\/\/secure.gravatar.com\/avatar\/8d095fb8b4ad808e7f2252ed0c896b65.jpg?s=72&d=https%3A%2F%2Fa.slack-edge.com%2Fdf10d%2Fimg%2Favatars%2Fava_0025-72.png",
            "first_name": "Jeff",
            "real_name": "Jeff",
            "display_name": "",
            "team": "TTP4V3YS1",
            "name": "jeff",
            "is_restricted": false,
            "is_ultra_restricted": false
        },
        "blocks": [
            {
                "type": "rich_text",
                "block_id": "0PPOU",
                "elements": [
                    {
                        "type": "rich_text_section",
                        "elements": [
                            {
                                "type": "text",
                                "text": "Or actually are we missing benefits?"
                            }
                        ]
                    }
                ]
            }
        ]
    }
]