[
    {
        "client_msg_id": "cd206425-04ab-4d23-b0dc-6d5eea4c5f2f",
        "type": "message",
        "text": "<@UTP4932RW> We also need to bring in the formulas for staffing ratios to the model.",
        "user": "UTRAESNUW",
        "ts": "1588177912.016400",
        "team": "TTP4V3YS1",
        "user_team": "TTP4V3YS1",
        "source_team": "TTP4V3YS1",
        "user_profile": {
            "avatar_hash": "g8d095fb8b4a",
            "image_72": "https:\/\/secure.gravatar.com\/avatar\/8d095fb8b4ad808e7f2252ed0c896b65.jpg?s=72&d=https%3A%2F%2Fa.slack-edge.com%2Fdf10d%2Fimg%2Favatars%2Fava_0025-72.png",
            "first_name": "Jeff",
            "real_name": "Jeff",
            "display_name": "",
            "team": "TTP4V3YS1",
            "name": "jeff",
            "is_restricted": false,
            "is_ultra_restricted": false
        },
        "blocks": [
            {
                "type": "rich_text",
                "block_id": "2Pv=",
                "elements": [
                    {
                        "type": "rich_text_section",
                        "elements": [
                            {
                                "type": "user",
                                "user_id": "UTP4932RW"
                            },
                            {
                                "type": "text",
                                "text": " We also need to bring in the formulas for staffing ratios to the model."
                            }
                        ]
                    }
                ]
            }
        ]
    },
    {
        "client_msg_id": "4521168f-c351-4e4e-93e5-df82c96d94b3",
        "type": "message",
        "text": "I replaced the hard coded headcounts with truck\/head ratios. The rations improve at 5% mom starting from Dec'20 budget.\nIt looks like at some point I probably dragged the formulas from Dec'20 to the right, because I know that I already did this before I said the multi-year budget was ready the first time.",
        "user": "UTP4932RW",
        "ts": "1588189467.020800",
        "team": "TTP4V3YS1",
        "user_team": "TTP4V3YS1",
        "source_team": "TTP4V3YS1",
        "user_profile": {
            "avatar_hash": "74e069427e2a",
            "image_72": "https:\/\/avatars.slack-edge.com\/2020-05-19\/1127425449142_74e069427e2aaa40f188_72.jpg",
            "first_name": "Anthony",
            "real_name": "Anthony R. Illobre",
            "display_name": "ARI",
            "team": "TTP4V3YS1",
            "name": "anthony",
            "is_restricted": false,
            "is_ultra_restricted": false
        },
        "blocks": [
            {
                "type": "rich_text",
                "block_id": "uwT",
                "elements": [
                    {
                        "type": "rich_text_section",
                        "elements": [
                            {
                                "type": "text",
                                "text": "I replaced the hard coded headcounts with truck\/head ratios. The rations improve at 5% mom starting from Dec'20 budget.\nIt looks like at some point I probably dragged the formulas from Dec'20 to the right, because I know that I already did this before I said the multi-year budget was ready the first time."
                            }
                        ]
                    }
                ]
            }
        ]
    },
    {
        "client_msg_id": "a506cf92-9992-44cc-8389-e1b56e43b49e",
        "type": "message",
        "text": "Either that or those saves never synced to Dropbox.",
        "user": "UTP4932RW",
        "ts": "1588189548.021600",
        "team": "TTP4V3YS1",
        "user_team": "TTP4V3YS1",
        "source_team": "TTP4V3YS1",
        "user_profile": {
            "avatar_hash": "74e069427e2a",
            "image_72": "https:\/\/avatars.slack-edge.com\/2020-05-19\/1127425449142_74e069427e2aaa40f188_72.jpg",
            "first_name": "Anthony",
            "real_name": "Anthony R. Illobre",
            "display_name": "ARI",
            "team": "TTP4V3YS1",
            "name": "anthony",
            "is_restricted": false,
            "is_ultra_restricted": false
        },
        "blocks": [
            {
                "type": "rich_text",
                "block_id": "7jL",
                "elements": [
                    {
                        "type": "rich_text_section",
                        "elements": [
                            {
                                "type": "text",
                                "text": "Either that or those saves never synced to Dropbox."
                            }
                        ]
                    }
                ]
            }
        ]
    },
    {
        "client_msg_id": "8ae9435f-9d92-4fa2-b923-061b90cda883",
        "type": "message",
        "text": "OK great. Whats the breakeven date?",
        "user": "UTRAESNUW",
        "ts": "1588190166.021800",
        "team": "TTP4V3YS1",
        "user_team": "TTP4V3YS1",
        "source_team": "TTP4V3YS1",
        "user_profile": {
            "avatar_hash": "g8d095fb8b4a",
            "image_72": "https:\/\/secure.gravatar.com\/avatar\/8d095fb8b4ad808e7f2252ed0c896b65.jpg?s=72&d=https%3A%2F%2Fa.slack-edge.com%2Fdf10d%2Fimg%2Favatars%2Fava_0025-72.png",
            "first_name": "Jeff",
            "real_name": "Jeff",
            "display_name": "",
            "team": "TTP4V3YS1",
            "name": "jeff",
            "is_restricted": false,
            "is_ultra_restricted": false
        },
        "blocks": [
            {
                "type": "rich_text",
                "block_id": "Cd=e",
                "elements": [
                    {
                        "type": "rich_text_section",
                        "elements": [
                            {
                                "type": "text",
                                "text": "OK great. Whats the breakeven date?"
                            }
                        ]
                    }
                ]
            }
        ]
    },
    {
        "client_msg_id": "de17a372-9f98-4d87-8e0e-d11f511f03c7",
        "type": "message",
        "text": "Dec21",
        "user": "UTP4932RW",
        "ts": "1588190509.022000",
        "team": "TTP4V3YS1",
        "user_team": "TTP4V3YS1",
        "source_team": "TTP4V3YS1",
        "user_profile": {
            "avatar_hash": "74e069427e2a",
            "image_72": "https:\/\/avatars.slack-edge.com\/2020-05-19\/1127425449142_74e069427e2aaa40f188_72.jpg",
            "first_name": "Anthony",
            "real_name": "Anthony R. Illobre",
            "display_name": "ARI",
            "team": "TTP4V3YS1",
            "name": "anthony",
            "is_restricted": false,
            "is_ultra_restricted": false
        },
        "blocks": [
            {
                "type": "rich_text",
                "block_id": "gWpVU",
                "elements": [
                    {
                        "type": "rich_text_section",
                        "elements": [
                            {
                                "type": "text",
                                "text": "Dec21"
                            }
                        ]
                    }
                ]
            }
        ]
    },
    {
        "client_msg_id": "b9c2e20c-787a-4fed-9b9e-83cfc3562199",
        "type": "message",
        "text": "Ok, not bad. How many trucks is that",
        "user": "UTRAESNUW",
        "ts": "1588190522.022200",
        "team": "TTP4V3YS1",
        "user_team": "TTP4V3YS1",
        "source_team": "TTP4V3YS1",
        "user_profile": {
            "avatar_hash": "g8d095fb8b4a",
            "image_72": "https:\/\/secure.gravatar.com\/avatar\/8d095fb8b4ad808e7f2252ed0c896b65.jpg?s=72&d=https%3A%2F%2Fa.slack-edge.com%2Fdf10d%2Fimg%2Favatars%2Fava_0025-72.png",
            "first_name": "Jeff",
            "real_name": "Jeff",
            "display_name": "",
            "team": "TTP4V3YS1",
            "name": "jeff",
            "is_restricted": false,
            "is_ultra_restricted": false
        },
        "blocks": [
            {
                "type": "rich_text",
                "block_id": "FyI3L",
                "elements": [
                    {
                        "type": "rich_text_section",
                        "elements": [
                            {
                                "type": "text",
                                "text": "Ok, not bad. How many trucks is that"
                            }
                        ]
                    }
                ]
            }
        ]
    },
    {
        "client_msg_id": "650cff50-9f1e-46ca-82dc-0c70a7cec8be",
        "type": "message",
        "text": "Wait that's not the BE date. That's the out-of-cash date.",
        "user": "UTP4932RW",
        "ts": "1588190586.022900",
        "team": "TTP4V3YS1",
        "user_team": "TTP4V3YS1",
        "source_team": "TTP4V3YS1",
        "user_profile": {
            "avatar_hash": "74e069427e2a",
            "image_72": "https:\/\/avatars.slack-edge.com\/2020-05-19\/1127425449142_74e069427e2aaa40f188_72.jpg",
            "first_name": "Anthony",
            "real_name": "Anthony R. Illobre",
            "display_name": "ARI",
            "team": "TTP4V3YS1",
            "name": "anthony",
            "is_restricted": false,
            "is_ultra_restricted": false
        },
        "blocks": [
            {
                "type": "rich_text",
                "block_id": "v+3m",
                "elements": [
                    {
                        "type": "rich_text_section",
                        "elements": [
                            {
                                "type": "text",
                                "text": "Wait that's not the BE date. That's the out-of-cash date."
                            }
                        ]
                    }
                ]
            }
        ]
    },
    {
        "client_msg_id": "a562bc9e-7c88-4902-b647-68ea66df847c",
        "type": "message",
        "text": "V11 had Jun'21 &amp; V18 originally had Apr'21 as the out-of-cash date.\nIt's a little better now because I was a little more aggressive with the MoM improvement in that staff productivity ratio.",
        "user": "UTP4932RW",
        "ts": "1588190762.025600",
        "team": "TTP4V3YS1",
        "user_team": "TTP4V3YS1",
        "source_team": "TTP4V3YS1",
        "user_profile": {
            "avatar_hash": "74e069427e2a",
            "image_72": "https:\/\/avatars.slack-edge.com\/2020-05-19\/1127425449142_74e069427e2aaa40f188_72.jpg",
            "first_name": "Anthony",
            "real_name": "Anthony R. Illobre",
            "display_name": "ARI",
            "team": "TTP4V3YS1",
            "name": "anthony",
            "is_restricted": false,
            "is_ultra_restricted": false
        },
        "edited": {
            "user": "UTP4932RW",
            "ts": "1588190855.000000"
        },
        "blocks": [
            {
                "type": "rich_text",
                "block_id": "YCo4I",
                "elements": [
                    {
                        "type": "rich_text_section",
                        "elements": [
                            {
                                "type": "text",
                                "text": "V11 had Jun'21 & V18 originally had Apr'21 as the out-of-cash date.\nIt's a little better now because I was a little more aggressive with the MoM improvement in that staff productivity ratio."
                            }
                        ]
                    }
                ]
            }
        ]
    },
    {
        "client_msg_id": "154b0293-22b1-4ef6-b4c4-3f7b29e655c7",
        "type": "message",
        "text": "OK wow, so now we show we don't need cash until End of 2021?",
        "user": "UTRAESNUW",
        "ts": "1588191011.026000",
        "team": "TTP4V3YS1",
        "user_team": "TTP4V3YS1",
        "source_team": "TTP4V3YS1",
        "user_profile": {
            "avatar_hash": "g8d095fb8b4a",
            "image_72": "https:\/\/secure.gravatar.com\/avatar\/8d095fb8b4ad808e7f2252ed0c896b65.jpg?s=72&d=https%3A%2F%2Fa.slack-edge.com%2Fdf10d%2Fimg%2Favatars%2Fava_0025-72.png",
            "first_name": "Jeff",
            "real_name": "Jeff",
            "display_name": "",
            "team": "TTP4V3YS1",
            "name": "jeff",
            "is_restricted": false,
            "is_ultra_restricted": false
        },
        "edited": {
            "user": "UTRAESNUW",
            "ts": "1588191034.000000"
        },
        "blocks": [
            {
                "type": "rich_text",
                "block_id": "7nL",
                "elements": [
                    {
                        "type": "rich_text_section",
                        "elements": [
                            {
                                "type": "text",
                                "text": "OK wow, so now we show we don't need cash until End of 2021?"
                            }
                        ]
                    }
                ]
            }
        ]
    },
    {
        "client_msg_id": "06cb2933-5f69-4892-a26b-f3fdcbbff8fb",
        "type": "message",
        "text": "it was always 2021, but now it says the end of 2021",
        "user": "UTP4932RW",
        "ts": "1588191040.026500",
        "team": "TTP4V3YS1",
        "user_team": "TTP4V3YS1",
        "source_team": "TTP4V3YS1",
        "user_profile": {
            "avatar_hash": "74e069427e2a",
            "image_72": "https:\/\/avatars.slack-edge.com\/2020-05-19\/1127425449142_74e069427e2aaa40f188_72.jpg",
            "first_name": "Anthony",
            "real_name": "Anthony R. Illobre",
            "display_name": "ARI",
            "team": "TTP4V3YS1",
            "name": "anthony",
            "is_restricted": false,
            "is_ultra_restricted": false
        },
        "edited": {
            "user": "UTP4932RW",
            "ts": "1588191065.000000"
        },
        "blocks": [
            {
                "type": "rich_text",
                "block_id": "TpF3",
                "elements": [
                    {
                        "type": "rich_text_section",
                        "elements": [
                            {
                                "type": "text",
                                "text": "it was always 2021, but now it says the end of 2021"
                            }
                        ]
                    }
                ]
            }
        ]
    },
    {
        "client_msg_id": "4436C8C7-2299-4C7C-B6C5-BA8865812BF1",
        "type": "message",
        "text": "Got it! Thanks!",
        "user": "UTRAESNUW",
        "ts": "1588191151.027000",
        "team": "TTP4V3YS1",
        "user_team": "TTP4V3YS1",
        "source_team": "TTP4V3YS1",
        "user_profile": {
            "avatar_hash": "g8d095fb8b4a",
            "image_72": "https:\/\/secure.gravatar.com\/avatar\/8d095fb8b4ad808e7f2252ed0c896b65.jpg?s=72&d=https%3A%2F%2Fa.slack-edge.com%2Fdf10d%2Fimg%2Favatars%2Fava_0025-72.png",
            "first_name": "Jeff",
            "real_name": "Jeff",
            "display_name": "",
            "team": "TTP4V3YS1",
            "name": "jeff",
            "is_restricted": false,
            "is_ultra_restricted": false
        },
        "blocks": [
            {
                "type": "rich_text",
                "block_id": "7RiQ",
                "elements": [
                    {
                        "type": "rich_text_section",
                        "elements": [
                            {
                                "type": "text",
                                "text": "Got it! Thanks!"
                            }
                        ]
                    }
                ]
            }
        ]
    },
    {
        "client_msg_id": "5F44BBB7-AE56-429C-824F-AFB11AAB95D2",
        "type": "message",
        "text": "I’m trying to catch up with Guillermo to see when he can review assumptions with us",
        "user": "UTRAESNUW",
        "ts": "1588191171.027700",
        "team": "TTP4V3YS1",
        "user_team": "TTP4V3YS1",
        "source_team": "TTP4V3YS1",
        "user_profile": {
            "avatar_hash": "g8d095fb8b4a",
            "image_72": "https:\/\/secure.gravatar.com\/avatar\/8d095fb8b4ad808e7f2252ed0c896b65.jpg?s=72&d=https%3A%2F%2Fa.slack-edge.com%2Fdf10d%2Fimg%2Favatars%2Fava_0025-72.png",
            "first_name": "Jeff",
            "real_name": "Jeff",
            "display_name": "",
            "team": "TTP4V3YS1",
            "name": "jeff",
            "is_restricted": false,
            "is_ultra_restricted": false
        },
        "blocks": [
            {
                "type": "rich_text",
                "block_id": "XSVZ6",
                "elements": [
                    {
                        "type": "rich_text_section",
                        "elements": [
                            {
                                "type": "text",
                                "text": "I’m trying to catch up with Guillermo to see when he can review assumptions with us"
                            }
                        ]
                    }
                ]
            }
        ]
    },
    {
        "client_msg_id": "11B95450-A626-44CB-948E-CCA992A35947",
        "type": "message",
        "text": "Thanks!",
        "user": "UTRAESNUW",
        "ts": "1588191175.027900",
        "team": "TTP4V3YS1",
        "user_team": "TTP4V3YS1",
        "source_team": "TTP4V3YS1",
        "user_profile": {
            "avatar_hash": "g8d095fb8b4a",
            "image_72": "https:\/\/secure.gravatar.com\/avatar\/8d095fb8b4ad808e7f2252ed0c896b65.jpg?s=72&d=https%3A%2F%2Fa.slack-edge.com%2Fdf10d%2Fimg%2Favatars%2Fava_0025-72.png",
            "first_name": "Jeff",
            "real_name": "Jeff",
            "display_name": "",
            "team": "TTP4V3YS1",
            "name": "jeff",
            "is_restricted": false,
            "is_ultra_restricted": false
        },
        "blocks": [
            {
                "type": "rich_text",
                "block_id": "vrIW",
                "elements": [
                    {
                        "type": "rich_text_section",
                        "elements": [
                            {
                                "type": "text",
                                "text": "Thanks!"
                            }
                        ]
                    }
                ]
            }
        ]
    }
]